/*
Navicat MySQL Data Transfer

Source Server         : Works
Source Server Version : 50617
Source Host           : localhost:3306
Source Database       : floreant

Target Server Type    : MYSQL
Target Server Version : 50617
File Encoding         : 65001

Date: 2015-08-31 00:13:23
*/

SET FOREIGN_KEY_CHECKS=0;

-- ----------------------------
-- Table structure for `action_history`
-- ----------------------------
DROP TABLE IF EXISTS `action_history`;
CREATE TABLE `action_history` (
  `ID` int(11) NOT NULL AUTO_INCREMENT,
  `ACTION_TIME` datetime DEFAULT NULL,
  `ACTION_NAME` varchar(255) DEFAULT NULL,
  `DESCRIPTION` varchar(255) DEFAULT NULL,
  `USER_ID` int(11) DEFAULT NULL,
  PRIMARY KEY (`ID`),
  KEY `FK3F3AF36B3E20AD51` (`USER_ID`),
  CONSTRAINT `FK3F3AF36B3E20AD51` FOREIGN KEY (`USER_ID`) REFERENCES `users` (`AUTO_ID`)
) ENGINE=InnoDB AUTO_INCREMENT=107 DEFAULT CHARSET=utf8;

-- ----------------------------
-- Records of action_history
-- ----------------------------
INSERT INTO `action_history` VALUES ('1', '2015-08-19 21:54:08', 'NEW CHECK', 'CHK#: :1', '1');
INSERT INTO `action_history` VALUES ('2', '2015-08-19 21:56:23', 'EDIT CHECK', 'CHK#: :1', '1');
INSERT INTO `action_history` VALUES ('3', '2015-08-19 21:58:24', 'SETTLE CHECK', 'CHK#: :1;Total:3.45', '1');
INSERT INTO `action_history` VALUES ('4', '2015-08-19 23:30:45', 'VOID CHECK', 'CHK#: :1; Total: 3.45', '1');
INSERT INTO `action_history` VALUES ('5', '2015-08-23 21:44:03', 'NEW CHECK', '订单号: :2', '1');
INSERT INTO `action_history` VALUES ('6', '2015-08-24 00:10:45', 'NEW CHECK', '订单号: :3', '1');
INSERT INTO `action_history` VALUES ('7', '2015-08-24 00:11:18', 'NEW CHECK', '订单号: :4', '1');
INSERT INTO `action_history` VALUES ('8', '2015-08-24 00:29:37', 'NEW CHECK', '订单号: :5', '1');
INSERT INTO `action_history` VALUES ('9', '2015-08-24 00:34:00', 'NEW CHECK', '订单号: :6', '1');
INSERT INTO `action_history` VALUES ('10', '2015-08-24 00:44:35', 'EDIT CHECK', '订单号: :7', '1');
INSERT INTO `action_history` VALUES ('11', '2015-08-24 01:22:32', 'EDIT CHECK', '订单号: :6', '1');
INSERT INTO `action_history` VALUES ('12', '2015-08-24 20:30:30', 'EDIT CHECK', '订单号: :5', '1');
INSERT INTO `action_history` VALUES ('13', '2015-08-24 21:06:11', 'EDIT CHECK', '订单号: :5', '1');
INSERT INTO `action_history` VALUES ('14', '2015-08-24 22:07:03', 'EDIT CHECK', '订单号: :5', '1');
INSERT INTO `action_history` VALUES ('15', '2015-08-25 22:52:48', 'NEW CHECK', '订单号: :8', '1');
INSERT INTO `action_history` VALUES ('16', '2015-08-25 23:36:23', 'NEW CHECK', '订单号: :9', '1');
INSERT INTO `action_history` VALUES ('17', '2015-08-25 23:36:30', 'NEW CHECK', '订单号: :10', '1');
INSERT INTO `action_history` VALUES ('18', '2015-08-25 23:37:39', 'NEW CHECK', '订单号: :11', '1');
INSERT INTO `action_history` VALUES ('19', '2015-08-25 23:44:30', 'NEW CHECK', '订单号: :12', '1');
INSERT INTO `action_history` VALUES ('20', '2015-08-25 23:45:03', 'VOID CHECK', '订单号: :2; Total: 9.54', '1');
INSERT INTO `action_history` VALUES ('21', '2015-08-25 23:45:12', 'VOID CHECK', '订单号: :3; Total: 4.00', '1');
INSERT INTO `action_history` VALUES ('22', '2015-08-25 23:45:18', 'VOID CHECK', '订单号: :4; Total: 3.00', '1');
INSERT INTO `action_history` VALUES ('23', '2015-08-25 23:45:22', 'VOID CHECK', '订单号: :5; Total: 25.00', '1');
INSERT INTO `action_history` VALUES ('24', '2015-08-25 23:45:25', 'VOID CHECK', '订单号: :6; Total: 12.00', '1');
INSERT INTO `action_history` VALUES ('25', '2015-08-25 23:45:29', 'VOID CHECK', '订单号: :7; Total: 8.00', '1');
INSERT INTO `action_history` VALUES ('26', '2015-08-25 23:56:06', 'NEW CHECK', '订单号: :13', '1');
INSERT INTO `action_history` VALUES ('27', '2015-08-26 01:01:32', 'VOID CHECK', '订单号: :13; Total: 6.00', '1');
INSERT INTO `action_history` VALUES ('28', '2015-08-26 01:01:57', 'SETTLE CHECK', '订单号: :12;总计金额:8.00', '1');
INSERT INTO `action_history` VALUES ('29', '2015-08-26 01:02:44', 'SETTLE CHECK', '订单号: :11;总计金额:9.00', '1');
INSERT INTO `action_history` VALUES ('30', '2015-08-26 01:14:57', 'SETTLE CHECK', '订单号: :10;总计金额:9.00', '1');
INSERT INTO `action_history` VALUES ('31', '2015-08-26 01:25:00', 'SETTLE CHECK', '订单号: :9;总计金额:8.00', '1');
INSERT INTO `action_history` VALUES ('32', '2015-08-26 01:35:28', 'NEW CHECK', '订单号: :14', '1');
INSERT INTO `action_history` VALUES ('33', '2015-08-26 01:37:14', 'SETTLE CHECK', '订单号: :14;总计金额:54.00', '1');
INSERT INTO `action_history` VALUES ('34', '2015-08-26 01:38:59', 'NEW CHECK', '订单号: :15', '1');
INSERT INTO `action_history` VALUES ('35', '2015-08-26 01:40:30', 'SETTLE CHECK', '订单号: :8;总计金额:6.00', '1');
INSERT INTO `action_history` VALUES ('36', '2015-08-26 01:41:19', 'NEW CHECK', '订单号: :16', '1');
INSERT INTO `action_history` VALUES ('37', '2015-08-26 01:41:22', 'SETTLE CHECK', '订单号: :16;总计金额:9.00', '1');
INSERT INTO `action_history` VALUES ('38', '2015-08-26 01:51:11', 'NEW CHECK', '订单号: :17', '1');
INSERT INTO `action_history` VALUES ('39', '2015-08-26 21:50:05', 'NEW CHECK', '订单号: :18', '1');
INSERT INTO `action_history` VALUES ('40', '2015-08-26 21:50:14', 'SETTLE CHECK', '订单号: :18;总计金额:54.00', '1');
INSERT INTO `action_history` VALUES ('41', '2015-08-26 21:55:51', 'NEW CHECK', '订单号: :19', '1');
INSERT INTO `action_history` VALUES ('42', '2015-08-26 21:55:58', 'SETTLE CHECK', '订单号: :19;总计金额:54.00', '1');
INSERT INTO `action_history` VALUES ('43', '2015-08-26 22:11:18', 'NEW CHECK', '订单号: :20', '1');
INSERT INTO `action_history` VALUES ('44', '2015-08-26 22:11:51', 'NEW CHECK', '订单号: :21', '1');
INSERT INTO `action_history` VALUES ('45', '2015-08-26 22:13:02', 'SETTLE CHECK', '订单号: :21;总计金额:9.00', '1');
INSERT INTO `action_history` VALUES ('46', '2015-08-26 22:16:19', 'NEW CHECK', '订单号: :22', '1');
INSERT INTO `action_history` VALUES ('47', '2015-08-26 22:16:39', 'SETTLE CHECK', '订单号: :22;总计金额:13.00', '1');
INSERT INTO `action_history` VALUES ('48', '2015-08-26 22:24:18', 'NEW CHECK', '订单号: :23', '1');
INSERT INTO `action_history` VALUES ('49', '2015-08-26 22:52:24', 'NEW CHECK', '订单号: :24', '1');
INSERT INTO `action_history` VALUES ('50', '2015-08-26 22:53:12', 'SETTLE CHECK', '订单号: :24;总计金额:11.00', '1');
INSERT INTO `action_history` VALUES ('51', '2015-08-26 23:13:00', 'SETTLE CHECK', '订单号: :23;总计金额:54.00', '1');
INSERT INTO `action_history` VALUES ('52', '2015-08-26 23:17:11', 'SETTLE CHECK', '订单号: :20;总计金额:54.00', '1');
INSERT INTO `action_history` VALUES ('53', '2015-08-26 23:18:12', 'NEW CHECK', '订单号: :25', '1');
INSERT INTO `action_history` VALUES ('54', '2015-08-26 23:18:17', 'SETTLE CHECK', '订单号: :25;总计金额:54.00', '1');
INSERT INTO `action_history` VALUES ('55', '2015-08-26 23:20:47', 'NEW CHECK', '订单号: :26', '1');
INSERT INTO `action_history` VALUES ('56', '2015-08-26 23:20:54', 'SETTLE CHECK', '订单号: :26;总计金额:54.00', '1');
INSERT INTO `action_history` VALUES ('57', '2015-08-26 23:23:13', 'NEW CHECK', '订单号: :27', '1');
INSERT INTO `action_history` VALUES ('58', '2015-08-26 23:23:19', 'SETTLE CHECK', '订单号: :27;总计金额:54.00', '1');
INSERT INTO `action_history` VALUES ('59', '2015-08-26 23:25:08', 'NEW CHECK', '订单号: :28', '1');
INSERT INTO `action_history` VALUES ('60', '2015-08-26 23:27:32', 'SETTLE CHECK', '订单号: :28;总计金额:54.00', '1');
INSERT INTO `action_history` VALUES ('61', '2015-08-26 23:31:01', 'NEW CHECK', '订单号: :29', '1');
INSERT INTO `action_history` VALUES ('62', '2015-08-26 23:34:00', 'SETTLE CHECK', '订单号: :29;总计金额:54.00', '1');
INSERT INTO `action_history` VALUES ('63', '2015-08-26 23:39:25', 'NEW CHECK', '订单号: :30', '1');
INSERT INTO `action_history` VALUES ('64', '2015-08-26 23:40:30', 'SETTLE CHECK', '订单号: :30;总计金额:54.00', '1');
INSERT INTO `action_history` VALUES ('65', '2015-08-26 23:43:14', 'NEW CHECK', '订单号: :31', '1');
INSERT INTO `action_history` VALUES ('66', '2015-08-26 23:43:20', 'SETTLE CHECK', '订单号: :31;总计金额:54.00', '1');
INSERT INTO `action_history` VALUES ('67', '2015-08-26 23:46:37', 'NEW CHECK', '订单号: :32', '1');
INSERT INTO `action_history` VALUES ('68', '2015-08-26 23:46:41', 'SETTLE CHECK', '订单号: :32;总计金额:54.00', '1');
INSERT INTO `action_history` VALUES ('69', '2015-08-26 23:55:50', 'NEW CHECK', '订单号: :33', '1');
INSERT INTO `action_history` VALUES ('70', '2015-08-27 00:02:09', 'NEW CHECK', '订单号: :34', '2');
INSERT INTO `action_history` VALUES ('71', '2015-08-27 00:28:26', 'NEW CHECK', '订单号: :35', '2');
INSERT INTO `action_history` VALUES ('72', '2015-08-27 00:28:33', 'SETTLE CHECK', '订单号: :35;总计金额:86.00', '2');
INSERT INTO `action_history` VALUES ('73', '2015-08-29 11:11:45', 'NEW CHECK', '订单号: :36', '1');
INSERT INTO `action_history` VALUES ('74', '2015-08-29 11:15:00', 'SETTLE CHECK', '订单号: :34;总计金额:54.00', '1');
INSERT INTO `action_history` VALUES ('75', '2015-08-29 13:52:37', 'PAY OUT', 'TOTAL:0.00', '1');
INSERT INTO `action_history` VALUES ('76', '2015-08-29 13:52:43', 'PAY OUT', 'TOTAL:1.00', '1');
INSERT INTO `action_history` VALUES ('77', '2015-08-29 14:50:48', 'NEW CHECK', '订单号: :37', '1');
INSERT INTO `action_history` VALUES ('78', '2015-08-29 14:50:52', 'SETTLE CHECK', '订单号: :37;总计金额:54.00', '1');
INSERT INTO `action_history` VALUES ('79', '2015-08-29 14:55:46', 'NEW CHECK', '订单号: :38', '1');
INSERT INTO `action_history` VALUES ('80', '2015-08-29 14:55:50', 'SETTLE CHECK', '订单号: :38;总计金额:54.00', '1');
INSERT INTO `action_history` VALUES ('81', '2015-08-29 14:59:38', 'NEW CHECK', '订单号: :39', '1');
INSERT INTO `action_history` VALUES ('82', '2015-08-29 14:59:42', 'SETTLE CHECK', '订单号: :39;总计金额:108.00', '1');
INSERT INTO `action_history` VALUES ('83', '2015-08-29 15:00:52', 'NEW CHECK', '订单号: :40', '1');
INSERT INTO `action_history` VALUES ('84', '2015-08-29 15:00:54', 'SETTLE CHECK', '订单号: :40;总计金额:108.00', '1');
INSERT INTO `action_history` VALUES ('85', '2015-08-29 15:05:46', 'PAY OUT', 'TOTAL:8.00', '1');
INSERT INTO `action_history` VALUES ('86', '2015-08-29 15:21:02', 'EDIT CHECK', '订单号: :36', '1');
INSERT INTO `action_history` VALUES ('87', '2015-08-30 00:06:43', 'NEW CHECK', '订单号: :41', '1');
INSERT INTO `action_history` VALUES ('88', '2015-08-30 00:07:30', 'NEW CHECK', '订单号: :42', '1');
INSERT INTO `action_history` VALUES ('89', '2015-08-30 00:07:37', 'SETTLE CHECK', '订单号: :42;总计金额:4.00', '1');
INSERT INTO `action_history` VALUES ('90', '2015-08-30 00:08:37', 'NEW CHECK', '订单号: :43', '1');
INSERT INTO `action_history` VALUES ('91', '2015-08-30 00:10:00', 'NEW CHECK', '订单号: :44', '1');
INSERT INTO `action_history` VALUES ('92', '2015-08-30 00:20:04', 'NEW CHECK', '订单号: :45', '1');
INSERT INTO `action_history` VALUES ('93', '2015-08-30 00:20:10', 'VOID CHECK', '订单号: :34; Total: 54.00', '1');
INSERT INTO `action_history` VALUES ('94', '2015-08-30 10:55:31', 'VOID CHECK', '订单号: :45; Total: 54.00', '1');
INSERT INTO `action_history` VALUES ('95', '2015-08-30 10:55:33', 'VOID CHECK', '订单号: :44; Total: 6.00', '1');
INSERT INTO `action_history` VALUES ('96', '2015-08-30 10:55:35', 'VOID CHECK', '订单号: :43; Total: 6.00', '1');
INSERT INTO `action_history` VALUES ('97', '2015-08-30 10:55:38', 'VOID CHECK', '订单号: :41; Total: 54.00', '1');
INSERT INTO `action_history` VALUES ('98', '2015-08-30 10:55:40', 'VOID CHECK', '订单号: :36; Total: 7.00', '1');
INSERT INTO `action_history` VALUES ('99', '2015-08-30 10:55:43', 'VOID CHECK', '订单号: :33; Total: 54.00', '1');
INSERT INTO `action_history` VALUES ('100', '2015-08-30 10:55:45', 'VOID CHECK', '订单号: :17; Total: 54.00', '1');
INSERT INTO `action_history` VALUES ('101', '2015-08-30 10:55:47', 'VOID CHECK', '订单号: :15; Total: 54.00', '1');
INSERT INTO `action_history` VALUES ('102', '2015-08-30 11:23:25', 'NEW CHECK', '订单号: :46', '1');
INSERT INTO `action_history` VALUES ('103', '2015-08-30 11:23:36', 'VOID CHECK', '订单号: :46; Total: 54.00', '1');
INSERT INTO `action_history` VALUES ('104', '2015-08-30 11:37:43', 'NEW CHECK', '订单号: :47', '1');
INSERT INTO `action_history` VALUES ('105', '2015-08-30 11:37:55', 'VOID CHECK', '订单号: :47; Total: 54.00', '1');
INSERT INTO `action_history` VALUES ('106', '2015-08-30 11:43:52', 'NEW CHECK', '订单号: :48', '1');

-- ----------------------------
-- Table structure for `attendence_history`
-- ----------------------------
DROP TABLE IF EXISTS `attendence_history`;
CREATE TABLE `attendence_history` (
  `ID` int(11) NOT NULL AUTO_INCREMENT,
  `CLOCK_IN_TIME` datetime DEFAULT NULL,
  `CLOCK_OUT_TIME` datetime DEFAULT NULL,
  `CLOCK_IN_HOUR` smallint(6) DEFAULT NULL,
  `CLOCK_OUT_HOUR` smallint(6) DEFAULT NULL,
  `CLOCKED_OUT` bit(1) DEFAULT NULL,
  `USER_ID` int(11) DEFAULT NULL,
  `SHIFT_ID` int(11) DEFAULT NULL,
  `TERMINAL_ID` int(11) DEFAULT NULL,
  PRIMARY KEY (`ID`),
  KEY `FKDFE829A3E20AD51` (`USER_ID`),
  KEY `FKDFE829A7660A5E3` (`SHIFT_ID`),
  KEY `FKDFE829A2AD2D031` (`TERMINAL_ID`),
  CONSTRAINT `FKDFE829A2AD2D031` FOREIGN KEY (`TERMINAL_ID`) REFERENCES `terminal` (`ID`),
  CONSTRAINT `FKDFE829A3E20AD51` FOREIGN KEY (`USER_ID`) REFERENCES `users` (`AUTO_ID`),
  CONSTRAINT `FKDFE829A7660A5E3` FOREIGN KEY (`SHIFT_ID`) REFERENCES `shift` (`ID`)
) ENGINE=InnoDB AUTO_INCREMENT=18 DEFAULT CHARSET=utf8;

-- ----------------------------
-- Records of attendence_history
-- ----------------------------
INSERT INTO `attendence_history` VALUES ('1', '2015-08-19 21:35:04', '2015-08-23 00:50:13', '9', '0', '', '1', '1', '6516');
INSERT INTO `attendence_history` VALUES ('3', '2015-08-23 00:50:21', '2015-08-23 21:49:20', '0', '9', '', '1', '1', '6516');
INSERT INTO `attendence_history` VALUES ('4', '2015-08-23 21:49:22', '2015-08-24 22:04:40', '9', '10', '', '1', '1', '6516');
INSERT INTO `attendence_history` VALUES ('6', '2015-08-24 22:04:45', '2015-08-25 22:35:01', '10', '10', '', '1', '1', '6516');
INSERT INTO `attendence_history` VALUES ('8', '2015-08-25 22:35:14', '2015-08-26 22:47:39', '10', '10', '', '1', '1', '7161');
INSERT INTO `attendence_history` VALUES ('10', '2015-08-26 22:47:43', '2015-08-29 09:23:05', '10', '9', '', '1', '1', '6516');
INSERT INTO `attendence_history` VALUES ('11', '2015-08-27 00:01:54', null, '0', null, '', '2', '1', '6516');
INSERT INTO `attendence_history` VALUES ('13', '2015-08-29 09:23:08', '2015-08-30 10:55:12', '9', '10', '', '1', '1', '6516');
INSERT INTO `attendence_history` VALUES ('15', '2015-08-30 10:55:20', '2015-08-31 00:00:52', '10', '0', '', '1', '1', '6516');
INSERT INTO `attendence_history` VALUES ('17', '2015-08-31 00:02:16', null, '0', null, '', '1', '1', '6516');

-- ----------------------------
-- Table structure for `cash_drawer_reset_history`
-- ----------------------------
DROP TABLE IF EXISTS `cash_drawer_reset_history`;
CREATE TABLE `cash_drawer_reset_history` (
  `ID` int(11) NOT NULL AUTO_INCREMENT,
  `RESET_TIME` datetime DEFAULT NULL,
  `USER_ID` int(11) DEFAULT NULL,
  PRIMARY KEY (`ID`),
  KEY `drawer_reset_time` (`RESET_TIME`),
  KEY `FK719418223E20AD51` (`USER_ID`),
  CONSTRAINT `FK719418223E20AD51` FOREIGN KEY (`USER_ID`) REFERENCES `users` (`AUTO_ID`)
) ENGINE=InnoDB AUTO_INCREMENT=3 DEFAULT CHARSET=utf8;

-- ----------------------------
-- Records of cash_drawer_reset_history
-- ----------------------------
INSERT INTO `cash_drawer_reset_history` VALUES ('1', '2015-08-29 15:00:41', '1');
INSERT INTO `cash_drawer_reset_history` VALUES ('2', '2015-08-29 15:03:45', '1');

-- ----------------------------
-- Table structure for `cooking_instruction`
-- ----------------------------
DROP TABLE IF EXISTS `cooking_instruction`;
CREATE TABLE `cooking_instruction` (
  `ID` int(11) NOT NULL AUTO_INCREMENT,
  `DESCRIPTION` varchar(60) DEFAULT NULL,
  PRIMARY KEY (`ID`)
) ENGINE=InnoDB DEFAULT CHARSET=utf8;

-- ----------------------------
-- Records of cooking_instruction
-- ----------------------------

-- ----------------------------
-- Table structure for `coupon_and_discount`
-- ----------------------------
DROP TABLE IF EXISTS `coupon_and_discount`;
CREATE TABLE `coupon_and_discount` (
  `ID` int(11) NOT NULL AUTO_INCREMENT,
  `NAME` varchar(30) DEFAULT NULL,
  `TYPE` int(11) DEFAULT NULL,
  `VALUE` double DEFAULT NULL,
  `EXPIRY_DATE` datetime DEFAULT NULL,
  `DISABLED` bit(1) DEFAULT NULL,
  `NEVER_EXPIRE` bit(1) DEFAULT NULL,
  PRIMARY KEY (`ID`)
) ENGINE=InnoDB DEFAULT CHARSET=utf8;

-- ----------------------------
-- Records of coupon_and_discount
-- ----------------------------

-- ----------------------------
-- Table structure for `customer`
-- ----------------------------
DROP TABLE IF EXISTS `customer`;
CREATE TABLE `customer` (
  `AUTO_ID` int(11) NOT NULL AUTO_INCREMENT,
  `MODIFIED_TIME` datetime NOT NULL,
  `LOYALTY_NO` varchar(30) DEFAULT NULL,
  `TELEPHONE_NO` varchar(30) DEFAULT NULL,
  `EMAIL` varchar(40) DEFAULT NULL,
  `NAME` varchar(60) DEFAULT NULL,
  `DOB` date DEFAULT NULL,
  `SSN` varchar(30) DEFAULT NULL,
  `ADDRESS` varchar(120) DEFAULT NULL,
  `CITY` varchar(30) DEFAULT NULL,
  `STATE` varchar(30) DEFAULT NULL,
  `ZIP_CODE` varchar(10) DEFAULT NULL,
  `COUNTRY` varchar(30) DEFAULT NULL,
  `VIP` bit(1) DEFAULT NULL,
  `CREDIT_LIMIT` double DEFAULT NULL,
  `CREDIT_SPENT` double DEFAULT NULL,
  `CREDIT_CARD_NO` varchar(30) DEFAULT NULL,
  `NOTE` varchar(255) DEFAULT NULL,
  PRIMARY KEY (`AUTO_ID`)
) ENGINE=InnoDB AUTO_INCREMENT=4 DEFAULT CHARSET=utf8;

-- ----------------------------
-- Records of customer
-- ----------------------------
INSERT INTO `customer` VALUES ('1', '2015-08-24 00:43:41', '', '18501751020', 'destiny.jiang@gmail.com', '姜瑞翔', '1987-10-20', null, '', '', '', null, '中国', '', '500', null, null, null);
INSERT INTO `customer` VALUES ('2', '2015-08-24 01:18:23', null, '18501751021', '', '', '1900-01-01', null, '', null, null, null, null, null, null, null, null, null);
INSERT INTO `customer` VALUES ('3', '2015-08-24 01:22:26', null, '18501751022', '', '', null, null, '', null, null, null, null, null, null, null, null, null);

-- ----------------------------
-- Table structure for `customer_properties`
-- ----------------------------
DROP TABLE IF EXISTS `customer_properties`;
CREATE TABLE `customer_properties` (
  `id` int(11) NOT NULL,
  `property_value` varchar(255) DEFAULT NULL,
  `property_name` varchar(255) NOT NULL,
  PRIMARY KEY (`id`,`property_name`),
  KEY `FKB7467C347BBCCF0` (`id`),
  CONSTRAINT `FKB7467C347BBCCF0` FOREIGN KEY (`id`) REFERENCES `customer` (`AUTO_ID`)
) ENGINE=InnoDB DEFAULT CHARSET=utf8;

-- ----------------------------
-- Records of customer_properties
-- ----------------------------

-- ----------------------------
-- Table structure for `drawer_pull_report`
-- ----------------------------
DROP TABLE IF EXISTS `drawer_pull_report`;
CREATE TABLE `drawer_pull_report` (
  `ID` int(11) NOT NULL AUTO_INCREMENT,
  `REPORT_TIME` datetime DEFAULT NULL,
  `REG` varchar(15) DEFAULT NULL,
  `TICKET_COUNT` int(11) DEFAULT NULL,
  `BEGIN_CASH` double DEFAULT NULL,
  `NET_SALES` double DEFAULT NULL,
  `SALES_TAX` double DEFAULT NULL,
  `CASH_TAX` double DEFAULT NULL,
  `TOTAL_REVENUE` double DEFAULT NULL,
  `GROSS_RECEIPTS` double DEFAULT NULL,
  `GIFTCERTRETURNCOUNT` int(11) DEFAULT NULL,
  `GIFTCERTRETURNAMOUNT` double DEFAULT NULL,
  `GIFTCERTCHANGEAMOUNT` double DEFAULT NULL,
  `CASH_RECEIPT_NO` int(11) DEFAULT NULL,
  `CASH_RECEIPT_AMOUNT` double DEFAULT NULL,
  `CREDIT_CARD_RECEIPT_NO` int(11) DEFAULT NULL,
  `CREDIT_CARD_RECEIPT_AMOUNT` double DEFAULT NULL,
  `DEBIT_CARD_RECEIPT_NO` int(11) DEFAULT NULL,
  `DEBIT_CARD_RECEIPT_AMOUNT` double DEFAULT NULL,
  `REFUND_RECEIPT_COUNT` int(11) DEFAULT NULL,
  `REFUND_AMOUNT` double DEFAULT NULL,
  `RECEIPT_DIFFERENTIAL` double DEFAULT NULL,
  `CASH_BACK` double DEFAULT NULL,
  `CASH_TIPS` double DEFAULT NULL,
  `CHARGED_TIPS` double DEFAULT NULL,
  `TIPS_PAID` double DEFAULT NULL,
  `TIPS_DIFFERENTIAL` double DEFAULT NULL,
  `PAY_OUT_NO` int(11) DEFAULT NULL,
  `PAY_OUT_AMOUNT` double DEFAULT NULL,
  `DRAWER_BLEED_NO` int(11) DEFAULT NULL,
  `DRAWER_BLEED_AMOUNT` double DEFAULT NULL,
  `DRAWER_ACCOUNTABLE` double DEFAULT NULL,
  `CASH_TO_DEPOSIT` double DEFAULT NULL,
  `VARIANCE` double DEFAULT NULL,
  `totalVoidWst` double DEFAULT NULL,
  `totalVoid` double DEFAULT NULL,
  `totalDiscountCount` int(11) DEFAULT NULL,
  `totalDiscountAmount` double DEFAULT NULL,
  `totalDiscountSales` double DEFAULT NULL,
  `totalDiscountGuest` int(11) DEFAULT NULL,
  `totalDiscountPartySize` int(11) DEFAULT NULL,
  `totalDiscountCheckSize` int(11) DEFAULT NULL,
  `totalDiscountPercentage` double DEFAULT NULL,
  `totalDiscountRatio` double DEFAULT NULL,
  `TERMINAL_ID` int(11) DEFAULT NULL,
  PRIMARY KEY (`ID`),
  KEY `drawer_report_time` (`REPORT_TIME`),
  KEY `FKAEC362202AD2D031` (`TERMINAL_ID`),
  CONSTRAINT `FKAEC362202AD2D031` FOREIGN KEY (`TERMINAL_ID`) REFERENCES `terminal` (`ID`)
) ENGINE=InnoDB AUTO_INCREMENT=3 DEFAULT CHARSET=utf8;

-- ----------------------------
-- Records of drawer_pull_report
-- ----------------------------
INSERT INTO `drawer_pull_report` VALUES ('1', '2015-08-29 15:00:37', null, '23', '500', '870', '0', '0', '870', '870', '0', '0', '0', '27', '1140', '0', '0', '0', '0', '4', '164', '-106', '0', '0', '0', '0', '0', '2', '1', '0', '0', '1475', '1639', '0', '0', '9.25', '0', '0', '0', '0', '0', '0', '0', '0', '6516');
INSERT INTO `drawer_pull_report` VALUES ('2', '2015-08-29 15:03:26', null, '1', '500', '108', '0', '0', '108', '108', '0', '0', '0', '2', '162', '0', '0', '0', '0', '0', '0', '-54', '0', '0', '0', '0', '0', '0', '0', '0', '0', '662', '608', '0', '0', '0', '0', '0', '0', '0', '0', '0', '0', '0', '6516');

-- ----------------------------
-- Table structure for `drawer_pull_report_voidtickets`
-- ----------------------------
DROP TABLE IF EXISTS `drawer_pull_report_voidtickets`;
CREATE TABLE `drawer_pull_report_voidtickets` (
  `DPREPORT_ID` int(11) NOT NULL,
  `code` int(11) DEFAULT NULL,
  `reason` varchar(255) DEFAULT NULL,
  `hast` varchar(255) DEFAULT NULL,
  `quantity` int(11) DEFAULT NULL,
  `amount` double DEFAULT NULL,
  KEY `FK7BB49F143EF4CD9B` (`DPREPORT_ID`),
  CONSTRAINT `FK7BB49F143EF4CD9B` FOREIGN KEY (`DPREPORT_ID`) REFERENCES `drawer_pull_report` (`ID`)
) ENGINE=InnoDB DEFAULT CHARSET=utf8;

-- ----------------------------
-- Records of drawer_pull_report_voidtickets
-- ----------------------------
INSERT INTO `drawer_pull_report_voidtickets` VALUES ('1', '13', null, 'No', '0', '6');
INSERT INTO `drawer_pull_report_voidtickets` VALUES ('1', '1', null, 'No', '0', '3.25');

-- ----------------------------
-- Table structure for `gen`
-- ----------------------------
DROP TABLE IF EXISTS `gen`;
CREATE TABLE `gen` (
  `GEN_NAME` varchar(20) NOT NULL,
  `NEXT_VALUE` varchar(100) NOT NULL,
  PRIMARY KEY (`GEN_NAME`)
) ENGINE=InnoDB DEFAULT CHARSET=utf8;

-- ----------------------------
-- Records of gen
-- ----------------------------
INSERT INTO `gen` VALUES ('ticketUniqId', '42');

-- ----------------------------
-- Table structure for `gratuity`
-- ----------------------------
DROP TABLE IF EXISTS `gratuity`;
CREATE TABLE `gratuity` (
  `ID` int(11) NOT NULL AUTO_INCREMENT,
  `MODIFIED_TIME` datetime NOT NULL,
  `AMOUNT` double DEFAULT NULL,
  `PAID` bit(1) DEFAULT NULL,
  `TICKET_ID` int(11) DEFAULT NULL,
  `OWNER_ID` int(11) DEFAULT NULL,
  `TERMINAL_ID` int(11) DEFAULT NULL,
  PRIMARY KEY (`ID`),
  KEY `FK34E4E377AA075D69` (`OWNER_ID`),
  KEY `FK34E4E3771DF2D7F1` (`TICKET_ID`),
  KEY `FK34E4E3772AD2D031` (`TERMINAL_ID`),
  CONSTRAINT `FK34E4E3771DF2D7F1` FOREIGN KEY (`TICKET_ID`) REFERENCES `ticket` (`ID`),
  CONSTRAINT `FK34E4E3772AD2D031` FOREIGN KEY (`TERMINAL_ID`) REFERENCES `terminal` (`ID`),
  CONSTRAINT `FK34E4E377AA075D69` FOREIGN KEY (`OWNER_ID`) REFERENCES `users` (`AUTO_ID`)
) ENGINE=InnoDB DEFAULT CHARSET=utf8;

-- ----------------------------
-- Records of gratuity
-- ----------------------------

-- ----------------------------
-- Table structure for `inventory_group`
-- ----------------------------
DROP TABLE IF EXISTS `inventory_group`;
CREATE TABLE `inventory_group` (
  `ID` int(11) NOT NULL AUTO_INCREMENT,
  `MODIFIED_TIME` datetime NOT NULL,
  `NAME` varchar(60) NOT NULL,
  `VISIBLE` bit(1) DEFAULT NULL,
  PRIMARY KEY (`ID`)
) ENGINE=InnoDB DEFAULT CHARSET=utf8;

-- ----------------------------
-- Records of inventory_group
-- ----------------------------

-- ----------------------------
-- Table structure for `inventory_item`
-- ----------------------------
DROP TABLE IF EXISTS `inventory_item`;
CREATE TABLE `inventory_item` (
  `ID` int(11) NOT NULL AUTO_INCREMENT,
  `MODIFIED_TIME` datetime NOT NULL,
  `CREATE_TIME` datetime DEFAULT NULL,
  `LAST_UPDATE_DATE` datetime DEFAULT NULL,
  `NAME` varchar(60) DEFAULT NULL,
  `PACKAGE_BARCODE` varchar(30) DEFAULT NULL,
  `UNIT_BARCODE` varchar(30) DEFAULT NULL,
  `UNIT_PER_PACKAGE` double DEFAULT NULL,
  `SORT_ORDER` int(11) DEFAULT NULL,
  `PACKAGE_REORDER_LEVEL` int(11) DEFAULT NULL,
  `PACKAGE_REPLENISH_LEVEL` int(11) DEFAULT NULL,
  `DESCRIPTION` varchar(255) DEFAULT NULL,
  `AVERAGE_PACKAGE_PRICE` double DEFAULT NULL,
  `TOTAL_PACKAGES` int(11) DEFAULT NULL,
  `TOTAL_RECEPIE_UNITS` double DEFAULT NULL,
  `UNIT_PURCHASE_PRICE` double DEFAULT NULL,
  `UNIT_SELLING_PRICE` double DEFAULT NULL,
  `VISIBLE` bit(1) DEFAULT NULL,
  `PUNIT_ID` int(11) DEFAULT NULL,
  `ITEM_GROUP_ID` int(11) DEFAULT NULL,
  `ITEM_LOCATION_ID` int(11) DEFAULT NULL,
  `ITEM_VENDOR_ID` int(11) DEFAULT NULL,
  PRIMARY KEY (`ID`),
  KEY `FK7DC9683620167B61` (`ITEM_VENDOR_ID`),
  KEY `FK7DC9683662910DD3` (`ITEM_GROUP_ID`),
  KEY `FK7DC968363525E956` (`PUNIT_ID`),
  KEY `FK7DC96836810CBA81` (`ITEM_LOCATION_ID`),
  CONSTRAINT `FK7DC9683620167B61` FOREIGN KEY (`ITEM_VENDOR_ID`) REFERENCES `inventory_vendor` (`ID`),
  CONSTRAINT `FK7DC968363525E956` FOREIGN KEY (`PUNIT_ID`) REFERENCES `packaging_unit` (`ID`),
  CONSTRAINT `FK7DC9683662910DD3` FOREIGN KEY (`ITEM_GROUP_ID`) REFERENCES `inventory_group` (`ID`),
  CONSTRAINT `FK7DC96836810CBA81` FOREIGN KEY (`ITEM_LOCATION_ID`) REFERENCES `inventory_location` (`ID`)
) ENGINE=InnoDB DEFAULT CHARSET=utf8;

-- ----------------------------
-- Records of inventory_item
-- ----------------------------

-- ----------------------------
-- Table structure for `inventory_location`
-- ----------------------------
DROP TABLE IF EXISTS `inventory_location`;
CREATE TABLE `inventory_location` (
  `ID` int(11) NOT NULL AUTO_INCREMENT,
  `MODIFIED_TIME` datetime NOT NULL,
  `NAME` varchar(60) NOT NULL,
  `SORT_ORDER` int(11) DEFAULT NULL,
  `VISIBLE` bit(1) DEFAULT NULL,
  `WAREHOUSE_ID` int(11) DEFAULT NULL,
  PRIMARY KEY (`ID`),
  KEY `FK59073B583E4ECD27` (`WAREHOUSE_ID`),
  CONSTRAINT `FK59073B583E4ECD27` FOREIGN KEY (`WAREHOUSE_ID`) REFERENCES `inventory_warehouse` (`ID`)
) ENGINE=InnoDB DEFAULT CHARSET=utf8;

-- ----------------------------
-- Records of inventory_location
-- ----------------------------

-- ----------------------------
-- Table structure for `inventory_meta_code`
-- ----------------------------
DROP TABLE IF EXISTS `inventory_meta_code`;
CREATE TABLE `inventory_meta_code` (
  `ID` int(11) NOT NULL AUTO_INCREMENT,
  `MODIFIED_TIME` datetime NOT NULL,
  `TYPE` varchar(255) DEFAULT NULL,
  `CODE_TEXT` varchar(255) DEFAULT NULL,
  `CODE_NO` int(11) DEFAULT NULL,
  `DESCRIPTION` varchar(255) DEFAULT NULL,
  PRIMARY KEY (`ID`)
) ENGINE=InnoDB DEFAULT CHARSET=utf8;

-- ----------------------------
-- Records of inventory_meta_code
-- ----------------------------

-- ----------------------------
-- Table structure for `inventory_transaction`
-- ----------------------------
DROP TABLE IF EXISTS `inventory_transaction`;
CREATE TABLE `inventory_transaction` (
  `ID` int(11) NOT NULL AUTO_INCREMENT,
  `MODIFIED_TIME` datetime NOT NULL,
  `TRANSACTION_DATE` datetime DEFAULT NULL,
  `QUANTITY` int(11) DEFAULT NULL,
  `UNIT_PRICE` double DEFAULT NULL,
  `REMARK` varchar(255) DEFAULT NULL,
  `TRANSACTION_TYPE_ID` int(11) DEFAULT NULL,
  `REFERENCE_ID` int(11) DEFAULT NULL,
  `ITEM_ID` int(11) DEFAULT NULL,
  `VENDOR_ID` int(11) DEFAULT NULL,
  `FROM_WAREHOUSE_ID` int(11) DEFAULT NULL,
  `TO_WAREHOUSE_ID` int(11) DEFAULT NULL,
  PRIMARY KEY (`ID`),
  KEY `FKAF48F43B7923639C` (`FROM_WAREHOUSE_ID`),
  KEY `FKAF48F43BEAC1BA4` (`TRANSACTION_TYPE_ID`),
  KEY `FKAF48F43B20358373` (`REFERENCE_ID`),
  KEY `FKAF48F43BB125C26D` (`ITEM_ID`),
  KEY `FKAF48F43B6784C86B` (`TO_WAREHOUSE_ID`),
  KEY `FKAF48F43B5308818D` (`VENDOR_ID`),
  CONSTRAINT `FKAF48F43B20358373` FOREIGN KEY (`REFERENCE_ID`) REFERENCES `purchase_order` (`ID`),
  CONSTRAINT `FKAF48F43B5308818D` FOREIGN KEY (`VENDOR_ID`) REFERENCES `inventory_vendor` (`ID`),
  CONSTRAINT `FKAF48F43B6784C86B` FOREIGN KEY (`TO_WAREHOUSE_ID`) REFERENCES `inventory_warehouse` (`ID`),
  CONSTRAINT `FKAF48F43B7923639C` FOREIGN KEY (`FROM_WAREHOUSE_ID`) REFERENCES `inventory_warehouse` (`ID`),
  CONSTRAINT `FKAF48F43BB125C26D` FOREIGN KEY (`ITEM_ID`) REFERENCES `inventory_item` (`ID`),
  CONSTRAINT `FKAF48F43BEAC1BA4` FOREIGN KEY (`TRANSACTION_TYPE_ID`) REFERENCES `inventory_transaction_type` (`ID`)
) ENGINE=InnoDB DEFAULT CHARSET=utf8;

-- ----------------------------
-- Records of inventory_transaction
-- ----------------------------

-- ----------------------------
-- Table structure for `inventory_transaction_type`
-- ----------------------------
DROP TABLE IF EXISTS `inventory_transaction_type`;
CREATE TABLE `inventory_transaction_type` (
  `ID` int(11) NOT NULL AUTO_INCREMENT,
  `MODIFIED_TIME` datetime NOT NULL,
  `NAME` varchar(16) DEFAULT NULL,
  `IN_OR_OUT` int(11) DEFAULT NULL,
  PRIMARY KEY (`ID`)
) ENGINE=InnoDB DEFAULT CHARSET=utf8;

-- ----------------------------
-- Records of inventory_transaction_type
-- ----------------------------

-- ----------------------------
-- Table structure for `inventory_unit`
-- ----------------------------
DROP TABLE IF EXISTS `inventory_unit`;
CREATE TABLE `inventory_unit` (
  `ID` int(11) NOT NULL AUTO_INCREMENT,
  `MODIFIED_TIME` datetime NOT NULL,
  `SHORT_NAME` varchar(255) DEFAULT NULL,
  `LONG_NAME` varchar(255) DEFAULT NULL,
  `ALT_NAME` varchar(255) DEFAULT NULL,
  `CONV_FACTOR1` varchar(255) DEFAULT NULL,
  `CONV_FACTOR2` varchar(255) DEFAULT NULL,
  `CONV_FACTOR3` varchar(255) DEFAULT NULL,
  PRIMARY KEY (`ID`)
) ENGINE=InnoDB DEFAULT CHARSET=utf8;

-- ----------------------------
-- Records of inventory_unit
-- ----------------------------

-- ----------------------------
-- Table structure for `inventory_vendor`
-- ----------------------------
DROP TABLE IF EXISTS `inventory_vendor`;
CREATE TABLE `inventory_vendor` (
  `ID` int(11) NOT NULL AUTO_INCREMENT,
  `MODIFIED_TIME` datetime NOT NULL,
  `NAME` varchar(60) NOT NULL,
  `VISIBLE` bit(1) DEFAULT NULL,
  PRIMARY KEY (`ID`)
) ENGINE=InnoDB DEFAULT CHARSET=utf8;

-- ----------------------------
-- Records of inventory_vendor
-- ----------------------------

-- ----------------------------
-- Table structure for `inventory_warehouse`
-- ----------------------------
DROP TABLE IF EXISTS `inventory_warehouse`;
CREATE TABLE `inventory_warehouse` (
  `ID` int(11) NOT NULL AUTO_INCREMENT,
  `MODIFIED_TIME` datetime NOT NULL,
  `NAME` varchar(60) NOT NULL,
  `VISIBLE` bit(1) DEFAULT NULL,
  PRIMARY KEY (`ID`)
) ENGINE=InnoDB DEFAULT CHARSET=utf8;

-- ----------------------------
-- Records of inventory_warehouse
-- ----------------------------

-- ----------------------------
-- Table structure for `kitchen_ticket`
-- ----------------------------
DROP TABLE IF EXISTS `kitchen_ticket`;
CREATE TABLE `kitchen_ticket` (
  `ID` int(11) NOT NULL AUTO_INCREMENT,
  `MODIFIED_TIME` datetime NOT NULL,
  `TICKET_ID` int(11) DEFAULT NULL,
  `CREATE_DATE` datetime DEFAULT NULL,
  `CLOSE_DATE` datetime DEFAULT NULL,
  `VOIDED` bit(1) DEFAULT NULL,
  `TABLE_NUMBERS` varchar(120) DEFAULT NULL,
  `STATUS` varchar(30) DEFAULT NULL,
  `SERVER_NAME` varchar(30) DEFAULT NULL,
  `VPRINTER` int(11) DEFAULT NULL,
  PRIMARY KEY (`ID`),
  KEY `ticketvoided` (`VOIDED`),
  KEY `FK341CBC279583F02A` (`VPRINTER`),
  CONSTRAINT `FK341CBC279583F02A` FOREIGN KEY (`VPRINTER`) REFERENCES `virtual_printer` (`ID`)
) ENGINE=InnoDB AUTO_INCREMENT=16 DEFAULT CHARSET=utf8;

-- ----------------------------
-- Records of kitchen_ticket
-- ----------------------------
INSERT INTO `kitchen_ticket` VALUES ('1', '2015-08-24 00:10:46', '3', '2015-08-24 00:10:46', null, '', '', 'WAITING', 'Administrator', '1');
INSERT INTO `kitchen_ticket` VALUES ('2', '2015-08-24 00:11:18', '4', '2015-08-24 00:11:18', null, '', '', 'WAITING', 'Administrator', '1');
INSERT INTO `kitchen_ticket` VALUES ('3', '2015-08-26 01:37:14', '14', '2015-08-26 01:37:14', null, '', '', 'WAITING', '瑞翔', '1');
INSERT INTO `kitchen_ticket` VALUES ('4', '2015-08-26 21:50:14', '18', '2015-08-26 21:50:14', null, '', '', 'WAITING', '瑞翔', '1');
INSERT INTO `kitchen_ticket` VALUES ('5', '2015-08-26 21:55:58', '19', '2015-08-26 21:55:58', null, '', '', 'WAITING', '瑞翔', '1');
INSERT INTO `kitchen_ticket` VALUES ('6', '2015-08-26 22:52:23', '0', '2015-08-26 22:52:23', null, '', '', 'WAITING', '瑞翔', '1');
INSERT INTO `kitchen_ticket` VALUES ('7', '2015-08-26 23:13:00', '23', '2015-08-26 23:13:00', null, '', '', 'WAITING', '瑞翔', '1');
INSERT INTO `kitchen_ticket` VALUES ('8', '2015-08-26 23:17:11', '20', '2015-08-26 23:17:11', null, '', '', 'WAITING', '瑞翔', '1');
INSERT INTO `kitchen_ticket` VALUES ('9', '2015-08-26 23:18:17', '25', '2015-08-26 23:18:17', null, '', '', 'WAITING', '瑞翔', '1');
INSERT INTO `kitchen_ticket` VALUES ('10', '2015-08-26 23:20:54', '26', '2015-08-26 23:20:54', null, '', '', 'WAITING', '瑞翔', '1');
INSERT INTO `kitchen_ticket` VALUES ('11', '2015-08-26 23:23:19', '27', '2015-08-26 23:23:19', null, '', '', 'WAITING', '瑞翔', '1');
INSERT INTO `kitchen_ticket` VALUES ('12', '2015-08-26 23:27:32', '28', '2015-08-26 23:27:32', null, '', '', 'WAITING', '瑞翔', '1');
INSERT INTO `kitchen_ticket` VALUES ('13', '2015-08-26 23:34:00', '29', '2015-08-26 23:34:00', null, '', '', 'WAITING', '瑞翔', '1');
INSERT INTO `kitchen_ticket` VALUES ('14', '2015-08-26 23:40:30', '30', '2015-08-26 23:40:30', null, '', '', 'WAITING', '瑞翔', '1');
INSERT INTO `kitchen_ticket` VALUES ('15', '2015-08-26 23:43:20', '31', '2015-08-26 23:43:20', null, '', '', 'WAITING', '瑞翔', '1');

-- ----------------------------
-- Table structure for `kitchen_ticket_item`
-- ----------------------------
DROP TABLE IF EXISTS `kitchen_ticket_item`;
CREATE TABLE `kitchen_ticket_item` (
  `ID` int(11) NOT NULL AUTO_INCREMENT,
  `MODIFIED_TIME` datetime NOT NULL,
  `MENU_ITEM_CODE` varchar(255) DEFAULT NULL,
  `MENU_ITEM_NAME` varchar(30) DEFAULT NULL,
  `QUANTITY` int(11) DEFAULT NULL,
  `VOIDED` bit(1) DEFAULT NULL,
  `STATUS` varchar(30) DEFAULT NULL,
  `KITHEN_TICKET_ID` int(11) DEFAULT NULL,
  `ITEM_ORDER` int(11) DEFAULT NULL,
  PRIMARY KEY (`ID`),
  KEY `FK1462F02BCB07FAA3` (`KITHEN_TICKET_ID`),
  CONSTRAINT `FK1462F02BCB07FAA3` FOREIGN KEY (`KITHEN_TICKET_ID`) REFERENCES `kitchen_ticket` (`ID`)
) ENGINE=InnoDB DEFAULT CHARSET=utf8;

-- ----------------------------
-- Records of kitchen_ticket_item
-- ----------------------------

-- ----------------------------
-- Table structure for `menuitem_modifiergroup`
-- ----------------------------
DROP TABLE IF EXISTS `menuitem_modifiergroup`;
CREATE TABLE `menuitem_modifiergroup` (
  `ID` int(11) NOT NULL AUTO_INCREMENT,
  `MODIFIED_TIME` datetime NOT NULL,
  `MIN_QUANTITY` int(11) DEFAULT NULL,
  `MAX_QUANTITY` int(11) DEFAULT NULL,
  `MODIFIER_GROUP` int(11) DEFAULT NULL,
  `MENUITEM_MODIFIERGROUP_ID` int(11) DEFAULT NULL,
  `GR_ORDER` int(11) DEFAULT NULL,
  PRIMARY KEY (`ID`),
  KEY `FK312B355B40FDA3C9` (`MODIFIER_GROUP`),
  KEY `FK312B355B6E7B8B68` (`MENUITEM_MODIFIERGROUP_ID`),
  CONSTRAINT `FK312B355B40FDA3C9` FOREIGN KEY (`MODIFIER_GROUP`) REFERENCES `menu_modifier_group` (`ID`),
  CONSTRAINT `FK312B355B6E7B8B68` FOREIGN KEY (`MENUITEM_MODIFIERGROUP_ID`) REFERENCES `menu_item` (`ID`)
) ENGINE=InnoDB AUTO_INCREMENT=19 DEFAULT CHARSET=utf8;

-- ----------------------------
-- Records of menuitem_modifiergroup
-- ----------------------------
INSERT INTO `menuitem_modifiergroup` VALUES ('1', '2015-08-19 21:10:19', '1', '1', '6', null, null);
INSERT INTO `menuitem_modifiergroup` VALUES ('2', '2015-08-19 21:10:19', '1', '2', '2', null, null);
INSERT INTO `menuitem_modifiergroup` VALUES ('3', '2015-08-19 21:10:19', '1', '2', '6', null, null);
INSERT INTO `menuitem_modifiergroup` VALUES ('4', '2015-08-19 21:10:19', '1', '0', '3', null, null);
INSERT INTO `menuitem_modifiergroup` VALUES ('5', '2015-08-19 21:10:19', '0', '1', '4', null, null);
INSERT INTO `menuitem_modifiergroup` VALUES ('6', '2015-08-19 21:10:19', '0', '1', '1', null, null);
INSERT INTO `menuitem_modifiergroup` VALUES ('7', '2015-08-19 21:10:19', '0', '2', '2', null, null);
INSERT INTO `menuitem_modifiergroup` VALUES ('8', '2015-08-19 21:10:19', '2', '2', '6', null, null);
INSERT INTO `menuitem_modifiergroup` VALUES ('9', '2015-08-19 21:10:19', '0', '1', '5', null, null);
INSERT INTO `menuitem_modifiergroup` VALUES ('10', '2015-08-19 21:10:19', '1', '1', '6', '1', '0');
INSERT INTO `menuitem_modifiergroup` VALUES ('11', '2015-08-19 21:10:19', '1', '2', '2', '1', '1');
INSERT INTO `menuitem_modifiergroup` VALUES ('12', '2015-08-19 21:10:19', '1', '2', '6', '2', '0');
INSERT INTO `menuitem_modifiergroup` VALUES ('13', '2015-08-19 21:10:19', '1', '0', '3', '2', '1');
INSERT INTO `menuitem_modifiergroup` VALUES ('14', '2015-08-19 21:10:19', '0', '1', '4', '2', '2');
INSERT INTO `menuitem_modifiergroup` VALUES ('15', '2015-08-19 21:10:19', '2', '2', '6', '3', '0');
INSERT INTO `menuitem_modifiergroup` VALUES ('16', '2015-08-19 21:10:19', '0', '1', '5', '3', '1');
INSERT INTO `menuitem_modifiergroup` VALUES ('17', '2015-08-19 21:10:20', '0', '1', '1', '26', '0');
INSERT INTO `menuitem_modifiergroup` VALUES ('18', '2015-08-19 21:10:20', '0', '2', '2', '26', '1');

-- ----------------------------
-- Table structure for `menuitem_shift`
-- ----------------------------
DROP TABLE IF EXISTS `menuitem_shift`;
CREATE TABLE `menuitem_shift` (
  `ID` int(11) NOT NULL AUTO_INCREMENT,
  `SHIFT_PRICE` double DEFAULT NULL,
  `SHIFT_ID` int(11) DEFAULT NULL,
  `MENUITEM_ID` int(11) DEFAULT NULL,
  `SHIFT_ORDER` int(11) DEFAULT NULL,
  PRIMARY KEY (`ID`),
  KEY `FKE03C92D533662891` (`MENUITEM_ID`),
  KEY `FKE03C92D57660A5E3` (`SHIFT_ID`),
  CONSTRAINT `FKE03C92D533662891` FOREIGN KEY (`MENUITEM_ID`) REFERENCES `menu_item` (`ID`),
  CONSTRAINT `FKE03C92D57660A5E3` FOREIGN KEY (`SHIFT_ID`) REFERENCES `shift` (`ID`)
) ENGINE=InnoDB DEFAULT CHARSET=utf8;

-- ----------------------------
-- Records of menuitem_shift
-- ----------------------------

-- ----------------------------
-- Table structure for `menu_category`
-- ----------------------------
DROP TABLE IF EXISTS `menu_category`;
CREATE TABLE `menu_category` (
  `ID` int(11) NOT NULL AUTO_INCREMENT,
  `MODIFIED_TIME` datetime NOT NULL,
  `NAME` varchar(20) NOT NULL,
  `VISIBLE` bit(1) DEFAULT NULL,
  `BEVERAGE` bit(1) DEFAULT NULL,
  PRIMARY KEY (`ID`),
  KEY `food_category_visible` (`VISIBLE`)
) ENGINE=InnoDB AUTO_INCREMENT=12 DEFAULT CHARSET=utf8;

-- ----------------------------
-- Records of menu_category
-- ----------------------------
INSERT INTO `menu_category` VALUES ('1', '2015-08-19 21:10:19', 'APPETIZERS', '', '');
INSERT INTO `menu_category` VALUES ('2', '2015-08-19 21:10:19', 'BEER & WINE', '', '');
INSERT INTO `menu_category` VALUES ('3', '2015-08-19 21:10:19', 'BEVERAGE & DRINKS', '', '');
INSERT INTO `menu_category` VALUES ('4', '2015-08-19 21:10:19', 'BREAKFAST', '', '');
INSERT INTO `menu_category` VALUES ('5', '2015-08-19 21:10:19', 'BUFFET', '', '');
INSERT INTO `menu_category` VALUES ('6', '2015-08-19 21:10:19', 'DESSERT & ICECRM', '', '');
INSERT INTO `menu_category` VALUES ('7', '2015-08-19 21:10:19', 'FAVORITES', '', '');
INSERT INTO `menu_category` VALUES ('8', '2015-08-19 21:10:19', 'KIDS ', '', '');
INSERT INTO `menu_category` VALUES ('9', '2015-08-19 21:10:19', 'LUNCH N DINNER', '', '');
INSERT INTO `menu_category` VALUES ('10', '2015-08-19 21:10:19', 'SIDES', '', '');
INSERT INTO `menu_category` VALUES ('11', '2015-08-26 22:14:10', '中式', '', '');

-- ----------------------------
-- Table structure for `menu_group`
-- ----------------------------
DROP TABLE IF EXISTS `menu_group`;
CREATE TABLE `menu_group` (
  `ID` int(11) NOT NULL AUTO_INCREMENT,
  `MODIFIED_TIME` datetime NOT NULL,
  `NAME` varchar(20) NOT NULL,
  `VISIBLE` bit(1) DEFAULT NULL,
  `CATEGORY_ID` int(11) DEFAULT NULL,
  `MENU_CATEGORY_ID` int(11) DEFAULT NULL,
  PRIMARY KEY (`ID`),
  KEY `menugroupvisible` (`VISIBLE`),
  KEY `FK4DC1AB7F2E347FF0` (`CATEGORY_ID`),
  KEY `FK4DC1AB7F96FBDD10` (`MENU_CATEGORY_ID`),
  CONSTRAINT `FK4DC1AB7F2E347FF0` FOREIGN KEY (`CATEGORY_ID`) REFERENCES `menu_category` (`ID`),
  CONSTRAINT `FK4DC1AB7F96FBDD10` FOREIGN KEY (`MENU_CATEGORY_ID`) REFERENCES `menu_category` (`ID`)
) ENGINE=InnoDB AUTO_INCREMENT=19 DEFAULT CHARSET=utf8;

-- ----------------------------
-- Records of menu_group
-- ----------------------------
INSERT INTO `menu_group` VALUES ('1', '2015-08-19 21:10:19', 'BEERS', '', '2', null);
INSERT INTO `menu_group` VALUES ('2', '2015-08-19 21:10:19', 'CEREALS & MUFF', '', '4', null);
INSERT INTO `menu_group` VALUES ('3', '2015-08-19 21:10:19', 'COLD BEVERAGE', '', '3', null);
INSERT INTO `menu_group` VALUES ('4', '2015-08-19 21:10:19', 'FAVOURITE', '', '4', null);
INSERT INTO `menu_group` VALUES ('5', '2015-08-19 21:10:19', 'FRENCH FRIES', '', '1', null);
INSERT INTO `menu_group` VALUES ('6', '2015-08-19 21:10:19', 'HOT DRINKS', '', '3', null);
INSERT INTO `menu_group` VALUES ('7', '2015-08-19 21:10:19', 'JUICES', '', '3', null);
INSERT INTO `menu_group` VALUES ('8', '2015-08-19 21:10:19', 'KIDS MEAL', '', '8', null);
INSERT INTO `menu_group` VALUES ('9', '2015-08-19 21:10:19', 'ONION RINGS', '', '1', null);
INSERT INTO `menu_group` VALUES ('10', '2015-08-19 21:10:19', 'PANCAKE N SUCH', '', '4', null);
INSERT INTO `menu_group` VALUES ('11', '2015-08-19 21:10:19', 'REDS', '', '2', null);
INSERT INTO `menu_group` VALUES ('12', '2015-08-19 21:10:19', 'SANDWITCH PLATTER', '', '9', null);
INSERT INTO `menu_group` VALUES ('13', '2015-08-19 21:10:19', 'SIDES', '', '10', null);
INSERT INTO `menu_group` VALUES ('14', '2015-08-19 21:10:19', 'SILE PLATES', '', '4', null);
INSERT INTO `menu_group` VALUES ('15', '2015-08-19 21:10:19', 'TRADITIONAL B.FAST', '', '4', null);
INSERT INTO `menu_group` VALUES ('16', '2015-08-19 21:10:19', 'WHITES', '', '2', null);
INSERT INTO `menu_group` VALUES ('17', '2015-08-19 21:10:19', 'WHOLESOME', '', '4', null);
INSERT INTO `menu_group` VALUES ('18', '2015-08-26 22:14:01', '川菜', '', '11', null);

-- ----------------------------
-- Table structure for `menu_item`
-- ----------------------------
DROP TABLE IF EXISTS `menu_item`;
CREATE TABLE `menu_item` (
  `ID` int(11) NOT NULL AUTO_INCREMENT,
  `MODIFIED_TIME` datetime NOT NULL,
  `NAME` varchar(30) NOT NULL,
  `BARCODE` varchar(120) DEFAULT NULL,
  `BUY_PRICE` double NOT NULL,
  `PRICE` double NOT NULL,
  `DISCOUNT_RATE` double DEFAULT NULL,
  `VISIBLE` bit(1) DEFAULT NULL,
  `IMAGE` blob,
  `SHOW_IMAGE_ONLY` bit(1) DEFAULT NULL,
  `GROUP_ID` int(11) DEFAULT NULL,
  `TAX_ID` int(11) DEFAULT NULL,
  `RECEPIE` int(11) DEFAULT NULL,
  `VPRINTER_ID` int(11) DEFAULT NULL,
  PRIMARY KEY (`ID`),
  KEY `FK4CD5A1F37080599C` (`VPRINTER_ID`),
  KEY `FK4CD5A1F35188AA24` (`GROUP_ID`),
  KEY `FK4CD5A1F3E2474285` (`RECEPIE`),
  KEY `FK4CD5A1F3A4802F83` (`TAX_ID`),
  CONSTRAINT `FK4CD5A1F35188AA24` FOREIGN KEY (`GROUP_ID`) REFERENCES `menu_group` (`ID`),
  CONSTRAINT `FK4CD5A1F37080599C` FOREIGN KEY (`VPRINTER_ID`) REFERENCES `virtual_printer` (`ID`),
  CONSTRAINT `FK4CD5A1F3A4802F83` FOREIGN KEY (`TAX_ID`) REFERENCES `tax` (`ID`),
  CONSTRAINT `FK4CD5A1F3E2474285` FOREIGN KEY (`RECEPIE`) REFERENCES `recepie` (`ID`)
) ENGINE=InnoDB AUTO_INCREMENT=55 DEFAULT CHARSET=utf8;

-- ----------------------------
-- Records of menu_item
-- ----------------------------
INSERT INTO `menu_item` VALUES ('1', '2015-08-19 21:10:19', '1 EGG BREAKFAST', null, '0', '1', '0', '', 0xFFD8FFE100C945786966000049492A000800000007001201030001000000010000001A01050001000000620000001B010500010000006A00000028010300010000000200000031010200150000007200000032010200140000008700000069870400010000009B000000000000004800000001000000480000000100000050686F746F46696C7472652053747564696F205800323031343A30363A32312031363A31353A343600030000900700040000003032313002A00300010000008700000003A00300010000005A000000FFDB00430001010101010101010101010101010101010101010101010101010101010101010101010101010101010101010101010101010101010101010101010101010101FFDB00430101010101010101010101010101010101010101010101010101010101010101010101010101010101010101010101010101010101010101010101010101010101FFC0001108005A008703012200021101031101FFC4001F0000010501010101010100000000000000000102030405060708090A0BFFC400B5100002010303020403050504040000017D01020300041105122131410613516107227114328191A1082342B1C11552D1F02433627282090A161718191A25262728292A3435363738393A434445464748494A535455565758595A636465666768696A737475767778797A838485868788898A92939495969798999AA2A3A4A5A6A7A8A9AAB2B3B4B5B6B7B8B9BAC2C3C4C5C6C7C8C9CAD2D3D4D5D6D7D8D9DAE1E2E3E4E5E6E7E8E9EAF1F2F3F4F5F6F7F8F9FAFFC4001F0100030101010101010101010000000000000102030405060708090A0BFFC400B51100020102040403040705040400010277000102031104052131061241510761711322328108144291A1B1C109233352F0156272D10A162434E125F11718191A262728292A35363738393A434445464748494A535455565758595A636465666768696A737475767778797A82838485868788898A92939495969798999AA2A3A4A5A6A7A8A9AAB2B3B4B5B6B7B8B9BAC2C3C4C5C6C7C8C9CAD2D3D4D5D6D7D8D9DAE2E3E4E5E6E7E8E9EAF2F3F4F5F6F7F8F9FAFFDA000C03010002110311003F00FE64B58FD95EDFC2BFF12F82E2D6EAE4FE7DFF001CFE5DAB13C39FB1A7C50F8C5E24B6F0BFC32F03EBDE3CD72EFF00E5CFC3764754C7E03BFE1FD2BFAD0FD947FE0863AC7FA378FF00F6CBF185D7DA7FE3FECBE0FF0083EF3FE41FD8FF006FEBFF00AE7DEBF67FC37A5FC0FF00D9E7C37FF08BFC32F07F85FC07A6D9F3FF00127B2FECCED5BE0322CDA8D0A7533FCC28E16A39C64F0785A34AA62B9E37E5A18AAB2F6D87C2D7F7B5A787A98AE5BBF68D7B97F6731C5F0D2AB52192E17198C82A928D3A95AB73D097272EB18FB2F7EEDEAB9A36B2D5DEEBF8E8F809FF0006BB7ED0FF0012EE34DD67E397C44F0F7C0BD0BFE3FEF744B73278F3C7A723FE99BA785B83C8F9B9EF91C1FE823E1C7FC1153F63FF00D97BE06EB7A878C60F8A1FB5A6A5E08F0C6ADAF68BE0EF1E789FFB2F4AF186ADFF0032FE85E1FD03C37FF1498FD6BEC6D4BF6A8F0FCFE2AD13C1FA56B1A5FF00C249E21BDFB068B662F7FE421FAFFF005BDABEA2D07C1C27D06DBE2478AAE2EBFB6FC3D65AB58595E5E0FF00895FFC541CFF00C800FE95F9D78BDE27703785DC238FE22E27C2E5B57099461B158E87B6C17F6B66987F614553A988C3AC6E1F30C3BC6C3EB14E9E0A12C32FAC62AAD2C37343DB7B5A5E9708D7E31A798BC1708E6D9C64F8CCDE11CB310F28CCF17974F194311AFD57112C2D4A7EDA8CAD2BD39A975E571BCB9BE04F8057DABF8035ED37C3F37FC13C3E12FC11D3756BDFF8A63EC763E09F146ABA7695D3C3FA0FFC5344FF004FA57ED7F826C7EDDA6DAFFC53FA5DB7D93FE3F3FB1F8FECFF00F3FE7BD7C1BA6CFF006EF1E5B7C409B36B736961F62C5AE174BD41B04FF6D6BD866049E9C9C71E95F62FC38F1FCF7BA49D7AF8E4DCDEFF0067E8DCFB9C1E7D706BF81BC10FA7970AF883E226378329E7BC694B04F112AF937FAD194F0B52CB2B60EAD5861E953AD8FCB70F9463F058DAD5EA61E9FD56AD29A7CF7A75DFB39A97DFF17784DC619064FF00DA99E63A39DE3E94D4B30CC6AE3962717ED311CBCB4DD454297B774D539EAD42D77A47AFAD7D86DFDBFF001DACD9AC78FF0038E78FD3F5E3347C60F8A9E1FF00865E0FD13E20EB9A7EA975A26ADAD693A0DEFF0063D97FC4D74FFF008483FE63BFD81EFF0091FAD59D1F5CD3FC55A0E9BE20D2BFE41BAB597DBECBFF00AFE9D71FFEAAFF004BE8E6983C455F6346B42A55FAB53C67B184AF5D616AF37B3AAE95B472E49DA3CDF65EA7E43572DCC68E02966953055A397623135705431895E84B1D47D9FB4C1CE565ECEBD3F6B0F6B0B4BD9F343E2E6D312F2C78FC7FCFF9FCAB9BBCB1D3E7FF005F6F6B75FF006E59EFFE7BD76D79D7F01FCC572379D3F11FC85741C678178F3E047C17F1FC3F66F18FC2FF0001EBD6C3FE7F3C31A27D3F963F957E627C6DFF00823F7EC9FF0011A1B9B8F0AE9FAF7C25D6F9FF004CF07EB5FF0012AFC340F1257EC66A3D4FD7FAD701A9751FE7F88D65528D2ADCBED29C67CB7E5E657B5ED7B7AD95FF00A4FA30F8BC56127ED30B88AD879E9774AAD6A77B6DCDECAA53E6B5DDB9AF6BBB5AEEFF00C7CFED2DFF00045BFDA63C0F0EA5AC7C33D43C2FF1BB44B4FF00973B3FF8A5FC55EFFF00121E9FE7F2FE78FE33687F123E07F8AAE7C3FE31F07EBDE17D4AD2F7FD3747D62C8E97AAFF005FCABFD347589C41F8E71FCB1FE7AD7C97FB457ECE7FB3FF00ED51E15B9F03FC77F87FA0F8A34DBBFF0040FED8FF00905F8ABC3FDBFE241AFF004FA5654B0583A17E58727372DF5E6BD9D976B5B98D6BE618AC4C94EB54E69EB795B7BDB7FBBF13FCD97FE131FB76A5A96A1FF3F9647FF06FE1FEBEFF00FD6AF6BD1FC71E4E9BFF00094695FF0021BF095F693AFF00FD84349F107FC8C1E9F857DFDFF0519FF8226FC6FF00D947FB6FE2C7ECF771AA7C77F80367FF00130BDFB1D97FC57DF0C3033B75FD00027C47E1B246078BBC1E319396DAA0B57E1943AAF883C9FDC5C7FA35DFFCF9E6BB31186AB08DA6B96156F18D55EF42AC15BDA460F4EF0BCBA69BDF4E08CE32D13F7E36E78FF2DD7BBAF5BEBD16C7EDD695A968FE35D274BD52C7FE3DEFED05E0E73CB103FAFAD15F377EC756FE3C9FC1FA9CF7A1756F0A9BC22DECADAFBFE26561A97F187E7EE94DC1BFD9A2BE6960F32A5EE5355EB413D2A2ACE1CDF0FD9F673B7FE04F5B1ECD3C4E0A504EA428529F587B1E6E5F87ED732BE9AEDD17CFFD293E3378E3FB0F4DB9B8F3FF00CFF9E71DBF2AFE3E3FE0A4DFF0526F10F81F5ED4BC1FE15D62D6D7FD3BEC1F6CFB6FF9CD7F483FB6C78C7FE107F86FE36F144F8FF894E8BAB5FF00D8FF00FD5F9FE35FE76FF17BC2FE29FDA4BC7BF14BE20EA9AC5D5A41E1EBB37DF63FF90A6ABFDA9E21D6D9741D0BEB827F5EBC57D5F1566D83CB253C56678A8E1B0F0A94A9FB59C2ACA1ED31356961E8C5BA54EA59D4C455A34A3CD6BB9AE5BF2B47CF6174A139B708C2941D4A93A92E48429C7E294A5676DF4D35EE7EAF7FC11B7E236BFF00137FE0AABE1CD63E26EB1FDBFA9DDFC25F883FD8A358BDFED3D286ABFF0014F67FB073DFFE118FEDEC57F73DE368358BEF0DFD9ECBED5756DFF3E7FF0030AFF3CFD3EA322BFCD73F675F14DC7C399BC35F1A3E196A0742F8FF00F077C69A56A167F6CFF905EA1A4E4F7C7FDCA7C76AFEF53F627FF82967C07FDABBC1FE1CD1F5CD5FFE152F8FFF00B17EC1E34F01EB1FF12BD53FB5BFEA5FF107FCCC7E1AE9C75FA57F0678F9E1ACFC5CC3CF23A9C4986C9A188C150CB13C54A8F23CC238B78BA75E34B171781746BA938539E2AA479BD9B70F86517FD2980C9B3DE16A595F1C653966333CC967469E3155C251AB89FA850564A9D4952A757EAF81A577C93927CB79DA12D6D5757F8A7E209EF2E3C3FE1C16BA59D22F3FD346AF7D9FCBA77F607D6BF483E10786F58F157C3FF04DD6B9F66D32EAF2F7EDFF006CB33FD96351EA7FE24033D724F5ACED63E127C17D73C376DA84FA3F85F54D6F49BDD5EFF45BCBCBDFED4FFC1FFA7F9CD77FE3CFDA17E13FC10F0AE89E28F1FF0088342D334DB4B2FB068BE1CB2C1D56FF0056C1FF00891681F4FC6BF94F80BE87AFC3FE2E8F14F1FF0011645FEAFE5F87CAF3AF6D82A34B0743138AC3E6187C52A99E62654557A747297878E60F09829D5C5CF154F0D3A746BFB26A0B1BC71C61C798F9E4DC3B92E658A9E67531586C1E5784A98BC7569D5C4D1F63430587C12A32E4785BD4954C5D5AB53158C5520B13567EC29B87E517FC1613E306B1E1DF17FC14F00C1E27D53C2D6BA4F8657C75E29D2747BCE06AE75D3FF08EE4E09FF849400C463D0915DEFEC99FB4CF8A342F83FE13D420B7FB4F86EEEF756167A3DE6B3FDA9AADFE93FDBB83FD803D78E7DF03B57E2C7EDE7F16FC43F183E2678AFC7DAADC5CDD78975F3FDA167E12B2BCFED21A0F85B4119D0344DAB923FE29A0588F527AF35F307ECEFF00F097EADA9689F187C55E39F13DAF84FE18FF006A9F06D9F874906C74AD07AF7FF99BF9049EFD78AF7337E3EE22AF9E712F89BC2BC559B70F623FB470D85C9F1B8CA956BE2B1D82C1B861B27CBF1397AC3BA389C1E6CA8529E23073F6584C2FB74B074E2E338E27FA73C40F03B83BC04F0B7807019970DE73C79E28F8D39970D433AE199E2EACF28C9F059551A987C763B289C7FD9F29F6188CCEA52C057AF526B17ECEB3A51A6A84EFFDB7C3F1520F157C38FF008581F0E74FBAF195B5D597DBACF473C7DBF561DB1EB5C4FC31FF0085F1AE5E7F6C7C46B7D2F41D3738FEC7B3E9EDDFF3C7F5A3F65DF03DC7C32FD9EFC01A7EB971F65D4AEECBFE12DD67FEA1FAB7883FE2A2E9FAF1F4C5789FC48FDAF7FE2B6B6F84FF000774FB4F1478BAEFFE467F125EDEFF00C52BF0FF00FEA39FD81C7FC2495FE85F1267387C1F06704F1F7889C639B787D4F2AC064DC41C4191E418FCBF2CC2E6D9DCF2FC1626AE498B9E2F0B5736C4E59EDEAD79ACB7099A611627EB338D6ADFBBA4CFE05CC387238CE29CCF23E17962731CBB0D9AE6587CB71359734FFB3A962EA7B3C6E3AA733B37793AF5B5DA1EE1F5A6B13DBC18F3EE3F2E7F3F5ED5E393788FC3FAADE5D68FA56B1A5EA9A95A7FC7ED9DA5F7FC83FF00A7F8D7854363717BA468BE1FD73C71AAFC46B9B3D1B49B0BEBCF1E789FFE470FF8483FE460D77FB03C37EFF5AE97E0FF00843E0C7823C54BA358EBDA4E97F11FC5563ABDF7863C0A3C4BACEA7AAFFC226493E20D70B05058FA6FCF0700F183F3785FA42E59C5399F02E1F81A5C318ECB38838816073DCCF39E27C261619760161AA354B2FC4657FDA181C4E733C6CF0B0C3E5F8CC7D2C2E2719F53C13A78BAB8BA4F0EB1BC1D9E61ABE3E8D0C262719FD9D09D7AAE9E0731A339E0697BF5F31861F1184A75D60B0F4155C5D6AD569D3E5C2E1B135A2A5ECB965A3AF4E20FA74EBFE7FCF6AF13D7A7FDF7E5FE7AFE3FAF4E2BE90F1B687FF1F1727F1E7F9FE9FE79AF92BC493FD866B9B7FAFB7F9F5F6AFE943E54C5FF0084C6E34A9BC89F9B6F6FFF005FF9FE5FCFF7FC156FFE0951F0FF00C7FF000F7C5BFB4C7ECA1F0FF41D07C6DE13B2D5BC5BF13BE1BF83F45FECBFED0D27FE660D77C03A07FEEA75FB4FE249FF0073F97A7FF5FA7FFAF35CDF827C7FA8687AF5B7FA47FA4E7FE5F07BFA7E35AD2A918F346A53F6B4676F694B9B979B96FCBEF72CAD6BBFB2F70BC96B09724D7C32B5EDF2BABFDE7F03DF0A7E2A78FF00E00DFC3F11FC177D6F796FE22D3DAC35ED3D0FFC4B2E6E083E4CC9DF74726D71EE0515FAEDFF000582FD90346FD8FBE3469FF1E7E1669D6BA77ECD1FB57DF6A9ADD9E9874B7BBD03E15FC6BD0011E3FF00065CDA852B35A78A76AF8B7C170348A6689BC5512211E0C720AF3B31CBAA51C4B54A14AB519C635685675B93DB519F2F254E4F6753979ADB73C9F9ED7EFC26614A5094EB62FEAB5655A72A94BD97B5F7DB8734B9BDA53DDAB5B974D15DEE7F5C1FF0508F859AC7C46F83FE36D2343FF909DDE8BAB587E5EE3E98FE42BF897F80FA57863E087C65F16F87BE2D1BAD2F51D57FE293FB67D8C6A841FF009187C3F9FD07F857F707AF7ED5FE1FF89B36A56FE0EF87FAF78A344FF89B585EEB02F7FB2FFE63BFF08EE3FC9CF4FAD7E66FED5FFF0004EDF0BFC7787FE130D2BC3FFD95ADDDFF00A7FF00A6597FC4D74F19FF0038FE42BF2BE2FE23E04F17E3C55E1DF0C71860B19C45964272CD72EC24F1787C5E1961AB51A528FB4AF85A787ADECF1F5B012FF66AD5F6B55545CA9B9E794CF0B84AB42AE6980C36659773D3FAE65F8BF6D1A18BA30AB4AACA8CEAE1EA51AF4B9DD351E7A751357BB8CEC91F847F13BF620FF433F163E12F89ED74CB9B4BDD5BFB67C1F79FF31FF09FFD403B7FC24B8E3F2E7D7CE3E18FC58F14687A6DBE9FE29F005C91A4F179F6BD187F6AE81C7FD07BEF7E047B75E2BF69BE0FE87E39FD95EF2E74EF8C5F0C354F8A1E1B3A2FF6159F88F47BDFED4D5738FF0098F8F5E3A8E6BE3AFDAB7E2A6A136A62DFE1CD85DF80F451FF00218B3D5F46FED3D2F5ED2BB73D3DC60FE55FC7F9C4B8F32B9E1F84B8CB24C3637D9E2EB617019DD5C4E2B092FECFC253F6B46B55AB84C3621D4FAC3A8E30A7525CD4B93DCA93839C57FA05E11F88181E1EC54B17C1D5A8E6392D4C051CC333C8336784A580C3D7A94553C460F0F56B6330D888FB2F60A557118594155E7A71AB460E9D373F9DE1FDABF51F0E59DCFF0061FC48F8B5A5FF00D398F883E361A569FCE7FE868FE86BEA2F879FB49F8DFE23FC1FFF00855FA2587862EB51D27C4E75ED1758F11EB58D574FD27C419FEDFC1E83C33F8FE07BFE47FC41D57C0D61E25B9D46C06A9A65B6ABE1AFB0DEDA7FCF86AB9F4F4E3D7D463D39BF8033F8BFC63F197C37F0E3F67BB0D4EEBE247C41BDFF00844ECAF3EC64E9761A511FF13FD73FB04F61E19C78B0F3D31D78AFA55E1FACF729C454C1BCC29D5AB815AE730E7C0D1F6F6F6D4F1D2F6B054A853F64B9B12BDA69671A7AA4FF0050E28FA5463F20CD386570F706700E068E0F3A58ECC2A623EBB5EBD4FAB7B1FAAE232FA994E6396F2737B5AFF58862215DAFDC7B271FDEF37EEEFC0DFD9EFE3BFC6FD7B5CD03C0F71A0DCE8A6FBFB0BE277C6CF17D9FF6A78074E3E20D0C7FC50DA0E3FE465F13E3FE2ABFF844BC1C73DFD2BF65BE16FECA1F007C0F69E25F0BF8934ED7FE367FC2A9FEC9B1D16CACAEFF00E114D2751D549C821460632381E30F1A63B0F4ACDD63E297C3FF00D90FF66EF86FF0C3E12691AA0D1749FF0089858ADE0FF8AAFC41E2AEACDAE9FF00A19811C8EDD464038F72F8567C3FA1E8F73F12356B8D06EBFE121B2D275ED6B47B3BDFF917F563A1F877FE245AFF005FF8A9BFE27FFAD7F10F1E78BD3E18C6D7C1F0870F70FE6790F0DE26546B71BE7997C733967D9F601C7015EAE4FC3B3953A14F867055B1187860E52CBEBE3714B072FAAE2F2C856A8A7F8DF1571D667E207194F3EE38E30E21C0F1471E7D421C35C2F9755AB470D83C1603D961A8E1E854C2D1FA864D5AB6030D8FA94A86031585C2E0DD49C6186AEEF25F32FC61F84BE30FDB2BE38F84BC5161F15FC4FF0009BE0A787BC4DFD8563767C51ADF89F4AF1893FF002306BA741F11F8A3C69E141E193D09C1E9C8AF5AF885A56BDFB30789353F136877571AFF00852CECF54FEDBF11DDDA1D2F4C1FF122F10B0D0885F0C0C7894F423C21D57B60E6BEA1F04C3078C5FE1C787ECAC073E26D575EBC169A3674BCE49D07FB7FDC8C7A93CF4EB5FA63A4FC34F0AFC4BF01DCF847E20681A5EA7F6BB1FB77FC23978B96B10BB8F87B5B0002CC7A91E2B50493D01E41F57C3DC4F15FD2B7199D70FF0013E3166988C3623099CD797B6C5E028E328BCA632C4E4F523868D6C061A8E0B3594F1152BD1C062734C4CA11A19461F0586A12A547E6FC46CDAA78739165983C9296590C460728CF32FC92389CBF2EC47D42B62F175297D7F33AD47090C7E6B465470753D850C4431384C1E26543155B0F8974A9D1ADFCEB683F1DF5EF8B5A3FC38D7B43F0C789BC2FFF000B02F80D1749BABDD17FB56C755047887FB0F5EC63C53D06780A3D315FADFF00B34F872E2FB593E30BEFF895EA369E0CD5BFB67ED9A2E88355D47F3ED8D03B8EF83835C44DFB1AF863C0DF1B34DF891369DF6AB9B3B2163677B798FED5F5C0D7877FA81DB04F4AEF3F6BCF1D781FF671F807E3DF88F63A4685A5FC59F17F83B55F01FC32D66F1745FED4BFF15F8841001627FE12A1FF00088786F5E5F15807192C0632D91C3F47CE09C9303E2DE333FC972ECDB86785FC27C6D4CDB8AA867D1C5BA352BE070D3C561EBE0B13530BEDEAD6C3E3961E9E12B579621D4552734A93538D4F0E96238F38E721E17E0CC6BC933FF1078F7308659972E17C37D4E0A18EC5D3A51CBF31C461AA41E2BD9E0A30CD335AF38C3D9E169D471A71F632955F987E0FFEDBFE1FFDA17C77ADF8220F87FAA785C7FC24FAB683E18BCFB6FF00C4D6FF004AF0FF004D73C41A07AF1918EDD71CD59F8C1A1FD8BED371EFFE7FCE3F2AFC8ED1BC640FC2BF097883C2BE30F88BE0DF8B475AFB7D978F7C079D2C7F64FF00D47CE7FEE53E33F435FA31F0CBE379F8EDF0AEE6E355FB5FFC26DF0FAF3FE113F19DE5E7FCCC3AA9FF0098F741FF00238F4E3B823B57FA29F46FF1FB17E20E2F36E14E36CCB0F578C1E2733CD72A860B054B0F96C725A3ECA73CA696228A83C5E372FAFF00DA75A52C453962A395E1796B622BAC1D36FF0031E3DF04B38E0BC9711C4782AB9AE6192E5F9955CA33DA59DE06965B9DE459BD1C5E232FC4E1F1582C3E1E85058258FC32C161E54E10E5C5622852717F585287896BD7D9FF003EFF0097FF005FDEBC2B58D57EC379F68FF3FE7DFF00038AF51F154FFBEB9FF39CFF009E7A67D857CF1E30BEEBFE7BF7F7FAD7F5F1F8A1F4A7C48FD973C31FF051BFD977C75FB2678A6F6DF4ED4FC49AF783FC75E0BF10DDF179E11F16F8075F035F4D27FE9DDBC31FDBDE1197FE99EEA2BBAFD88B5CB883C77A2791707FE3CB56EBFF006013F4FE7457B9976795301868E1A582C1631467270A989A5CF2A7076E5A14F5F728D34AD4E177CB7DD9C73C0D29C9CB9AA53BFD9A52E482DB68FBD6D9753F517FE1997E1BE87E30D4BC61E15B8FEC1FF8486F7EDFAD691F62FF008956A1AB73FF0013DFFF00577EF478C3C39E1F821FB3C1FF006FB59BE3CF8D434AF885A27C27F0AE8F75E28F1FF88B45D5B5EFB1D95EFF0065E95A7E938FF90EEBFAFE7FE29BFE75F3CDDFED0DA858FC54B6F84FF137C1FF00F086EB9AB73E18D62CFC4FFF00094695E20FFA817FFAFEBD2BF2CFEC1F0B38538BF34CFF000584C060B88B3BCD6790E619D51C2E2E9D0AD9A62EB5094B29C4E3A9D0865386C6E2F114A860B0D4A8CE3CF8BC551A7272E68B8C53C652D62FDD9AB73293B421DB9E76D39B5E5F76EECF4D0ABE30F03E9F7D0DCF9E6D7FEDF3EBFE703FFD75F90BFB667C39D234AF0AEA57105BE976B9FF00A72FC315FB2BE249AE2E3FCFFF00AFD315F9E3FB4E7C2BB8F18F85B5BB7FFA72EFFE7F1FCEBEB731CB30B8D8BC3E3B0B471105F0FB6873DB9ADCDCBAAE5BDA37D5DECB6B1ECE13195F055556C3D49D39AEB0972DFD7477EBF7B3F8D5F8CD05BDF6BDA9791FF1EDF6D3D463EBF5AF40FD80BC63E1FF00857FB71FECBDAC7893ECBA5E8A3E2D69361ACDDFDB7FB33EC1FF00090687E21F0E7B918F12EBE7D4E06300722C7C60F075C7873E26EA5E1FD73FE3D8EB5F60FF008F2FF3FE7DEB9CF891FB2178E34B83FE138D0FED56BFF0AF6F3EDFFDB1E1CBCD17FE25FAB7FC8C3E1FFEDE1FF32E76F53E95F82E7B8BC9785B35C2E539AE3E8E5F4F309639D2F6FA5294E94E1858C64D4AD7788AD8782924ECF117E597272D4FD229E3F31C665D5B1381C0D6CC3175EBE0F2C72A34BDAFD52199D1F6AF132F87D97B3F67CAB1176A959CB91F3DA3FDCF7C48F803E1FF0088BFD9BA7CDF6AB5F0069363FF00096E89E24E34BFB07B7A67F415E93A97C16BFF0015786F43F047F686A7E28B7BCB3D278FF9061F7E3D07F3F6CD7E707FC12F3FE0A136FF00B45F82BC37A7F88FC41FF131F0A7F64D878CFC21797BFD97AAE81AB67FE2A0D0C73FF22D7FC483FE283FEEF20F20D7F4D7E1BD6FC2FE31874DD420FB2FDA47F9EBD7D7D3F0AFF3EF8E3E8779CF19713668B83F8C61C3187A19F52CCD6498DC1D69C1C6B62A53CE329C0E26962E3F5550C3CE957A09E1EA7B6FABB4A2949CA1FA1E53E28C7208E4F3CF787F0D9AE6991C3132CAB3271E79E02788A518AC4D397B197B4752BCABD7953BC2F750E7D14DFCFF00FB2C786B40F0F782EE2C0D8DD5ACE2F0683AC0BBE4D81D006093DB01718C7BFA0CFDEBE1BB1D427BCD3B58B1B8FB2DB0E6F7FD0BFE421FF502EDFE4556D3743D3FFE7DED7DFDBFC7FF00D7DF9AF807FE0A05FB74783BF641F0B5A783BE1A787EFBE237ED5FF162D1744F87DF0DBC0F67A4EA7E2BD3F4966F11CBFF0009EEBC71BFFE118F0867C43E26F045B4981E39F1A66208911F1DF8DBC1FF00D61E05F80185FA3CF0C4F139FE7D85CC68E0E12CC31F9C4F0D4B019862AA7F686231D87C2BF675B10ABD2C23AF5A9E5D8494D2A3EDB153555FB7F671F91C7663C49E3371A52C9B8772AAD8CCF788316951C151AAEA51C2504E32C66618BC43A34686072BCB70D1962F33CC7152A183C1E128CEB56A908AD7E21FF82807EDF5E28D2FC6DF163E17FC39B83E1FD13E1FD98D035BF18DA0D13FE128FED6FEC21E223FD82DE23FF916F04FFC2247838C9EF815FCF41F897E3CF166BFE12F177C6AF8DFE39F88FA2DB691A9E8BA2E8DE26BDD63C51AAF843C2DAE6BA1B5D6D08360310635DA4E7EE8EC063DE2E3C3FE16F83BE24D6BC1DF18B48B9D76EBC3FE18F0AE89B4EB43C73E2ABFD206880683FF0009E7FC899E153F1297C2FB79C78D972541FF0084DC10C7E74D4EDB48C9F00786FC6173E27D1B58BAD2CD917B43A69BFD286D0175D53FF331704B0E32C73D5B8FE51E21C666D5F1DC5D3C663F1B43019A67D9AC3198455294A584CAF1156B6651C15375295550A387C47B29D1E550D68494E3CD24A1FEA77D09FE88D9BF0CF1F51F12B8E331C6D2C1F0D65D9C4784F1991CF30A384E28C8B3F55709573DCC71F5632C0602965190D5C2D7C3E4D3C34E866189AF4EBD7C4B580844FA07C25F153C01E1679BC3FE1FD1BC5DE3BF05EAABAAEB8E3546D17C33A8FF00661CF87743DAC467C3A378D0BE621491DB3C0A3F1867F8CFFB36EB3A2781B4AD46E743D0FF006B8FECAF1566CEF75AD4FC55E10F87BE1ED74F87B5FD77D48F18FF006FE01EA47877C53D0E057EBEFEC2DFB1A78434CD3B44F1F7C52F096A76BACD99FEDDB4FED8BC074CBED2F83A001C900E31C30CF20E3915F697C6C83C1FADDE7F6FDF68FA15D6B76965F60B2BCBCB3D10EABA7E939F7EBFD3F1AF67C01E06CCF88F35CE78B323CC2B70E6168E1337CA6963E71AF8CC56619863A8C70FEDAF87585AB87C3C30EAB52A0E8D583C4AAF397EED51709FF34FD2D3C43CA7115B8D3843856A52CCF11C5F9CE37159C67998538E2E9FF67C388B1198E1BEAD5A9BC3509E3AAB850C457C751C3E1147F774E586AAD4650FC73D074AD3FF00E10FB6D42FB47BAD2FFD0BFD0ACFFE417AAFBFF9EBC578578C27FF003EBFE3F863F2AFAD7E2D6ABE44D73071FF00D6FF00F57E95F1C79171E23F125B69F07FC7B77C7AF7FC47E55FE947869C139770170D61F2CC062B1F984F11ECF118CC76638AAD5EBE22BC28D3A10E4A729CB0F85A14A853A54A9D1C353A77E4956C44F1189AB56BCFFCE0A3957F6661DD0F693A9ECE6D4AA54579D59FBBCF524EFA5D38FBBAF2DBE2773F4DBFE09F1E0AB8F11F8D74A860FF00965A06B575FF007F1193FAFF00F5E8AC7F1F7C50D4BF624FD89B5CF8A7E1ABF9341F8B7F177C4BE14F87FF0008AEA2B31A9CB6DA5685AEFF006FEBFE248F3D3C3B1786341D7BC2D19ECDE20F09D15FAE6132B8622842B57C64307ED7DEA54EAD36E72A6B96329B5CF1E5B5655A95B5BFB272BFBD68F3CEBCA32718D3E7E5D24F9B97967A7343E177E56F7EBDB6BFDFDF153E03F85FE2078AB44F1FC1AC789FC09E3FF0F8C68DE2FF00086B5FD97AA90473A17A723B77CF3EB5E39A97ECE7A7DF78DBC37F107C71F103C51E3CF127822FBEDFA2FDB2CB44D334AFA6BFFF0008DE3FCF5AFB1AF3AFE03F98AE4B5283CFFF003FE7D7BFD3D6BCBCC7C3CE10C666988CDABE02AD2AF8CC7E0B34C451C3E3B30A182C5E639656C255C0E2F1B80A38AA781C656C3FD4F0F1F6F5F0D2C555E594AB622A7BAA9F1470B4A576D7BFA734BF9BB69D2D6EEF73C4EF20B7B89BF4E9C7F9F5AE27C49E1CB7D5ACEE7FD1FED5EFFA7FFABD3F9EDFC60BEB8F0B786EE359B1B7FB55CDA75B4B3FF3F857E43783BF6EDF8C1F17352F1B785FE0BF87F411E2DF09EB3A5585ED9F8F07FC786958FF0089FF00F6F8E38CE076EE73EBE4F1D71870B70264789CFB89B1CB2FCA70B52851AD8AF6752B4954C456A54A9A5428C67566BDE94A5284651872AE671E64D7A32FDD439B7E69C29C56D79CF9B923D77B3FB8FCF0FF0082937EC77E303ACDC7C40F0AF87EEAEB4D1FF1FBF63B2E3FCFF9E82BE4DF857A87C41F15DDCF7FF69D3342F0E6BFA369361E3F1D754BF1E1F23C3C38C7FCCA07B023A0E09AFECEBC2BF0CBC71E2AF0ADB5C7C46FF8436E6DAEECBFD32CF46B3FF907FF00F5BAD7E4BFED2DFF0004DAD43C39E24D4BE23FC0FB7D2AEFED67FE2A7F86F79FF12BD2BC41FF006001FF0032DF89BFFD5EA6BF993896BE51E3EF08E338A7C31AEF32C46558BC7E4F5A8E659756C262A55961B095674B0B4AAD5B55FAD51C461711867AA9CA9B568CA9C66FF56F0DB8C301C2D9A2867D8286332EC6D1A0EA2AB2AD1842742AC6AC26FEAF2A35FDDBB8DA9E268F373DE4DF2A4FF243C57FB2C681E1C86D7E37FC24F8A1AAF80FC49E13FF0041B2F11F8709F0BEA9FDAC7BFF006FFB8C9FF844C1CF3C9E95EC5FB16FFC1593FE0A1FA5CC3C2E4FC1CF89FA6E95FE816779F11EC7FE118D5AFC7FD87BC385771C7B8EC09AF48F04F85878907893E1BDF7F6A7836EED346D58DEF817C4967FD99AAE07403FE864EDC783F3ED5E392FECDBE299B403E1EF03DCDB785BC37E14F19FF6EDF78EC68C7531A0E938C78834223D07F6068279F5F43C7F2BF0A7895C59C215B38E17E24C66270D9E603114BFB3F139FE5D5A9BCA7034BDBDEACA187C3471188B395353853A75124934E2EDCFFD27C57976498ECB70B9C70CE1387B3FC355C6529E27098ECAB2ECD2BD1A189F7215A9E1B1399653EDF9310A9519D0CA78970B8AAFF5884E54313EC21187DB1E3DFF0082E9FEDAE752D4FE1ACFE11D03E12F88FEE9B5F077831B53F14807BE81E20F11F89FC67E171C724A827D3922BC47E1E4BFB4CF853C47E13FDA96CBE1C78C3C413F8AECFC557DE32F1E78BAE86A1E28BFD5535BF100D7FF00E13ED73C485B00786FC3FA11539E0150305493DCD9E863C03A178060B1F0BDD7C44B9F04F867FE24BE2FD5C68BA60BFD57AE818EDC63A139C77C0AFB134DFF008581E389B44F07DEF858FF0068FD8BEDFF00E9979FF12BB0F5FF00890F03FE2B0E3A75FA57C1F1DF8F39DE6D88C2FD72399661EC572E06B55CEABE0A8E0B18946F8CCBB2BA3572DAF94C609537468AF6751B56F6F539648FEC9F09B89F0DC25C07828F0D7839E14F0DD7E21CB3EAFC5F2C251E6A59CD0FAA7B0AF87C75496798ACDF1341622747136C567356AB7170957A8E4AAD1FCA0D67C1DF1BFE315EF8D7E28FC46F1BDAE966EBFE2ADD66F4DEE74CBF1C1F6EB81F5C72462BD4FF0062EF859ABF88BE23F827FB2B47D32E6DAE7C4BFE99797765AD0D50695D3E807FC249C73DFA9AFD6FD1FF00E09F9A86ABE15BAB7F1578E2DAD74DBBFF004F1A3FFC82F4AD3FBF3A0631FA7D38AF7EF849F0AFC21FB39E836DE1FF0000F87BFE2796965F60FF0084F357B33A60D3F8E3FE11FD0300F4F4FF000AC72DCB38DFC4A8D5CAB2EC8B16DE715A954CC731AF4E950C8F27CA7155634AA63735C4D5AAF1F8BC742EDCB0D429E2F1755C24A8D15EFB7EFF001DFD2D71985E1DCC303578932DAF818E0E9E072AE18E19C2FF0065E07035238478454E4B0B430B6C161FF77383A91AEE8734E3051F69294BDFBE247C6AFF008457FB37C0FA569FFE8DA4E8BA57DB6F2CFAFF006B7FD00BB71F8D7E47FEDEBFB7AF883E04F8734D9FC29E17B5D7B53D5B46F165FF00FC4E3FB6B53E7C3FFF0008EFFC48BFB073D3FE27FCE2BEDFF155F7DBBFD7DC75FF0038FF003F88AF87FE2A695E17F18FFC49E7F0FDAEBDFF005F965CE7F0E7A7E5EB5FDF3C31C039EE57C3796F0DF0CD6FA8D1C0D2C1C3EB95E15A94F135A8FD5E188AEE74A388F65F5AC3D2AD4791B97B2F6FCEA55B91C1FF00919C579A50C5FD77172C4FB0CCAB549384D439EA29D4AD56AC29C26A7071BFB4717269DF9534B5B2F857E0D7C7DF1CFC70D375BF1078AA7D045B5DE3FB16CB48B2D6FF00E25FD31FF3347FF5ABF513F644FD9CEE3C71AF7DBF55FB2E97E1BD26CBFB7BC69E24D63FE257A5681A5787CF1FDBF8E3EBFF00EBA3F663FD90AE3C55A95B787FC2BE16D2F41D37FE3FEF6F3EC5FD97A569FF00E47419AF24FF008289FED89E08D2BE1BF897F637FD982FC7FC21249D3FE33FC53D1AF7FB33FE1686AB93FDBDE06D035FC2FF00C53446091C8F1C1F94138DCDFB6F066579A70DE49529716F10C73CACB30C55778B74EAD3FF0065C57B2F6195616557FDEEB41D29A8548FB3F697D6953E5D7F27C16131F898CE9CA53C65673756B62552F670A706D5E55173CF96D6D3DE7CDEF7C2A27C5DFB7C7ED65A2FED73F1A6DEF3E136DB9FD9FF00E0743A8FC37F84D7BA49945CDFE90B229F10F8EEDBC93FF08C0B8F18F898662F2B127FC213FF00089F97F3628AF8D53C11E0FD6D2D0CD38BBC5AA9FB5E91A0F980E0F4FEDAFF00845FF780F4D9FC4323BD14EAE770CC6AD4C454C454A694DD3A54A9494614A8C2DC905A6BCA9CB5B2BF63EB63953C1429D18E1399F2C6A4E5F59C2479A73E572972FD6256BD9757D7B1FDBCDE5F71F8FF009FF3F9572535F76FAFF93FD78FE94969FF0020DB7FA1FF00D0AB1751EA7EBFD6BF78C561A183E654DDE0E739A8DADCBCD6BABDDDF6DEC7C2539CAA454A4EF7D95B6F9F5E9FD32B6A565A3EB90FD9F55B7FB57F3F5C7F9EBF5AF9BE6FD8B7E07EABF10AE7E28687FDBDE0DF1B5DE8BFD83AD5E786FF00E660D247FD07F40FF39AF74ABFA693E7F53FC5DFDCD7E6DC5BC3791712E5B89CA73ECB30D9A65D8971F6D83C5C7DA50A96B5B9E1A276BE874CE10AB074EA2E684BE28ED7B6DA9ECFA3C1A7E87E15B6D3EFB58FED4B6B4EFF0062E98FCFFF00D5CD780FC5ABED3FFB1EE6E20D43ECB73FF2E5FD7FFD75DD6BCEFF00D8F6DF3377FE23E9F5AF27D5C09221E600FC1FBE03771FDECD7C4701F86BC13E19E5D8ACAB82322A391E131D898E371D1A78ACC3193C562A146187855A95B32C6636BBF6787A74E9C22EABB5A4DB7CC946EF27F14B9BB696E89777D8FC26FDA0FF00684D62CB5ED3BE13FC54F86F6874DF15F8CF4AD0B45F1E7F629D4FC547490327FE101D7F23FE2A6C0CFAE01F6AFD17B3FD8EF4F8348B9D43C39E3FF88DF0E6DAEF9FEC7BCFEC4D4F4AFEC8FF00A0E7F607893C31C57D1F65A5E98355DC34EB1072791696F9E87BF979AEC35177CFDF6EBFDE3FE35F0F9AF82394F13788B578CB8CF37C4F156070B9162F22C0709E6181C24327C351C762E862A18AA93A6DE23118ECBD61553C0E32F4B14BDBE2278AAF8AE6A51A3E965B9D6739362A589CA332C4E5B7E56A9E1AAD6708CD5F9E7ECF115711427CF75A54A13E5B3B3F799F124DFB32F8E2C61D374FFF0085F1A5DD689A4FFC7968FAC7C31FED4E83FEA5AF1474FC3EB5EC7E03F007FC21DAF7FC241AE7C40F146BFA97D8C587DB2CF45D13C2FF0089FF0026BD026FF8F3FC45733374FC07F3AEF8FD1FFC1D8E2563170164F2C4C2709D1A95A79862151F657F66A34B118EAB425CB7777528CEFA5B975E6FADA7E28F1ED3C3FD5A1C47898D194270A91861B2FA7ED3DA72FB56FD960E1F1F2C747CDCB6767AB3D4BFE123D3EC7FD220B737573FF3F9AC5EFF006A7F9FF3D3A578E78ABC71E7CDF689EE3ED3738FEBFE79A835827C91C9FCCD70D67CCD719E7EF75E6BF42C070AF0FE574A9D0CBF2AC1E12951BFB2A7430F4694217494AD1A5085EF65F15EDADAD777F9BC47116718B9AA98AC756AD35B3E6E5B5DABF7DEC5AB3B1F1878E26FF89569FF0065B6FF009FBBCF61FCBFC6BD8FC2BFB32F87FC01E0FD6FE2C7C7EF18697F093E17787BFD3F5AF127893FE42B7FFF00600CFF004AFAC3F648D334EB9D46E7ED3A7D95C7FA67FCB7B4825ECBFF003D236AFE7DFF00E0B1BE2AF146ABFB6F789FC27AA78935ED4BC2BE14F07E992785BC337FAC6A179E1FF0D492781FC3CF23E81A35C5C49A768CF23B33BB69D6D6C5D98B3124935EDD3A1430F4B17888D3BFD57095314E17B7B4F652A50F67CD67C97F697E6B4AD6B72BBDD70C6A55CC2BD2C3D69FBBC95677B5FE1F64AD6BADEF7BDF4EDB35B7FB607FC14C47C55D275AFD9EBF651D3F55F85FF076C83AEB3ABFD95C789FE30690E5727C408084F0EF86C14017C2ADE332FE371BD7E20B2AC8E1BF28B58D56DF4B9BECF7DF6AD2F52B5B2CDEFF00C497FB2F4A1A4E3BFF0091F8579768FF00F2346A7FF60DD287FE57457A44DA5E991EA97DE5E9D629FF0013AFE0B4B75FFD06315F3F98D5F6F5614ABC79E0E6A14A9C5FB3A187E651E774A928CADCF68A92E6D7923AE88F6F014FD9D3AEA9CB93D8BA9CDA5FDA7B2AD3A4BB72DF95BFB5652B6B6B95C6B3E1C4B4D46CEEF46B5BB964BF1796B75FF214FDDB9DAC33DB2A48CD15F3D788354D4BFE11FB2FF898DF7FC8747FCBDDC7FD0117FE9A515C12C261A12E5F677B5B5BA5D22FF95F62A9E2F1538A97B5B7972DFB7F797647FFD9, '', '4', '3', null, null);
INSERT INTO `menu_item` VALUES ('2', '2015-08-19 21:10:19', '2 EGG N BISCUIT', null, '0', '2', '0', '', 0xFFD8FFE100C945786966000049492A000800000007001201030001000000010000001A01050001000000620000001B010500010000006A00000028010300010000000200000031010200150000007200000032010200140000008700000069870400010000009B0000003B2A2E6A4800000001000000480000000100000050686F746F46696C7472652053747564696F205800323031343A30363A32312031363A34383A313600030000900700040000003032313002A0030001000000C800000003A0030001000000C8000000FFDB0043000402030303020403030304040404050906050505050B080806090D0B0D0D0D0B0C0C0E1014110E0F130F0C0C1218121315161717170E11191B19161A14161716FFDB0043010404040505050A06060A160F0C0F1616161616161616161616161616161616161616161616161616161616161616161616161616161616161616161616161616FFC000110800C800C803012200021101031101FFC4001F0000010501010101010100000000000000000102030405060708090A0BFFC400B5100002010303020403050504040000017D01020300041105122131410613516107227114328191A1082342B1C11552D1F02433627282090A161718191A25262728292A3435363738393A434445464748494A535455565758595A636465666768696A737475767778797A838485868788898A92939495969798999AA2A3A4A5A6A7A8A9AAB2B3B4B5B6B7B8B9BAC2C3C4C5C6C7C8C9CAD2D3D4D5D6D7D8D9DAE1E2E3E4E5E6E7E8E9EAF1F2F3F4F5F6F7F8F9FAFFC4001F0100030101010101010101010000000000000102030405060708090A0BFFC400B51100020102040403040705040400010277000102031104052131061241510761711322328108144291A1B1C109233352F0156272D10A162434E125F11718191A262728292A35363738393A434445464748494A535455565758595A636465666768696A737475767778797A82838485868788898A92939495969798999AA2A3A4A5A6A7A8A9AAB2B3B4B5B6B7B8B9BAC2C3C4C5C6C7C8C9CAD2D3D4D5D6D7D8D9DAE2E3E4E5E6E7E8E9EAF2F3F4F5F6F7F8F9FAFFDA000C03010002110311003F00FB5A8A28A0028A28A0028A28A0028A28A0028A28A0028A28A0028A28A0028A28A0028A28A0028A28A0028A28A0028A28A0028A28A0028A28A0028A28A0028A28A0028A4EBC0AC7D67C53E1FD2AE05BDEEAD6C93938102BEF933FEE8C91F8D6752AD3A51E6A924979BB170A739BB455DF91B24D266BCCB5FF008C5A523BC1A4DA5CC8C38171341F203FEE641358A3E27788EE813652D936C3F36E831C7D3FFAF5E3D6E22CBE93B29F37A6A7A34F26C64D5DC6DEA7B1DDDCC16D019AE668E18D7ABC8C140FC4D71F3FC54F0547A93D90D4A595A3386922B7668F3FEF77AF3CF147881FC430F97ACDDC8C40CC70C1261377FBBDBEA6B958ADCB48B19B4B78D1F23E690B161D8E062BC6C5714CDCD2C3455BBCB7FB8F4B0D9141C5BACDDFCBFAD4F775F891E0C3208D75A47627036C32107F1DB5A769E2AF0F5CDD2DBC5AB5B995C02AAC4AE73EE462BC6ACB4E8E6843DE4CB1F938C3C717038E9802ADE9F059CCBB44D22C8AA7680A467F4AE67C598A8CECE116BE6BF3613C9B0F6D24FF00AF91EE20E464720F71473E87F2AF14B990A6E8AE3CE4551F26F94E33EBB462AA5D6A727C92CB7974AD19C6FDEDB17D3A9FE5935DCB8BA9BDA96BEBFE68E559249FDBFC3FE09EED9A506BC974FF001A6B715A249FDA71CB14636FEF235DCDF52C01AEDFC15E278F58804572121BAC67E53F23FD0FAFB57AD83CFB098AA8A9ABC64FBDBF34D9C788CB6BD18F33D5791D1D1480D2E6BDA3CF0A28A2800A28A2800A28A2800A28A2800A0D151CD2245134B21015012C7D0526D2576095C7E6B9EF1378BB4DD2D1E28244BABB19C46872ABEEC7A7E1D6B9DF17F89F52BC492DAC9859C0C76E47FAC71EE7B67D0572B25844CC4C4F3195F244224E3F3EF5F1B99F15462DD3C22BBEEFF4FEBE47B984CA93B4EB3F97F989E26F18EB3770C9E65F4DFDDDB048634EB9E808FD7FA5733A76A3753DE1B7B7D29E69245C09247E07BED0307F1AD5BD86ECDD049CC2101FBA1727EB935623B0304DB5115509DCAEB9C9F6FA7B57C6D6C7E23113BCA5CCD7F5D4FA28C28D185A31462DC586A4C4B2B430AE70638620BB3D79AB22C2F77091B0E76FC87CB556627BB1F4ADF0FA744FB9EEA1DCE3E749241926A57BAD264B88CACA090FC92A7007F526B9DFB695EEEC0EBBE91FC0CC8746B8BA0CAE9182E0143137DD3F5AD64F0CD83E8E915C13F6A47CAE4F283BFE15A914F68D10785B8278DE31C545757EE4E235776CE3214640F6AD214E31F7A7ADCE5957AB2765A15E2B24B183CBB7590C87FBB80A47E5552ECEAB6722B7950467F842C5CB7E746ABA8DCA45BD47DA09192CCB8D9FECF4AAF6BA8EAB73179A7CA8635FF641C9FA9A99CA2DDA2EC5C213DDD99B1673C37F62BF698332A8C1936F22B1EEF4DB3573248EACC838F39B903D80A9EF35616E51EE2260C99CAA4780F9E8C79EB55AF359B664DB6B6F9DDF79D863F4F7FAD1292946D26AEBFAD829C66A578AD05B4B48C0129B858E0FBA985523F1CD68D9DBDD417C92D8DE40C85790C73BCFBE3BFD2ABD9B2DCBA487CC6631F118E110FA7F9E6B495205B6F952347E58852777E55507AE9D02A49F535A3D6F5758D63FED38D553D11411EC739AD0B7F135D4403CF25BCB12F046C21D8FB11C5722754B320C72C90BF6DF93B87B74A95EFA216C8210B297C0DE8B91F4AF4E96738D8EB0AAF4EEDFE470CB054E5BC3F03B9B5F14E9AECA939785DBD46E51F88ADB8A44923578D832B0CAB29C822BCA44F70652523E14F2020AD3D2FC45ABD8322AA7990038314ABFA823915F4380E28927CB8B8E9DD2FCF5FCBEE386BE54AD7A4F5ECD9E8D4553D1EFE1D46C96E21C8CFDE56EAA7D0D5CAFB2A7521520A70774F63C6945C5B8CB70A28A2AC90A28A2800358FE2DBA10D81404727E61EBE82B5CD636B76E2798971C2027F1AF37369545859469EECE8C328FB54E5D0E1192496E8089739393BB8CFB66B335B9A70F9B74F2DD410423057233D377A575DAC422DE068D5C82C3A20E7FFD55C56A6D24D7061F259F61E24F515F94E2E9BA3A4B767D5E1A7CEEFD0C89754D42491C18EDD23EC557791ED926859F519E30249B7217E86318FC39157A48ACEDAD249A57C6081B7AE7DCFD2B2E5BF86E2460B18915411F32609FF3FA572A52D399EFE877AB4BE14598ED3CD9234214283CB9381F956CC16D6ECC0246D1A02006273BBEB5C9B5C45243E52BDC465875133003D09C7402A4F37ECA5ED5AE564915F0A0485D71DDB3E9C77A1C20B5BDC72A729753D16CD2D16207E52429183D00F5A82E52D669D8CF728D183C00D90BF503DEB8AB39E690F942E1090DF3EC6007D3353DEDB89E2CC84E5B92074C0E98CD753C4A704B974EC71FD56D2BB91BD8B091C88E7591F39644EDF8FD2ABC96ED1CEB3198BE0E139DCA3D80ED591613C718312846CF44385CFA735734DFB4C3E65C5C4ACC88B9F2AB27284F4DBFAEA6BECDC7666DC2639824575B249366E00A8213D060D45736B6B2481A34559931D8053F51549F178E6E54B07E010381C719E2B46DECD8A2913076279C64D35EFE8CC25EEF5B0C06CE0458FCF8C31382493B57F2A70908BA48C5D4712119DEA4E48FE950DCDA42E4AC81B2C70703208EC2B3A51E4B98C4785EC36938FA735936E9BD74F4348454FA9D1DEE930DE4DB18E4ED044B19C927F0A9C6911DAD98423CEF338CAF1F4354BC3B2DC47729334CCCA7E55C28C0FC2BA7FB23122E06E28C73953D3DB15DF470D1AD79463AFF005F79C756A4E9B516F439B104D082841707B31C9153E9D6921604BB08D8E029000E7D0D742D611C92094282588CE2AFDB58294F2E44C91CAF1D4575D0CAAACA765B18CB18922B78391ACEE9A2666DAE36E0F63DABA65AAD0DAA2AAB01F30EE7BD5915FA064D467430DECA5D36F99E162E6A7539BB8B451457AE72850690E7A807F2AE63C65E36D1746B0B848752B29F520A560B459D4BB3E71C807A03D7E9515271845CA5B22E14E53928C56A74E4D51B9C302AC33935F2B693F1B3E28CBE2E9745BBBFB5682390AB4B204B59A019EAE08C1C01D3AF239AF79F841E25BAF12F8499EFD1C5E5ADC35BCAED19512E3055D4F70411C8E320D78F2CC29E25FB38C5ED7D6DF71EAE232AAF834A7369AF266AEA362242CED9C139E0D635E69E902B48B16E2E4F00700FA575BB199C13B40C703D6B36EADCB892374208E149FE95E1E2B2C52BC920A58971D0F35F11D94E2E8E1A3646E362FF0009FA77EB4CB5D0442104912AC9203B030E33EA7DABB58F4646B9F32570FF0030F7E7D2A69EC17EDA924A546D500115E0FF0062CF9DCDADDEC7A9FDA2ADCA8E0AE34C7F20A311E646B9C838DA338FF3ED5CE8D36E7EDC6358DE4B5DC5A6EDB9B1C73DBB702BD6E6D1EDE5B59C3F563DCE3F1AE4E5D0AF2CF54F951BCA0493B8F0DF8D7978BC057A124DABA676E1B1D1926AE73F146C6E638B788E18FF00808E83BB558BB173392AD2B954256227A151CD6A6A1A63CAD0C49188C4C0163D588F4F61FAD45736D3DB62291495048520702B9D53A915AAB1B7B68CAD6DCCA82257942BAB1756C020F2C7D4D6AC1346B6C23949322E70FED4DB41BE578FECF1E24017D3F11E95A1058F9F1AF9FB86D185008CFB11FCAAA14653F8756454AA97C44BE1FB779186198AAAFCD8201FAD6930315BAB46419147CE3A1069BA0C26D36E179C1E4FD3BD493A9964DC0FDEC64E7BD75429B852BCB7386A4F9A7E44312C321113A643E072C462ACA68A997620EF5070BF5E9566CECB64C37E180E33EBEF5BF05B177C865E17A639AEEC3E5D2AFACD6A73D4C4F23F7598BA4E9859111C153BBE53E86BA7B3B1296ECA71D33802A7B7B74584614673B855D0514104F5E38AFAACBF2985149BDCF36BE2A536664310322803201E6AFED554DC01C81DAA890CB70E14E36BE083FE7D39A735F61DADD5D59FB735EA52A5087439E526CD02C98186009150DB5CDBDC4B2C76F710CCF0B6D956390318DBD1803C1F635CEF8F3C4D65E0EF03EA7E2AD59C2DBE976CD2B8EEE7F8517DD9B6A8F735F08683E3FD624F115F6A33DD4F67FDADA97DBDE485CC6CCFE69936B30F42C719E9F438AA9E3561DA56BDCF4B2FC9AAE3E139C5D947F13F45B345657823519F57F06E95AADC84135ED9453C810E46E6404E0FE3457AC9DD5CF0A5171934CF8DFF00697F8B1E2BBEF8B7AD6969132699A6CF3E9D0D9B48D1B6D040DDC36165E090FD46EF4C57867C4CBD483C4171358DE5C3A1C794EEEC1B18070FBB9DC39071C120FAD7E8AFC4BF841E04F1D6AE9AAEBBA5137F1C7B3ED16F2796CE3B17038723B67E9D2BE5DFDBB7E075C7862CF4EF177862DA7BCD1A1885BEA6B8DD25BCA5BE594818F91B81C0E08E7EF66BC4AB4314AA394F58EF7FF807DCE5D99E5D38D3A308F24AD67D9BFF0083FA9F39E93E2AD559E35967918400AAB3C85B8278C03D318FC6BD8BF673F8D2DE0FF174579A94D74DA7EC297D0424B2BA60FCC13382CA4E474EFEB5C2E83E11F0AD9BE98DE218F5EBA96FD15BC9B2962B70242B9302EE46CB0041DC4F3D0019CD2F8AF49B4D16C25934EF0C14F3232A59679956390E3697472DD01C9038248E401CF1548D3751493B3E87B3354AA51746716D3BAE9FE67E8CF86358D3FC41A5C3AB6957715C5ADC46B244E8F90558641F6E3B1F7A92FCB3DDC6E84FC9D707008E95F257ECE1F13B4AF0E6A4DE20D42DAFEDAC2F2C4C37690A190473EE5C12AB8040DBC003203671CD7D07E01F885E13F15DBB8D1B5B86EE58896641BA374CF7DAD838E7AF4ADA35635BDD7A1F138CCBEA6166DA4DC7BD8DE8ADA5B1D49AF1EEC84727CD473F2E3B1F622ACCDB4CFF0023EFE3391D0D36F26866468CAE598606E1DEA87889F50B5D243E94AAD72640388BCC66CB00768EFC7AD68E9C631670A936D1A775119AD90A3909E6A865C7519E79EB46B7080AD90327A71FCAAE8DA645544236E0953DAAAEB2FBD09DC3E5193EE6B9715844E2DF52E9D469A316DEC48BB532800678C763DA99AFDA33C22289546ECEE90F5C63A0F7CFAD5E5613C79C9F94E49F5F6AAC88E9249235DB4831B111F9C739DC7DC723DF3ED5C7FD9F070E5B6E6EB1124EF730ED34E11CD80370231D3A56B1842C71803EE025BB7D2A0B8BD821172657895163C879240A33E87D3EB56F4BFB3C7A4DA88A612871B41F3039624F76EF8ACE9E55085D22E78A94B5632161B8EE62A33D7A66A4611971B581E7914D76C79C9244CACA7E551C9C63AD45196CA47B58349C60F507D2B3780B479770F6DADCDFB75578944846EDA3041EA3DEB534B257BF1E95CCD89B84C1452EB92A0E7A115AB6575329E14B838C051CD7AF84A1CA93974392ACAFB1D009B83182738E7148771180707391EF5416E829DA17126DDC413F76B9BF8B3E2A93C25F0E357F14C36925FC9A643BC5A4728432966098DD838C6ECF42700D7AADA48C21094E4A2B76749753C2C22596450E54B0E6B1FC53AC681E1FD38EA7AE6A76FA5C16EBB8DD5C4CB1A007A727AE49C57CA5E2AFDABBC65368EFA5E9FE12D374ABEBD430C37535C4972149C80530814B11D3764020E41E95E1DAC693E2EF10DC5C5EEB77B2DDCD338792E2EA6662CE0649CCB8C63DBFC2B9AA568C51ED61325AB55FEF1F2A3D8BF6D3F8F3A378E6D34DF08F836F7ED7A5DB4A979A95E79655279B0447120600E132C49C75231F76BC8FC22E352D7628DD4BAF94C760EC00C83F9D73DA6F876E8DCF948921663C10A707DF35E95E1BD1E3F0F68C4337FA5CEBF3B0E760C0E335E363F1106B47EF3D8FB5C0D18E0E8AA34D1F5FFEC85E31BDD7BC152E85A9C8B2DC68691C714814297848F941038E3819A2BCE3F610BCB7B6F1FEB9692C444DA8E9E8D0CA58807CB725940CE39041E9FC3457D0E5359D5C241CA576B47F23F3ECF70F1A38F9C60AC9D9FDEB5FC6E7D4F55758B1B7D4F49BAD36F23DF6F770BC32AFAAB020FF003AB5487A57A4D5D599E426D3BA3E22FDA5BE096B7E10F0F4D05BDECBA9692732D898DC2185D3EEB3A7F7D4123729C306238C015F3F8D6B539234FF004F91D4ED49A366C97C8FBD939C9E71EBCD7EA378CF48B1D67457B4BD8564CF31123946F5FF001AF8F7F68BFD9C3568B574D5BC0F15B8B598FEFEC5A511790FFDF889E0A9CE4A93C638C8E07C8632BD1C162BD854F81ABA7DBC9F6EE8FBAC9F3455E9F25576977EE7CE1E14D4FC45A96B56FA169DA97D9C5D4A148998880F1CB498EA001C91CD7A1F8A74FBCD2BC2F2B4BE24918470889DED11A3DA17838607760E3B9E9D80E2B996F0AF88BC3F7CF6D26857563A92DC884B0563B09EAAAC57055B1918241E7B55BBDD26FF0049F03DEE98CED2C9389259771CAABB28040F5E075EE69626B53E787B292D6DB5B5F99ECD0A12AB194A5AAB973C3FF1A7E217867C2C9E1DB2F16B2D9DB0C5BC935B2CF3431B1242891816E0F201CE01E3815E8DF033F68DF13585FDD5C78BEF2E3C476E2CFECF669691C293452020F98C3037EE00A96EDD4E6BE65BAD3752B2D32D27BA81D5752DCF0939CC8A8DE5918EE33C7E06B73C050DD8BA9E1B3CC371241B577B7DDC649DC3A8EC47FF005ABD9F62DC6E9EA7CDE2151737074D7C96A7DA1FB3CFED11A7789EF751D3BC65041A2DFC599ACE792E156DEE22CEDD80B11B64008C8E87048C6315EC377AB5ACAB8419F34650B020115F9EFF0011ADADE18AD6D14DBC978612D74F03128C4F1B4AE480DC7407BF3835CF695F117E217856EA69F48F14EA28275449639A533C722A0DAA0AC991C2F0318E38AE75394BDD96E557C921282AD45DAFD0FD1ED2EE233638425C990EF27B7AFF004A82FAE49CEC2B86248F7C57C27E0CFDA93E26E80658B54FECED6EDE625824F0790F193FDD78B1C7B106BB4D0FF6C0455F2B54F055C6EFEFC1A8AE037D1D077C77A254A69AB46E8F22583A916D33DF3C656771AEDE49A7913471A90D98C0C3FA0627F1ADCF83F71A459C33F87E7D5229B51D357F77A634A86486038DAE231F36CCB63711D4D7CBBF137F6B49196D53C15E1FF2AE5A106FE6D49F7059303E48C46C370077649233C600E6BCAFC25F197C6F65F14754F1B96B5BCD5359D35F4D9D5D1D1238582E045B1834654A29041EB9EB934E9E15466EA4B7348E1EB558FB347E90C9A89793CC4442CA7696041C5412EA300BA4412C1F6BC64465817C1EF8EB8C8C67DABE37F0CFC67F8909E0DB5D2E3BAB586E9232B3EA7E406B99F2D9079F91481C642927AD640D6FC6571AF4DAD7FC249AA1D427852296E1262AF222FDD538EC3B7E3EA6B9EA636941F73BE8F0DE2669B9C923EE9562DA7B16CA98DC33797D0F3923E951EA5E24F0DE832DBDDEAFAC59E9E2E986C13DC2866C6780BD48E4F2057C7B2F8C3E23EA5751C975E2BD61CDBE4C0904FE4C68C40E76A000FE39A86E74CD6F59D41B52D4E7BBBBBD7509E6CCECCFB4745C9E40193C57256CE6853F856A74D1E17AADAF6B5125E5FF0004F61F117C74BE82E6F2D6CB53B3F2EE6FA76B2BC68F2EF6FBB11AEDE8B85239209247E5CA5CDCDB6B5A35B437FE22D6A48AC97023975066872BC8C29CE4819F98F3DB351FC3DF87F23626BC876E7A281D057A669BF0D96F2D775BD8F98738E807F3AF94C567952A54E48B727D97F923DC583C060F44ECFBE878978CB41F09A698B736D777114B72CA7C9172A0CBF37DEDA01C3739C81EE79A62F83F4D92349D2F1A60DF3AA4EEC7208C91C9E7A0E7DB15DFF8C3E1F5BC734B0CF68159095742B820FF004AC6B7F86F3DEAA0B5D667B4753B4975DE367A000839CD14B3883A7CB39B476FB3A4A2A54E47293D8D9C72145B88824401C2B00547B03DFE9D6ADDCDAD9FF6723FDA23E06D7F3480CB83DC67BFF4AF6EF843F007C197D6F25DEBD73A96A72A4854A79DE446EB818CAAF3C139FBDDABD27FE14A7C33DF085F0C40B0449B4DB091FCA97FDA719C96F7CF3DF35EEE072BA98EA11C45297BAFBFFC31E0E2F3EC2E1EABA6EEDAEC97F99E67FB156890DFDE5CF89D5D1EDED23315B796C31BD8956271CFDD53D78E68AF7CF0E685A2F87F4FFB0E85A4D969B6D9DC61B3B758949E99214727DCD15F6580C1C70941525F33E3331C6BC5E2655765D3D0D1A0F4A283D2BB4E0296A72847453DC139AC5BC31DFCB358B4336D8CA87664211B72E7E53FC5EF8E86B675C89DECCBC68CEF19CED5EA477C56219CB7CE14942EB18E791EB91F5E2BE273EA2FEB12E7578CADF97FC0FC4F4B0B2B455B74707E21F0F5A3DE496D2319615C0CE3FD567A03DB06B86F127C39D2AE95C045C3020865E6BDC6FDAD6282E238D1198465997D723B9AE1F51464900707E740CA48FBC08E0D7C1E328AC1C9383DFB5F43EAF2FC7D597BB73E62F1C7C20F11699E26B7F1159CBFF092DBDA224434EB8211E388139441F74A9CF2383DF06B9378F4CD1F5094EBBA34D69A8D9C584948903DD02CBF209370098191BB047A2D7D71710AB1E79AC8D5740B1BB5713DAC722B76650457B780E2DC4D18A8558A9A5F27FE5F81D1570B4AACB99E8FC8F8FF0052BD975CBDB589AF659DE588A5B45275645CB6D5C64AE5B7633F538E951F89BC29E6E9A25B56F319C6EC2E0E3EA0743FE78AF7DD6FE12F872CE6F32CF4F8D0EF6640D93E593D768EC2B12EBC0682CE4579164450D847F94E48E0861D0F4AF4BFB7E8D59DE1A77B9E9D25054945B3E5BD4B4DB881F6B46CAEA72323159928941DB920F7F7AF78BAD1638AEA48F51B3171123795E630F9E338CF5C73C1EFC8ACE93C0BA5C8CB2ADB6F5CF4C9AF6619BC23A4D1857CAD4F58B3C5ADED64964DB1A126BBBF02F85A4045CCC37600279DB8AEBED7C23A7C57FB22840453F7B6FF004AEA869D0C091E2351E5A056C904938F51D0FB75AC3159B73479606985CBE1465796ACCEB0D3CBAAC6CA0120058E31D4FA7F9FEB5E93F0BFC29A7DC411EA1AA2C8AA724403277638049F4F41F99ED517C29F0DC5E23D6544A3CCB1B4CBCE216C06600ED1B80193C9EFD8D7B5685E1AB48248E68BE482219D8DFC3815F2F8DC6493E48EFD49C763634FF76B739AB0D074890AAD9E9CAA7DD3381EB9CD6F697E1DEF1408A0314398C0208E4FF3AEA7C2B602E259FED166B6F0248444FB81328F751F740E460F3C574B2592085D0A6D4420864F5F5AF265869D5D6E789533392764733A1F85A7B888ED9047FC3F303827FA549749AE787C868E4768837CE172C80FB8AE97C36DA8A5BC7FDA8F6DE7B3301F660C23DA18ED1F373BB0067B67A715A339171296F987EECA90DC64E7A115B472B872F3426D4D754CE379854E6F7D268F30F114CDAC5C3DDCE0191C0DC00C565D9D9089F20639AE93C6DA5B585F25D5BC7E5C12FDE5CF0A7B8ACDB38DAE674B7846E96560A807727A578156962156709EB26FEF6FFCCF7A85783A2A51F87F23D17E165A791E1A599970D33B107D4671FD2BA8AABA55A2D8E996F669C882354CFAE0727F3CD5AAFDEF2BC22C1E0A950FE54AFEBD7F13F3CC556F6D5E753BB0A28A2BBCC028A28A00422B3B5BB48E485A758819170580E378FF001AD23515C02D0B28EA47158626842BD274E6AE9950938C934705E22B8D4238126D32D16779241E7C12FEEDCA6704A93C138EC7155FC57689716ECD083E65B0E9FECF703F9D753AA4514A8AB2A0DC4ED1F5ACBBED37C9891D6E0C487E40B9E3713EF5F138FC865569CA11926BCFFAF99EBE1F19ECE7195B5479EB17CE437E7493DC61318EDC915ADABF877538E6CDA5A4932484ED0832463D7D0573FA9595E412AA5CC52AAB7511AEE6FCABF3D9E598DA355D2941E9D6DA7DE7D7431787A9052E6333589DA73E4C31B3B93D0726AA5B783F53D424CDC130A1EA3B81F4AEC3C376B6254B432A065237291C8FAD7402DA19271BA40138DEABCB1039C715E852C0CA9FC671D5CCDAF769AB1E37E37F8517D0DB19B4E84DEAB9DD2AE712C4DC0CA8FE307D3B63815C569B6F1685AB88232AD339F2CDAC96FB5867391F377E3D0FE15F53B3077F35C2C6A06E6E4715475E834AB91E6DC69B6776C576B3CD6EAE48CE76E48CF5AF4635125BDD0E8E73554792A2BA3E6AB6F0CF883C417FBB4DD22448D896323C45138EBF391B71DBEB5BD6BF0CEF12D6292FEFEDB4A591FCB549F12170DD003BB00F18C679FD2BDD8059A254B68BCB86355289B36055F40BDAA9F8834EB5BBFB20BBB24BA16D72B711C6C99C4A99DACA0F704D3759A6BA214F37AD2D20AC67785F4AB6B0B710DBA848E3844518550BB401B49E31C903935D559DBC2DE5A6DC2F9390A3A1239359A56404855018F38208E31D3FFAF53DA5DB46EA402A76E0719EDFE79AE4E557BA3CCA9394DDD9B5692C71B87464DB213B48E338FEB8ABCB751244B1ACB866E403DAB9996E2E6DE551046C564E15770C13ED5A5A6DE25DE9AB35DC02DE7FBBB51F711F88AE8A5292D2F6673CA3D4BE6E5DAE1119C90188CAAF031F5AB534CA5800CA5CE1B1EBDAB36DA69650CB1079508C821871F5357ED2C512147958B95E32C071E841AF5B0580AF5DE9A2EEFF004EE6339C6241AFE8D36A1B6DDE522271B9D718E87819FCEA4D0343D2B4CB94960B506E40DBE6312C57D7AF4AD785C3DBA82F9DA48CFBD431B7FA62E48E5BA8EF8AFA9A195E1635A3514139746F568E5962AA7B370BE86A8229D50AB66A4535F4279E3A8A28A0028A28A006B1A8A46C548D504FD0D00509A55F3C8232CBDAABEA3A7B5FAC31995A28E390484A7DE2476A66BB6CF3C4C6195E29403B5D0F22B1A2F104B692ADAEB51EC5185FB4AE42B76C9C7DD3FA57157A09A775A1AC26D1D3C1188C7CD83C60E7D2B9FF001569893DA488AAAB3CC42AB81F74FF0080EF5667BC827B8020BA073D137F6F5CD54D445DC6A1D9CB64E57B6FC76FCB8AE2AAA15236B1BD394A2EF72AE876305A6906410C6591DB76D03E71D776074279AC68FC391EBF6315D5C42F6E43BC916D629227CC70091CF3CE41E9C56E5A24893BAEF6603E62D8C2AFF9E2AF405D25504EE0C81B703D6B92584854828B5A763755E516DADCE6F42F0E4F69A338D42EA5925572C4095B0ABD142E49FD7AD53F117DBECEDA1586F072C0C8258C1D8BDC035D66AD3092D05BC39324C70580CE2B1FC4FA42CAC679A71C6D4D8DF758823F1AE3AB965150E551BD8D61889395E4CA3736FAFED8678E6B650919D80A6323A64FE159E26D61256945C420A8049319391DC649AE97549D9D5635642514038042E47A7A0ACE082EA175902B20250E7A1F5149E53856EFCA4FD62462C735E4B3C72F9F711BC6D962AFF2B71C82083C1CFD7DEAEADF6A067DAB68638E36F9599B39E3A803A0ABF1C08C790BB7760003A62A5B292391C47E9C11FD6B3FEC6C245DEDF8B1FD624CC7BBBDD4266488DD04407253CB1CFA727A56EE856C86DB9959DA3C310D9EA6A8788218EDEDC98D36B940C36AE71F3707EBFD2A27D52D6CE55B7FB42399146369E547BD75D1C161E93E68C089559356B9D8DD7C96D18B548CB105C824818FCBD6A5B0BB4FB08334DEE4B75C9ED581278820B6B5CDCDCC514318077C8C06EC8E83DEB9CB9F12C97C045A3D9C97443F56CA47F5DDDFF0FCEBD28A6DFB8AE73B7FCC77736A6CB3130BE14F259F0157DEAB681A84BA96B525C2B6EB7887971B0E8E7BB0F6FF000AE6F4BD1B54D424126AF73F2768221B500F43DCFE35D96956F1DB44B1C4A1401DABBE851945F348C2734F446EC32645584391542D89ABD1575191329A29168A00751451400C6A8661915618546C334019D711D665FD9453A15950303EA2B7A58F355E5873DA80389BAF0CC71CA65B1964B77FFA66DC1FC3A5529A0F14D9B66DEE2DEE501C85990E41F63DABBC7B7F6A85EDFDAB1A987A75375FA171A928EC70E35ED6ADED9A3BBD137723FD4B0208AA967E336FB53ADF69B756BB582464C795DB8E735DEBDA29EAA2ABCDA65BBFDE854FE158BC147A4997ED9F638E4F12E8F148B125C48DE529126790E0FE3DBA7146A9E21B19D1BCF9E311291B01C60FA639AEA25F0FD83FDEB58CFD5455697C2BA53F5B284FFC00564F02DAB737E1FF0004AF6CBB1C87FC253A53DC321BE44C2E59A43CAFBFD2992789ADDE210C5770B3CAA5924563B5BA601E38CD7609E13D257EED9C43E882AC43E1FB08C7CB6E83FE0353FD9EFF009FF01FD617F29E7B6FE2BBB4B916F2E977571CED3716E998CF7CF2738FC2B460D42EAE89FB3D85C6E2720B2ECC7E26BB94D2AD97A42BF954A9651AFDD8C0FC29BCB29CADCD27FD7C816264B648E32FF42D575B58FEDD7925BA460612DDB6E0839CEEEBFF00D6A5BDF04C1792096E2690C8176EE53B4E3F0C576EB6FED4E16FED5D91A14A2ACA262EA49BBDCE1ECBC07A6C722B4AAD2EC3F2F98C5B1F4CD749A7E976F6A812289571E82B5D6DFDAA44B7F6AD52495910DDCA7143E82AD4117B5588E0C76AB11438ED4C06DBA631C55C8C714D8D3152A8A0072D14A28A005A28A2800A6B0A7514011B2D35901A9A93140159A214C308F4AB78A4DBEC28029180534C03D2AF15A428280281B7F6A4FB3FB55FD83DA8D940143ECFED47D9FDAAFF009747963DE80280B7F6A5FB3FB55EF2E8D94014841ED4E107B55CD828DB4015443CF4A7AC23D2AC6DF6A502802158E9E100A936D2E2801A169C062968A0028A28A0028A28A0028A28A0028A28A0028A28A0028A28A004C518A28A003028C0A28A003028C5145002E28A28A0028A28A0028A28A0028A28A0028A28A00FFFD9, '', '4', '3', null, null);
INSERT INTO `menu_item` VALUES ('3', '2015-08-19 21:10:19', '2 EGG SANDWITCH', null, '0', '2', '0', '', 0xFFD8FFE000104A46494600010101004800480000FFDB0043000402030303020403030304040404050906050505050B080806090D0B0D0D0D0B0C0C0E1014110E0F130F0C0C1218121315161717170E11191B19161A14161716FFDB0043010404040505050A06060A160F0C0F1616161616161616161616161616161616161616161616161616161616161616161616161616161616161616161616161616FFC000110800E000D903012200021101031101FFC4001F0000010501010101010100000000000000000102030405060708090A0BFFC400B5100002010303020403050504040000017D01020300041105122131410613516107227114328191A1082342B1C11552D1F02433627282090A161718191A25262728292A3435363738393A434445464748494A535455565758595A636465666768696A737475767778797A838485868788898A92939495969798999AA2A3A4A5A6A7A8A9AAB2B3B4B5B6B7B8B9BAC2C3C4C5C6C7C8C9CAD2D3D4D5D6D7D8D9DAE1E2E3E4E5E6E7E8E9EAF1F2F3F4F5F6F7F8F9FAFFC4001F0100030101010101010101010000000000000102030405060708090A0BFFC400B51100020102040403040705040400010277000102031104052131061241510761711322328108144291A1B1C109233352F0156272D10A162434E125F11718191A262728292A35363738393A434445464748494A535455565758595A636465666768696A737475767778797A82838485868788898A92939495969798999AA2A3A4A5A6A7A8A9AAB2B3B4B5B6B7B8B9BAC2C3C4C5C6C7C8C9CAD2D3D4D5D6D7D8D9DAE2E3E4E5E6E7E8E9EAF2F3F4F5F6F7F8F9FAFFDA000C03010002110311003F00EBE0854638AB091A819DA2A96A7AA58E976E66BB9D2341C658F53E83D4D4DE17D07C6FE362CFA3D81D2B4C5FBFA85EA60E3D550E31F563F857DBE9D3FAF99F32E56576C5D5353D374BB7335EDCC50A0E3E638C9F41EA7DAABDA49E24D6914E8DA48B4B66FF0097CD4418C63D563FBEDF8EDAEB747F03E89A0DD79D83A95F2FDEBEBAF9D81FF67230A3E8056CF96C7920F3EB5BAA0AD793BFF5F7FE472BC65FE047116DE02B3B92B2788B50BAD6181CF92E7CAB607FEB9AF5FF0081135D3D9D85B5A40B05ADBC7044830A91A80A07B62B40447D31F5A568881D322B4E549592B18FB69C9EACCE962500E0553BA41E51E3A1AD6B84F94D67DD2E213F5E3DEB19D91BD36D9CE6AE06D2715C5F8AE716F6D2487B0AECF5A3953C7D6BCDBE2048DB3CB04E0F5AF0334AFC94DB47D1E5945CE4AE703AAB35D5D3CAEBC935464849EDDEB61E0FC85472403D39AF869CEF2BB3EC20ACAC624B6FC74E2B9DF1A4212D164099DAD9C1AEDA58801D2B0FC470ACB68F114CB30E005CD119A4F51CE0DC74313C19FD93F64BA1AC095EDE41968D18FCFC74F639E4541A8E9FA3DE6A9043A30BA08E16377906086C60E067A56569481EEC5BBB60EE3905B1BB0DC0AEED74A090ADED9DC23DC59B6E90EE57F29947CA9B47A703F33DAB3AB254E57B9F4D92D5A32A769EFB1CF6ADE1E6D25596E826F0DB3CC66DECFC0391E83B6475AC6B8488BA471CBE6490B6E7573C8CF51EE381D2BD16DD2DBC57A5CE61BB105EC0ACB379D18C6581E548EC0E3B719CD70DA84663B940F3C7E5A22ED92284276E41CF279CF39A9A7524DBE63D34A35A2E2F78F9142EA596505AEA3F2C7448DBE461D0F423F1AACA244B864D9E579F1ED4C2E77AF5E09F5AD7D3A4B7562241196790866653E9C107B7FF005AB2F5948E3D488750F18036A862517D7EBEB8C8AE98C93D089B9538A65529963132ED71CFA67FC6A7B14FB3DDB5BDC40E8C3875652181FA76ACD6DC6561C0E72A1576E3D3E953CB35ECF766EAE679A791CE5A49A42EEE7BE49E6B6715668E786265CCA56B58E8E1B78B259631E62A7CABBFAFBD666B92DCDBDC482DC05590159029C965239069D61A8901F7AC2C5D42AC8C4EE8B904B2E0F27031CF18269B3C51BDD093CE62A5F71C0EA2B9E31E596A7A7564AA52718CAC675A497C9244F14C418DB7C41F8DADEDFE15B7159A6B9ADEF93C9B013AE4B921231B57258F60491D380491D3355350BCB7F35E2B7525392AF247C807BE3B1A48AF0A27DB2058C14381B64DAC0FB818C83CD6B7D53B1C54A9F2A71E7B92788219239E0B87B692259204605C957907215DBB0C8C703FBBD3D62F2752F54FC855AB8D483B08FED42E936E54E4E3A7420F423A63DA9DFDAA7FB907FDFAFF00EB544E6EFB1B538415DCA47E8F7C2CF81D65A54CBAD78B5CEAFA946376C93EEC67D00E8BF873EE6BBDF1C3B7F63416F6F69E4423215146D4C7D077ABDAC788C4AEED6B6EC11B8DCFFE159D236ADA8AF9659C42DD491B500F5AFBD8CAB4E71A956C92E9D17C8FE65C4D78B6E14E4DA7E5B9C50B691DBFD59E2A6834E91D464B60738C135D80B7F0FE9D83A96A0971283FEA603BCFF87E759F7DAA249BE3B1B786DE06E9BB9908E7BF6EBDABAE59AC5BF751B53C0626514ED630CE9EA146E2DCF4E2A39AC900CEE3534AD70E4862A3070BB4F6F7A89CCC783266B9AA675083D9B3D0A593D56AF292451B9802924F23BD666A56D2BA19043214C75D8702B7BCB97390CDCF5E7AD5E8752B88D3CA56D800C2E501C572BCF2137671B23BA195382D2576794EAD6CF206F2D1DB1C9C2938AF37F1C5B9337DDAFA3A54F2164789155A4E5D80E58D72DA9E5EE98B42879F98EC15E5E3F110AB1B6A7B38183A4CF9EA2D1B519F9874EBA901E8560639FD2B5749F00EAF7CAAF301681BB4887701F4AF718A40D19192A476A7D96977DAADC0B6D3E079E76CED44193EB5E32A1453D5DCF5D62AA3D123C435BF0D43A5C9FE8E98DA811D9F9DDEA7DAB93D72DA12486500FAF506BD43E2233AC8F0C8BB5958861E84579CEAF1939CD7CF639A588F759EBE124E54FDE3C6BC5B00B6F12CABE5B2AB1122B2FD0E715D8E91AA68D6DA708D1635BA9ACFC8B871F28E40DAEE3BF4183F5CD65FC54B40A96F727821CC6D9EE1BFFD558B616E4E92970D3A2A60C72F998CB0500AB293D4E723E9F5AEDD2AD18B6CEBCBDC61897196C4B77AD9D36E3ED569247244D212D16E3B0F1B49E3A122A3F126AB6D3DC4D15CC33C7750E6267842B47800E383CF5C0FA67AD615FC91490C8C85B247CD8E87F0ED5515A3545089F281D8D7553A315667BB52BB551BD3534AE5AE8E9B05F18E5584B18D6458FE46C0C9E7D7DBD2A85CCA1C207639EA01E5466AFE8D32B07B1DD2BC64EF48CB12A0E39C0E9542E9A2B769E178039270AC09053E98EBC5691B5ED60A924E9F3B97F5F81524F9577796403FC5EB56E4FED0B0B3382CB05C004B4643237B123BFB53E09639544B7304D76D1284488BED40B8200381C60E0F5F5A7CD2E34D96D3CE85A513A92B6E0B2C839C9DC38E303008EF5ADAE8E24DA93B37AECD14A36925741B01E307DEAF4337EEA48678D6667DBB242E7747823A63AF031ED4914125D3A8B1B69E451C64C7C16F4F4357534CBFB29AE565D398ED8B82E990A48E083F5ACE53499DB4DC629F33BF995257612279A1A650701413CFA0E39EF4C9CDC585FCD13C725A4EA1A29E2923DAEB91865DAC320E3F1AD71A36AFA535A6AB34F6D04876BC2AED8752390C3B0607047A75E714FD42D6E354D52E752D5AEEEAE2E6EA46B8B8BDB87129B890FDE6DFD58E4F27A1E2A61529F2DD3D7C8CAAE2A3CDC8B6F999F616D1F0D12279857760A93F2E3390455AF3EE7FE7DE3FFBF62AEA7D8A3B65B663731CCA482A881F048F5E3AD4587FF9F7BBFF00BF5597C5B9AFD6F0C96FF81FA2371E29D62F6E3CC8E6FB14609F2E2878DA3DCF734CBFF105E4F105BDD4A691547467C0FCABCD757F150818C76E4C92FD78158AFAB5F5CCDE64B70F9ECABD07E15E7E6FC6F430D274E9DE52F2FF0033F39C170E42C9A8A8AF43D54EBB6717DE9D147B9A58FC53A5A9E6EBFEF95AF2B84EE6DD21249ED9ABD6C71D140FE75F1D5F8FB1A9DE30497CDBFD0F6A19051B6ACF50B4F12E99370B767E856AF417D04DF72746FC71FCEBCBA104AF5CD5DB56950651D97D39E2B9E1E226293B55A69AF276FF00309E434FECC8F56B6DAE8071CF23DE9D3DB82BD38AE1746D6EE6DCAABB92BF5C8FFEB5767A36A50DEA05079C7735F6992F1460F33F762ED2ECCF1F1597D4A1AB5A11F9795287B1C62A95E582952428C7D2B62EA1218903BD56973B4822BEBA328B8DA479F669E8721A95BF9121286A3D37C477FE1EBB17FA6CDE54E8A46EC6430F423B8ADBD4E00E4E066B93F10DA304603D2BCDAEAD7E5676D295F46713F11B58B8D6B569EF6F5D649E53BA47540BB8FD00C570BA82E73C5757E21B77499B23BD73B7D17049AF8FC4CE5ED5DCFA1A0972AB1C2F8E2C52F34B9636F94ED254FA11CD79AA34B2D808E3958C6EC84C7BB818C8C8FF003CD7B0EBD06E85863B1AF22B742DAB4D0DDA9B7863B8071EA01CE01F4CD7B39754BD369F42B9A54EB4651DC645A5B32F9D2DAAF94DBC00F263CC2A319E0E7827E84823D6AAD9D8812BADC798B144143CB1287E09C676F19383EA2BB2D6E1C86BC834F821458885C295254F724F5AC4D374DFB48B8CBED7500C7804AB91CE38AEEA589E6775B1F532C149D3551B5F232D1E6D39E68AC6E88598B2ACC9F2BBAF400F5DB91D47A9EB4966A5B4E36CD02CB33CC7CB20FCEA718001C7233FCABA58FC397AD109D2D24F27C8DCB24602A8230AACC483DFA8EA7D6B1EF23B794B99B7C132CCAAC5D0EC6C82776E1D08C74FC6AF9B99AB75335EC62FE3BD8A67FB434A996DD9AEACDDF0E2375C09483D70473D3149676324F7324D180C5882AAB800B13C83D80EB5045A8CA208E39EEE7921425A1473911B1233D4671803BD6968BAD42639628B9618C0451823239E7BD5D453516E271D4C652716AF67D0F61D034ED3EC6CAC643630DC2A440AB46A3E423A863EABC9F7AC581A27D1522B9649DD6E4BBDC345E5F3B860153F7BAB678F4F4A4D1A7BAD4B447B94716A277578E379B1B060066C0EB8F4FF001AA0608A124AA91E6B1620C8CC643CF3EC0E41FC07615E1C5DE4D4999C536EF11BA94767247716774222214DF0E5720FCD904038DDC0C01C7073ED533E90CBB47D8E19D44623650FF30000E84673F4E9C552BC6D3E68E559ADE27113EE077E48E00F973DB38C532E3C49358595ACB06AC8D1CEA5504D165D074E40180320F279E3A6315BC295497C1B04E7A96C4B6B6C905C5CC6A244565090A12C073C907827A631CE33CD53FF0084834FFF009F35FF00BF07FF008AAC8F10EAEB75335BFDB5A698B315996502361DB078E00E9C73935CE79737A2FE63FC6BA63874D7BEF53A68D084D7358FA9E16248ED9AD0B4000C8EBEB59F6FD2B46D8600ED5F8B55918463D0BB6AA2AFDB8C0ED5460E141CD5C80F3CD79B50D922FDBF4C55D82A84079ABB6FE95C3501C4BB1A8C7A55ED26E65B59D5D58E33F9554B719ED56E04EDD6B0A38AAB86AAAAD2769239AB538CA2D34771A76A715DDAFCD81201C8F5A474791BA75AE77472CB3045CE7B1AEA74A4674532738F5AFDF386788DE67858BA8BDED8F8FC6E0D519BE5217B1DD1F3D7D85606BFA61DADF2F5AEE8440AE71DAB2F58B60C8C31C57D6CA11944F3A327191E19E30D3592466DB9AE27518B6B9E2BD97C6964A51FE5E3B5795EBB6FB65618AF8FCD30FC93E647D0E0AB7344E3B57872ADC578FF008CAC3CBD6E789892B2E2419E71CF207B57B76A1172735E67F142DBC99A2B8543957C6E1E87FF00AF4F2CA8D4EDDCEDAA94A3722D32FAE0DC5ADB5C4536C99D6259621BD1F818561D88C7E5F4AEC742D14C0D7125CAC1B541540802C992700274CE47EB5E5506B171697222491FF7477A053F287FFEB5755A0F8E2682D4CB7CD1CCDB0A9555059707E5619EBDEBD1953A9077B687A34F329CE8BA5197DE6978A354B6F0CE9CA92BDFDD4EE9B446F16414E48E41C03EF9CF5AF1ED7F537D42FF00748A90C60F007A7626BD2B53F1B5ACB6CDF67236AA1D9133001981C648C63247A7E55E6BAB6A6B7723CA2CE18E573C0237639AEEC2C7AF29E562AB460BE2D4A619A42E57CE95429D8E00196F7CF6FD69FE1E778750952742A7CBDC4EEEA3DAA337EDE5844F2C0C9E9D3F2AA325F2AEA51CB212017018AB6383D6BBF95B8B563C9A9898F3295CF60F855388EFAEBCC9580C2F942523CB5CE0EE23AB74E71E9543C41E22BC9AEDD6D65290895B6322F524107E808ED55FC2B3D9DDDBABA432EE58CAEE46C81B727247B9E39E95A36363E4E9922C85D270FB962745906FE9D8F0DEC6BC2E58C6B37247DBE590A55696AEEFA1CCC17F7AF1C89F69C2AE1B7051918E7EBD855BD1AFACAE1FEC534CF123C27CFDA4364050D93B88C9CAAE79CFA550D72DA64B90B89E4BB9E572F1080E5B9E0A91D4939E0018C564461E4B9091AFCCC7A93803DCFA57A5ECDADCCEAFB38B718AD59D65D59DB2D8C8A6EE391622AC8E8807CC4818247008F7AC7F263FF9E2FF00F8126A6F3E7B4B81F6E13C932C4AA83E5645DA008D97B1000F4ED563ED3AB7FD06352FFC067FF0A71565BB26F25A72DBE67D316BDBFAD5E80F6AA36FD7AF4ABD01071FD2BF06AA522F5B9E9D6AE40726A9402AF5BAF22B82A1A22EDB74ABF6ABF8552B75CD68DA8E84D79F558A4CB96ABED5A16A99E2A1D2EDA5B9B88E082269659582A220C926BD4F45F8797F6BA20959206BC900631BB636FB74E0D75657C3F8ECD9C9E1E0DC63BBB7E1E6FC8F3B158CA5452E77B9C369517FA4003D6BADB04F900E338AA02D55750DBB42B463120F46F4FC2B66CD1428AFD4B83B2CA983C3B8CFB9F3F9856537A16205CAE08EB55F5287319C73E957E38F8FF0A49E00D19F5AFD1E9DED63C393D4F36F1A59B185BE5EB9C57927892CCA4AD91D4D7BE78B2D0BA36467038AF30F14E8C6491885E6BC4CD70CEA6C7A781AEA2ECCF28D4E0EA315C6F8EB456D4B479D3612554B020761FE15EA9AAE8F2AB10109FC2B0353D2EE1237C2300CB83EE2BC3A34EAD295D23DD8D48496ACF9AB50C5AA98A41FBC8CE24FF1FAD509E78D8ED6EE7803AD7A878F3C2369319675568E5C67729E33F4AF3ABED11A0B98D2597CA32B8452463713D39AFA3C3E269D456BEA71E22138EAB6316F2E63820C5CCAA39E83827F0AA11CF737721682D6794B704AA16FCB15ECFE1AF0668F670FDAAEACD64B955CC8F2A6FD83DB8E6BB5D26D6DADE2DC91AA951CA6C008CFD3A5675336A54BE08DCC9602751FBD2B7C8F05D33E1878AEFE2FB4496D169F6E46F0D74F86C7FBA013F9D47ABFC3E4B5B07967D6D249107DC8A1C0CFA649AFA1F5A4F374CF2DE455CB901039DD9C0ED8FD73DABCEBC43E1FF3AD6692290C6C323E71904FF9EF514336AB525EF5922EA65B4630F755DFA9C7FC2C966D396485A725977326E190DC8001F4CF4CD7571CD74B70EF05A2413F9A6488EECAA90036412307FA715C8DA45790C3E50DA92C4FBA4EFB8039DBED5D6C573732E951460C4D2A5B310B18C94041DDFA53C4FF00179ED7B9EFE45522A9AA6F7E8CC0F106A364B04E9002A42AB47348AC2732E5892854E101E0163CE06057256DF2A9C83F2E79EA057730C164162D17CABB92E0A2CF36EB98A3894B46CC4F20F3809C9231860466B1B546B99A08596CADA236C152494487825B29BC600181C01DF93C9AF554972A46F88C2394DCEF7B11D8EB1AEC9A4D8E930DE43F6785A5366BFBBF30120EEC9C6E18C9DB9206724556FED3D6FF00E8357DFF00814FFE3557598AE6DEF2269E3822768102342530C3190C4A923773CF7CF5ACEF2E4FEFB7FDFDAD5DDA4AE792EAFB3934E373EC88061AAEDB919AA68A54E18153E86AD41D062BF9F6AA6B467AE9E869D9ECC8C9C0CD6EDA9D304518124AD264893206D3E847A7BE6B9D80F1DEAF5B7635E7558DCAB9AF1BA163E5FDDED576DBB7159B6BD47F85695AF502BCDA91E88CA7336745BC9EC6E56E2D6429228203038232315D97837C55AAD943703ED735C4CF108ADD2462CB0E4F2FCFA761DC9AE4348D3EE2E083B4A2FA915D769160B6C8005C9EE6BED384F2BCCD568D5E67082E9AF5EB63C5CC2AD071717AB2F69F0955CB12CCC72CC4F249AD3B65FAD57B74C63357AD8015FAF60F0CA9A5147CE56AAE4CB3127CBC1C53E40307DF8A742A597E5E686431E4B83D090315EAC22D6C71B660EB8A1B22B92D5AC8313B875F5AEDAEE09279B6226EEDFE4D626BF0411CB3B4772BFB92047807F79EA47D3DEA2A5372576690958E22E343927F3248602FE52195F03EEA8EA4D719E2F4B7B3B09AE481B6152DF30CA8FAD77BAC6AE61B6B81134A88C30CA87863D837A8EB5E53E3EBE37F6B35A2AB6DC156E98619CF38EF5E4E3B1742853F77768F5F074EA5497BDB1E7D3AA4F2ADCB441A26CFDE19ED501D22C6E9A3668A09162712212A1B691D08AD3BA8F0981D31838145A5BC663F291B6264024F6CD7C7D3AB554AEDEE7D2351E5234823F304A980002304719A8AE1C420CDE5A2965F9CABE0939E9EF4D6B52D334567740E770CE4955C7F11E338E2A928964B711DD29CE321BB7D0D7545736BB18B5616CEF9E6B8249031FA5676B7199C491B6563207CC8F863CF3F4A8AFAD6D6CB6BADDF93106392C4B727F952AC52F91235C4B1BAB728CA4FDDC7735D7455A49A329BB6E79CEB69E5F882444DF146C46D427736083D6B67C0B676B777C6F9A711CC998A48C0F9589E1597DFB1F5AC5F136EFEDCDF1C6EA7CCDA4919CA91C7EA2B4FE15CD14B76F6EEA4425D1E6C9E63E72481DF278F6AF6AADD51E6418292955499D2EBDA1A5BDD5C5FC72C516A124276B839490AB0070B9C2E0115E6FAAC574F7D268B2CA6D6392E9649839214322919C018380C7F3AF4AD65034BE4C4CF2CD700F91E50660ABD39FEE8C915E61E268AE209BCABB6679558AB16CF5CF5F5159E02A4F6B9EF4E175CB2D7C8D9D774493C3171AAE8775A55A497D6013CE9D77092D8128E0491E080D965420F42707A56F7FC2CE3FF0042F5A7FE01DBFF00F1BAF3ABA867745BBB9172E6E99992670C4CC41C1209FBD83C1F7AB3FD81AF7FD01B59FF00C0093FC2BDD8D49C74A5748F2EB528BB7B448FB8AF741825FE107DC5523E1B21BE49187EB5BE674237472023EB4E8AE738CE31EB9AF9DC5E4397E2357147CFD2C7D78697312DFC3B719E261FF7CD6C691E0ED4EEBFD4EE6001624464E00AD2B19E275CEE1D7B1ADED1B529AD258E6B6B89229226CA32B60AD797FEA7E5CDDE51D3D59B3CDAB25A333478227B298477B230901C320EABC03CFE75B1A66836B060AC593EA466B725F12DDEA11E2F12D276FF009E86050FFF007D0C53EDAE6264FF0056B9F5C9AEFC2F0D65F4257A74D5CE3AB98569AD6432D2D428185E3DAB46DE162A4AA9217A9C7029B049B47CBC02B838EF53C24852158807A81D0D7B94F0918AB23CF9D56F7268138F9873DEA42703239A602463B0355FFB52C56EDADE59B1201D08AD65528D2B29C92BF7325796C8D9B0994290C49A927D5ADC466DFCA525976B10793CE78F4ACAD55A6FECC12E9F099667CEC50C07E27DAB84D5E7D6236FB55A5E79CCC489A3913698D876FA55D7C73A294631BFA7F5A853A2AA3DEC75F7FA9C68A19265C29DC029C9247B579E6B5AE6A57F77332DB491DA96215597E793D4B7A64F6A9A59F50BFB10C928B790310CC83249FC685D3D62B2065512B019DD20258E7B135E157C5E2B15274E92692EA7A346853A4EF27739ED603CB094785628FA14DDD6B87F12D908236112850BD4815E8B36D2CDE64402A8E3E5AE77C556B13C0CF800E3F0AE2965952AC79EA4AFEA7A546BA834923CC25C1393D3BF354E4F303E633B5874CD696AB07933B3467DB8EF545704925393D8F15E4BA766E323D78CAEAE84BABB1772AB49636B6B38CEF6B646412FB919207E18AA33DBDADF42619A49A27CE50A123907BFB559BB4CFF00780CF183D2AB2870A1653B8E71BFA67EBE9445CA1A363766AE62EA9671CD782D2E7ECE4B02D12468CA36F7CF6CD665B0B7B5D66E34788CC51621232C80F978FF0064FF00F5EBA8B893C8866665C803E5C67FCE6B2AD5A0BA57943B3E73C3761E95EA519BB5BA1CD520BA1C4F8CA07CB3DB64BC7B5C2A9C92A0F4AA3E188A4676B3D39E25BC9E410449711865C7DE6E4F238F4AD8F13BC305C3CE54A8DA50103A0F6AE7F4986DDAF3CB9CC8ACD70A52556DA51C8E09FC76D7AF1D691CB424E35ACB734E6D66FB4ED41A38A59D6674D8A20F9973C82318CE7818C7D6B33C5022BAB6B32B24FF006D48CA5EC52C5E58470C7691EA0AE33C0C1CD5FF00225B9BA4B69679C6A315E080CB336237C90AAE4F1B700E73D31CD51D5B4F36BAF4F6E6698BC0E45C24D1EE71B586EDCA4F233FCC56B4124B6F23ECE73A72A119C9D9B5D77EC736D7F782E16496493F74774441DA2239CFCA07039E78C735DBFF00C2EDF8BFFF00454FC53FF83597FC6B0754B84B6F105C49027F67DBC2E918B268CEF750792DD54303F31E71938149F6A1FF003E43F235DEA73BB51BFC8F1A5429349D492F2E65F91F694F696B1CF98E56550D8F99F923D6B7F51D2AD61D155F4FD2AF2F6F24004587F924638E87F1AE7AFF00C51E0CFED758A06121DE02476E37B938E067A57556BAF6A9AC689146DFE816B6EFC47180AD211C658F6033DABC1C061A9D25284DA949ED657B7CDE88F90AD39CA2A51D175B9E6926A9ACDA789DF7DB2A63E468464007D33EBEF5D5DB78B67B2611DEE932E197BB6491EA3D6AFDC78662D5F5586E92CC9689F79995F193D813E95BB7E5B4D782DE71B99D498D36003EA2B7C3E06B538CE6E4D6BA697FF226A57A72B452D4C5B2F1868C086692E53273F3C581F4EBCD74BE13D7AC352BC548263203FC20E0D5FD020B08A28E46822591B90190727F2AE47E23F872EF4AD4A2F1BF876236F0DB499D42C4001719E5D47F74F71D8E0D691AB3A4D2BA7DD24F45DFB1CEF924ECF43D5C449E5EE898C6F90172370FD6AD5BC0DF672824CBB63692A171FE35CEF873546BD115D428CD6F346BB030ED8EB5B174D3EE88420841D467B568EAAA8DCD2976D2FF007F63069A76643224E65314EED24918254AE719FA77AB5059C66C52E0C1089B76E95B69E71ED5143E7162CC70C4F183D0558926923D3888C6F91C9054F61F5AAA380A4A3CF3BB7E7BFF00C383A8F6456B2D6E7323BC502393C2BB0E3EA17E95997D134B2CF853963F3B372CC715A567008541654C85E99A82E3CE41FB90A771E727AFAD74549D4F6694E4DA5E411518C9B4B5336DACA348402842F38CF1CFF8D66EB92C715C0B7CF5E49ADABA86E85C2490F08993F3B64E7DB15CF6AB6924F2334A190E48C918AE4AF5BD9454631D59D14D734AED9CEDFCF23BB26D07637DF079C561F8825410156038F5ADDBC88D9292655001CB720E47A5626BD19920695B8F307CA08EA3D6B9D62AF4DC79AF2ECCEFA697327D0F3FD7195E738000CF6E2B2E650C3835A3AEA347758030BEB54241C64738F7AF9A75B9AA34FA1EE417BA8A9206C1079F7CD45185098C0DBCF1DA8D4E6F2630EE8ED93D1464D569A526300ABA291CE0669C649C8D92D065D70EC3395C602E3822B36E96D56226241BCF60719AB9E616764DC5F6F4C8C60553BDB64170260307B80DD6BAE0EDA23392395F19C122D8C6421942FCC31C71E95C54B34ED712C8DF2C6EB83C63690462BD23C498FB0F191B3AF1FA579EEAF186BE31050125CB291C138E7FA57BB8397353B33CBAD1E5A97474172274F0BE9BA84F68F770C864B6B9961197475C1577F41B7A7B0A2D7C3B15B6A7AAEAB73F6BD42DADAC5A58EE2DE50AF6F239011A5CE7209CA91C920E7AD67F853C453DA4CD6D2E365C93281230C16C6DC7A0EA79C77AD4D662632DE26A493DA4A2DC4AA9BC2F998CFCA0918E7A83FECFBD6D466E9D651B6E7BD869C6BE1DC652DB6394D56E55DDA410A441D36C80364EE3D7F0F6ACFF00B5DCFF00CFF5C7FDFC6AE8355D3FED5696EF7DFB8BCB8B785ACE2B2B0664B88955D6473B464382996FA93DAB3BFB3FC33FF437AFFE0B25AEB69D3DFA9A3ABED125A69DFF00E09F756A9A54173A97F6868DA4595A2A26D0EB088F23B9E05436B637935C46BE6E515BE618257F215D0450F988130768ED938ABD656EA878156B0B1E6E647E7FEDDA8D8B5A5DCCF6B6FE4C31201B70C5B9A2E2CC5C5C8BA9B0F2A803791F311E9F4F6A9ED62DEAD1AF07B1A54CA128F9C8EFEB5D35652A91E59EA8E68B49DE3A32C5A5B432261D7713FDE39C56A3A44F6822DAA00393C75ACAB6902BE54D5A137BD654E8D18A7CB14372937B9A36CA891F07A74A943123A9FCEB3E19B9EB5623994F535A592D845981B20824E69FEB8AADE628E738A68B95571CFEB594D5D5868B623DE39CF269C61DA326AB7DBE2039719F5CD48BA85B018320C7AD64E953EE5A5226308DB9233ED59BA844873B94559B8D62C1570D7112E3D5C0ACABCD56D24C88EEA13EDE60A9956A305CAE48B8D39DEF66646BBA6D9DD232CD12B0239E2B98D4F445584C713B05EC09CD7557B323A921811EC7359574E1B8CF15E7CA961A53E77057EE76D27522AD73CDBC49A54F1860880F0464673CD7297511B797F7B192BC9603AD7AF6A10A48A7815C8F88F4A5955B00579D8BC043E3A7B9EAE1F132D148F3E6955DC911A804F0339FD2AA6A17B6B0B2C32EC8A4619191C362B4F55D25A298C880AE0F4CF06B1F56B282FADFECD771E4824A907EE9C6322BC88E92F7CF562D4968509B54B332AC61D7CC3F757FBD50C5750DCA938DA41C13E86B95D42D27B6D712D5823953B8F19279E188EC0E0568209B2240CC52407703D7DB3E95DD1A4924D31C922FEB71FF00A3965457E7907BD79EF88A4F32F7CE5C8604A8F502BD099C4D624672715E71E2689A3D45E3071BDB2B9AF5305B9E6629B4AE8C6F10C3E56DBE8234F321054F7CA9E9C76F5ADF9B53BFF10F855279E40D79632A46EEABB77C4412A4765208238AAF02ADC47F62674D8A479929EA530738ED9EB5A3A0E8B756F6AD656E659ACA67DCF346DB7CC5DB952783B719ED9C815D739C5C55F75B5CEACBE84E7894D3B47A97B5BF0EDEFDA748FECAD6AEF53B81A34578C96F1CA4DB99149953073C296219B8527EB5CD7F65DC7FCF29FF00EFE9FF000AEE346BEB9D3A0BDD26192DB4A91520FDF58CD296936A9DCCC4B13B5C37CC9D0E471815979B5F44FF00BFAD5BD5AF4EEB95BF96DF89E8492E676D5777BFE163EE68540E3156630055746C75A9E361F857A67E68E572EC184C10707D696ED44CBBC1C11F7AABAB6470695D8E319FD69DAEADD049EA36D640AACAD9DD9F97FF00AF532CDEF552470AD9EE7AD4465F73592825A1B2D4D44B8C77A5377B39DD926B20DC81DEAADFEA4914649615954972C6E6B08393B2362F753654203D63DDF883C9525987E75CAEB9E2221CAAB735CDDE6A92CEE7E6273DEBE1339E255464E9D17797E07D0E072873F7A7B1D95EF8BAE412B14A7F1E9F95665CEB77D727F7971230F4CE2B9C8A42D8C939EE6AE40F8EB5F018DCD31D896FDA5576ECB447D151C0D0A5F0C4D24B891CF321CFAE2A752C7AB13546193007BD5A85F907D6BC3A9CC757B356D8B5134AA3292B2FD0E3153C77976A3FD66F03FBDFE35591C16FFEBD5AB7E47038EF574731C5E19DE9546BE673D5A14E4BDE43D6EC336D906D27D7BD47771AC8B8C039EF4F9A2565EBD6A9991EDDB6F2C9DC57D7E53C6352EA9E2B6EFF00E68F32AE023BD331B5AD3030240AE3F59D3C2B1056BD2A529347904106B9BF11DAAF94CC057DBCA14B114FDA53672D3A9284B959E61AFE8B05C86CB491B3000BA1F9B19CEDCFA67B5528B4B4B68CC7E749203DDCD74BA92FCED59177D7E95CD4E4D2B5CEE6F4B995736DF64B57D8DBC939195E99AE17E20A4724B1B46409BAE14F3C77AF51D0134DBAF10D9DAEB33CF6FA7CB281752C0BBA48E3EE547738AE0FC71A6A5BDD497769F30E43175C1643D33E86BD4C13E59DD9C5895CD16713AADBBDCC28905C18140DACDB793CF4FF003EB5E95E09B5853C228B059C52EA70C61ADBE6C17E3183838E40E86BCDE504480C481F1B9D9738CFD3D0F15E81E0DD4621A65AB5AF971CFE6AA3B3A9E47272D8F4E95D98CE65056D91AE5FCAE4EFBB4731A66A5AFF00DAF518A581D2E20836858D70D1AEEDB820E72003DF27A562FF00C21FAD7FD36FFC7FFC2BD67C55688F04772B791ACE8DCB23E1828FBE1CF7E46464F7A83FB6A1FF00A0FC1F97FF005AA6962DDAF0491D6F09A5A6DB3EBC47D9206C0383D18641A3CFC1ED55E77C0355249F0C6BE85A3F3A8EA6CC171C0E6A6F3770EB58097586E0D5A8AF063935AC755629C6C5F9D80049FC4D66DEDEAC608A4BCBC0508CD62DDC8F2B90BD0D2A892D8D29ABEE5B37C5C1E70077CD733E2AD60A02AAF93D00F7AD1BE7FB3DA31CF38AF3ED72F1A6BF7E785AF92E28C73C3E17921F148FA2CA30CAA54BBD912CD74F231CB679E7DEA4B77C9C56742C5B19F5AB901C62BF28A913EC52496868C0DDAAD40E7354216C55889BDF8AE29C4B46944E08EB53C52ED3D7F3ACF85F9E6AC42416AE5940AB9A76EE0F3DEAFDB4B81806B2227F4AB903FCDD6B8EA42E65257469A9CAF354EF5430E39152C6FC62992F278AE78AB331B6A65492BDBCA7AEC3DAB3F5D72F0120F0476AD8BE84953583A83AC31BA4EE15473B98E2BEC322CDAA52FDCB7EEB396BD18C9F325A9C76A8A4487AD63DD8E0D741AE44439E2B06E48C9AFB2C355E7317B196B2795748E72541C1FA1E2ABEBB6A6FB4FB88E20A5A181A403A6E55193CFAE39A9AFC601359F7D2F9960D188DB783C3EFE8B8208C77FAFB57B787D6C7254D8F2DD544915E1116E2E48C6DE2BA0F02C776BAD491DAB3B154F31622DD48E7183D4F1D3F2ACAF10C4C2FB21B6B13B09232064D5DF0D6A77BA5EBB6682D3CCB4DEC1E5CE0A29E323F5AF5AB5E54EC8E4C2B509DDB3D52C1A2D674D7D4E22D0B4F2AB885D76E18E411CF5040FCBE9573FB16CFFE7C57FEFA5FF0AA1693DAC57F63159CCD2C7B582C6847240241C7BEE23EB5A3F6AB2FF9F393FEFC8FF1AF02A41DEF13DD8D6E5566CFA2AEDB6835917970549E4569EA7C66B99D525DA49CD7DCD6F74FCCE83B9645E10D9CD3C5F90DD6B085C1CF5A69B9F9F04D73C6AD91D7CB73A38EE4CA6A6080213591A64BB88E6B58B7EE481E95D94FDE5721E8EC60F8AE7D90301E95E7CC4BCACE7AB366BB5F171CC6C3DAB87CE38AFCCB8B6727888A7B1F6591A4A9365A808AB50B60E335421638C66AE5B9C8AF8A9A3DFB97A13D0135614F1D6A9C3C639AB3113C571CD0E322CA13EB566D98E3249E6AA4640353ABD612457317627E956E073C1ACE89C55985F8C66B96711335627C8EB526EE3FA552824E82AD21C8AE3946CCC9E8129CAE319AC1F135A43716E5268C48A700A9EFDEBAED274E17703CCEFF002A36368EF585E27B7305CB201F21195AEEC3D2AD492AB6B2661ED22E765B9C6EAB68EA8C18EE5C65598F3F43FE35C96A4BB242077AEF7515F32CFA72062B87D7536CC57A57E8997CD4A119AEA714A5EF34CC6BBE474E9594FF002923D3AD6A5CD675DAF3915F4545A309EA8E13C5F0F957C4F3B58E4D674D7323CBE53338192786E181C74AE87C651078831EA0F3C573024DF2EE89095404B63AA9EC2BDAA6D4A099E7A6E3368EF3C017D651E94EF2A4D24A2450640DF32AE3FA7F5AEE7FB7E0FEF7FE466FF1AF2AB6BF2D1C171671949601FBD60B9571D811F9E6AD7FC2531FFD03E3FF00BE4FF8D71CA94B99B47A4A509A573ED7D5D72A6B91D68F26BAFD54FCA7D7B572DAC425896C7E15F578AA775A1F9C6127DCC062C324D402525C9E4E2A6BFF009411E954064C9C1E2BC7A9EEBB1EBC1DCE874697A56F46D98EB97D29B6915D05ABE63AF4B0FF000D999D4DCC8F13C7BA26C0AE0AE5764EEBE86BD27568B7C647B5709E22B568AE0BE0F3D4D7C371660DB4AAA5B1F4992E212F7194236F9B183572D9FD6A8AE739A9A37DA715F9FCE373E9AF7352193DFA55857C62B3A09307AD5B89B2B5C93894BCCB292F079E6A68A5CF0DF9D55503B66A500D6128A34B97E26EC2AC46C78C1AA50B1DA339AB509F4ED5CD342E6B176DD8D5F818ED159D0649157EDBA81CF5AE2A88C6723AAF02C0D2C3748904B2BB805760F95700E4B13C0AC1F1EDBDCDBEA42DEEE2F264112BEC3D406E47E9835EE9FB3B685689E0CB8D4EF51645BAB8F9438E02C7C67F3CFE55E61FB4ADED85FF00C4B9E6B068DD16D62491D3A33807BF7E303F0AFB9C764DF55E1FA58894F576D3D4F0E8633DA636504B4EE7973A031B8F435C478A907DA1801DEBBCD84C6C47735C6F8BAD984EEE7383DABD6C9694BEA31958D6AD45ED9A392BAF4F4AA13F4E79AD0BC186C5509B9E319AF7292D04D9CD78A23636CD8E8466B869FCE8672C80805C1255B1CE7907DB15E95AB421A36183823BD70DA94461BACA0DC377201AF67093F76C79B5D7BE98E6D422B79D5D2305189DC186704FE35A3FF090D97FD03ED7F26FF1AE7B52B69A3BB8A48118A672368C9028F22E7FBEDFF7E4FF0085752A516931FD6271763F412F793FD6B1B554CA9AD9668D93EF0ACDBE55E467AD7D1CD5D6A7C253BAD4E43558C839ACF8D3F795BFA9C2371E959A6101BB578F5A97BC7B14A7A12588DA456DDA3FC80D645B80A4735AB68C081CF6AE8A2AC39EC58993747F5F5AE7FC45A78961618E6BA58C823A8A8AEA05910F7AC71F8386229384BA9B616BBA734D1E593466290A303C1A4ED5D2F8A34AF9CCB18E7AE2B9B61B18AB75AFC7730C0D4C1D774E5B743EEF09898D6A6A489627C75AB96B2A93D09FA5668618A9E0700E41E9EF5E64E173B54B436ED9A372AA180CF1C9E9576E6D1AD881280BB865790411EA08AC385C11D454F1B0381BBFFAD5C73A7AEE3E634570ABC1A9ADE438191C55480F4F9EACFCA00C1EDD6B9E4BA10E48BF6F38638AD1B590000E791DAB16DCFCE307A568C320C75AE3A91B3BA319A3A19B5EBF3A647622F6E3ECD1E42C02521172771E3EB58178D9071DFD053FCC5C75A204134A3B806BB294B139856852949BE88E56A34E2DA26D1348BBD42E22B3B3B79279A53B5634192C7D2B17E2BF85753D1E668AF6D1E27D9BD863217D467A646466BDEFF679B5D3B48B2D57C47A9F931AD9AC6AB338CEC0C0E557FDA3C0FCAB84F8D9AACDE24BC32AC6F15BBB49242AE792AC78623B7CB81DF3835FBE6579353A79772CB4763E3B119855FAE2515A753E69D4A12AC4639ACBB842189C679AF40D7B42259B6A77AE6350D1E74CE633D715E2CF0B5293B347B70C5426B7398BD52549C707F4AE535CB61E713B48FC2BBFB9D2EE738F29BF2AA33E892487E7849F5E2B6A151C3522AA525B9E78CA466378C3A37F095E87D41ED4CF2D3FE780FCEBD0D7C2AF372223F952FF00C21AFF00F3CCFF00DF26BB7EB50EA72B524ED73FFFD9, '', '4', '3', null, null);
INSERT INTO `menu_item` VALUES ('4', '2015-08-19 21:10:19', '4 VINES CALIF', null, '0', '0', '0', '', null, '', '11', '3', null, null);
INSERT INTO `menu_item` VALUES ('5', '2015-08-19 21:10:19', 'A 2 Z CHARDONNAY', null, '0', '3', '0', '', null, '', '16', '3', null, null);
INSERT INTO `menu_item` VALUES ('6', '2015-08-19 21:10:19', 'APPLE DIPPER', null, '0', '1', '0', '', null, '', '13', '3', null, null);
INSERT INTO `menu_item` VALUES ('7', '2015-08-19 21:10:19', 'APPLE JUICE', null, '0', '0.5', '0', '', null, '', '7', '3', null, null);
INSERT INTO `menu_item` VALUES ('8', '2015-08-19 21:10:19', 'ASSORT CEREAL', null, '0', '1.5', '0', '', null, '', '2', '3', null, null);
INSERT INTO `menu_item` VALUES ('9', '2015-08-19 21:10:19', 'AVALON NAPA', null, '0', '2', '0', '', null, '', '11', '3', null, null);
INSERT INTO `menu_item` VALUES ('10', '2015-08-19 21:10:19', 'BELLYS SEASONAL', null, '0', '4', '0', '', null, '', '1', '3', null, null);
INSERT INTO `menu_item` VALUES ('11', '2015-08-19 21:10:19', 'CEASAR SALAD', null, '0', '2', '0', '', null, '', '13', '3', null, null);
INSERT INTO `menu_item` VALUES ('12', '2015-08-19 21:10:19', 'CHICK BLT', null, '0', '2', '0', '', null, '', '12', '3', null, null);
INSERT INTO `menu_item` VALUES ('13', '2015-08-19 21:10:19', 'CHICK TENDER KIDS MEAL', null, '0', '4', '0', '', 0xFFD8FFE100C945786966000049492A000800000007001201030001000000010000001A01050001000000620000001B010500010000006A00000028010300010000000200000031010200150000007200000032010200140000008700000069870400010000009B000000FC04FC0F4800000001000000480000000100000050686F746F46696C7472652053747564696F205800323031343A30363A32312031383A31303A353800030000900700040000003032313002A0030001000000C800000003A00300010000007A000000FFDB0043000402030303020403030304040404050906050505050B080806090D0B0D0D0D0B0C0C0E1014110E0F130F0C0C1218121315161717170E11191B19161A14161716FFDB0043010404040505050A06060A160F0C0F1616161616161616161616161616161616161616161616161616161616161616161616161616161616161616161616161616FFC0001108007A00C803012200021101031101FFC4001F0000010501010101010100000000000000000102030405060708090A0BFFC400B5100002010303020403050504040000017D01020300041105122131410613516107227114328191A1082342B1C11552D1F02433627282090A161718191A25262728292A3435363738393A434445464748494A535455565758595A636465666768696A737475767778797A838485868788898A92939495969798999AA2A3A4A5A6A7A8A9AAB2B3B4B5B6B7B8B9BAC2C3C4C5C6C7C8C9CAD2D3D4D5D6D7D8D9DAE1E2E3E4E5E6E7E8E9EAF1F2F3F4F5F6F7F8F9FAFFC4001F0100030101010101010101010000000000000102030405060708090A0BFFC400B51100020102040403040705040400010277000102031104052131061241510761711322328108144291A1B1C109233352F0156272D10A162434E125F11718191A262728292A35363738393A434445464748494A535455565758595A636465666768696A737475767778797A82838485868788898A92939495969798999AA2A3A4A5A6A7A8A9AAB2B3B4B5B6B7B8B9BAC2C3C4C5C6C7C8C9CAD2D3D4D5D6D7D8D9DAE2E3E4E5E6E7E8E9EAF2F3F4F5F6F7F8F9FAFFDA000C03010002110311003F00F5624D19E78A29083EA6BD23E347649F4A5069A07BD28CFAD0342E4D4ABD2A25058E38A9141C03CE3AE3BD2631C9C83EDF97E34F0406C13CE71EF9F7F7A45037A9C3138DC3D71E8077352AA92A809C800850A3231D703FD9F53DA91714C45197C02D9DC470DCE7DBDFD4FBD3901DB9F552C3D38FE21F4EE3BD3910F96E06D0182AB2FF000E3B64FF0073D0F7A9153F78C06E0C7196239E3A161D98761DE82AC33A293C0C206E4640F723B8FF00669D8C13DB6E339E76E7D7D73DBD29CA9C061B800770006581F503BB9EEBD85288F68006D5D99C6D390B9EBB4FF167F8BFBB49BB1561810EE54DA0FCDB36E7927FBB9EEFFED74A4182540707767010F071E9E8477CF5ED53B467956087E40A14F0A07F749FF9E7FEDF53492201BC1C7CC06E0FC6EC138DDE983F77D68BA0B103821036DDB94DF903A8F5F65F6FAD21FBA5B9C2E0B1278E7A13EDE9E956183025816077EE27196278F9B1FF003D3FD9A6E194800FDDC952A013EFB33D49FE207A5171344054E48C1386DA467927D09FEF7BF6A67DEDB8E4B12011C671D87B8EFEB53B27EE9395202EC55CFCA3BE01FEE7AB546E99C8383C6096E01FAFA0F43DE98AC439C8C8C723231DFE9EDEB4C39EDDBAFB54CC9C9CE79209DDC1E3FBDE8DE83BD4527CA0B727B903A9FF00EBFAD04BD8631C8FA547939E6A4230B9C83DB8EF511CEEFAD3440BBBFCE280C33FFD6A693476A648E53E945345140051451D734005380E0E78C0CD2638A91578CFF779FF003EA7DA81A1620075C6060F23A7B9F51522A1C639CF0307AE49E99F5F43444BB403D36FCC08E719EE3D4FA8ED53A20C79654018DB8CF183D79FEE9EE7B549A240A831801B96C601E5B1D81ECC3B9E86A48906382A77296F91701803C91E883B8EF4E08A4927191F2119C2E072158F651D8F735304663F36589393BF825BB31F461D97BD26EC5A446157CB24B200007CB292A149E188EE9E8BDAA4D8C010C7EE90181E4A93D037AB1FE13DA9E014E773AB677028B960C71F301DDCF74EC29E23C10C3E5EA176B64283D554E3E6527EF37F0D2E61D867964B3050E496DAAA0FCE5BFBA0FF00CF4F56E8450AA09041560DF74A0C06C75D9E98FE2FEF549B14218B0A576EC285FE42BD426EED167A3F526A48E296562111E477C13B860C9B7A6E03EE95FE11FC5DEA64F4BB2D45B764882351B325A3C6D0C5B1F26DFEF63FE797FB1D68C6D43B982ED519DFCEDCFDDDDEB9FE1C7DDEF53146523025DDB84AACCBF367A79B8C7FADFF0063A504055003636021767CC5727929FDECFF001FF7734934D5D31B838BB356200986C10FF7B6152DF3EEC1F973FF003D7FDBE98A6F965B1B7E6DC70047F29623A85F423F88F7AB0C831B76260829B4BFC9B7FB80FF00CF2FFA69D73C6691D37B12409030018CA768618E037F740FE13FC5557B13CA54658C82C0AE0A96071F295CFDE03FE79FAAF5269B2261096201500B16E4007A161DD4F61DAAD36F0065A4E4EFDDB46FDC380E47693B04EFD714C7073BB95209394F98A13D4AFAB1FE21FC34F98562A326320861B480C18E4827A063DD8F63DAA20992A0E58E769DBC127D07FB5EA7A75AB4C9C0508A0608014E554770A7BA9EEDDAA175F373901836322438040E809EC9D30DDEA886B429B039E31F80FE5ED51BF5E071DF35625392413927920F19FAFBFA0EF5048082475EFC7F9EB4D19B56227A294FAD14C81168A5A2800A051DE9C3AE2801CAB91926A58D4E40191CE00F7F4FAFBD4680FAD4E8BF4C6304678C7A13D97FDAA4CD224910395DA09E7036F1B8F703D08EE7BD4E8B95040C8C6EDC3A11DD803FC3EAB4C8D411F360E460EE38047607D07A1EF53A0EE7924EE24F0D9ECC4766F44EF52D9A24390614E7014202CC465554F4661D4A9EC3B549B4EE21C15F9C021DB73027A2B7AC87F85BA0A178C725594EF52065909EACABFC4E7BA7F0D4AA84205180002A154EE014F5507BA1FE27FE1A9B3D8B56163562C02067F9CAE15B6B961FC0A7B483F89BA114883720C61C156DA546D5603EF151D907F1AFF11E95343034EEB0C71090C8BB02336D5651D10B768C7693F8AA4B8B6308F32E668CA3C8A0C84FDE61C0638E32BD028EBDEB9AAE2A851FE24D2F99D5430788AFFC2837F22BB28084928ABE5862CE32817B3B2FFCF23D027506B7BC37A5CB716B248DE6C2B90E58FDF20740CDDF9E9E838AC7D26E6DA726486379C2CCFCE0A6241FF2D0EE03E66FEEF4ABFE11F12582EB5FF08E496D716970603308A418462DC923939C743FCABE7B31CDB09885F578C9EBD7A1F4F966478AC3CBEB1523B2DBA99BA9699A9C7A9CAF0480B2162A25E7907A63D706ADB5A3471ABCB033B15CB240DF708CF11FA6EEFEBDEB7EEE3321591946E56DAFF4FE13FD0FE15467B38CC2B23379B192586541C1E30067DF35E14E9E2705093C34DA8BDD5FF23DE97D5F14E3F58A69B5D6DF99C65C78A2CAD60B9B8921682482163E4C91E111738D99EE38CEDE82AAF84BC5B17884B45750AC170080AE63DCB20EC580EAA3A0CF424558F88FE1DB6D426B76174F0AA9D9B85B960D9E81B1D40E7F3AA1E04D226D12C6EF55D55E386721835C4326F0B10E4918E0E40C11D55466B9B29AB8EC466304AA3DF5BBD2DD4EBCD6965B472B9BF64AED69A6B7E963A4D844982AE08600A96CB2B9E884F7948E8FD00A8F0405DB97C310045F2927BAA13D1C7F131FBD5CEF8D7E20F847C273C76BAD6A71C370F0E45AC4AD2B246DCF967683F2B0E727E61E9587AC7C6BF87D6D6524D16A5717F2888010476522B49E919240002FAF53DEBF459E370D07694D5CFCEA9E4B98D549C28B699DCB01B54864C6C2C19570A477651D907F12F7A8265E0E48C0505B23803B1F743D876AF27D03F682D2AFF53FB2DD786B575691C306B4559D99BB4850007728FE11C57A068DE2ED1355D5974AB396E62D418975B4B8B66827CE325D124DBE6391D51738ED4E963F0F53E19138AC8F30C2BFDED2696F73466040218E30707773B4F607D4FA1ED55655C1E39E7181FCBEBEF56A391248164888031F285E4A83D40CF507B9FE1E6A0994938383DB19FD3E9EFDEBB534D1E34D34EC5634869CFC1EB49D055190D8F38E734529E0668A005EF4E07E6A69A913AD0343E3EBD3F2FE9EDEB56100C1E9C2FE18F53FEC7B75A82320F5C1C75C9C7E26ACC2483C925B76FC91C83FDEC7AFFB3525C76258C0C90480303264E401EADEABE83B55CB78776376132EBBCCBD549FEF1EEE3B37402AB440823076E0E41519DA4F71FDE27B8ED547C6F7DFD8C2D022EE69E13E5C40862AE082769CFCDC71D38CF5ED5E1E7B9954C06154E9EEDD8FA3E1ECAE9E618A74EA6C95CDC5934A8AF05BCFA83E464975500A7AB0E721B8F98F7F4A26D434E8EEA28A4FDDDBCCCC2178E6DDBC8EA80745423E661F5E6BC9B42B8D5AD7C5971AB497134C9A60319B66076CD3C8BF3AEF3D901E4FAF1DAADE890C1E2FD42E2F9F5B8F4F4826CA416F1EE9166DBFEB01CE1460F5E73820F5AF889E7F98B924E7AF91FA14386B2C517685D1E83E20F15E9BA74B6D6ED6E812F7312CAB20F2CB8E89EB819E99E715C549F1196FFC6705A585AEB12DA69E99BF5B4B6799795217E44042E5B3C93D2B46EBC37E10BE58B45502F2468FCC845C5C4B290030DE43A361327271D79C54D709A3785FC3F1C3A45CC3A6E43DC4C2DB334AC4AEDF34263E7231804FDD009E6BCEA989A955B9D595D9E9D0C3D1A5154E9C2DFD7E673DE0EF1CEA5AA7C40BBBE74BB86DAD613B2DDE32AD2B92421756E98CF4C77E78AD2D2BC4D77A5F89F4FD4B59D3AF628A51245F6AB8556316EC9E06490A48E4E001915CAC5E3999EF7518A0BB78ADA68A5759E79B74A046995258F20E5781D326AD691A56B3E24F0DD9F8835668239A531BC7BEDF71114795EADF2A649DD82AD93D78E6B34FEDECBCCEB9538CB46B7563DCFC2DAC43ACE9B304955826E5DEBFC43B93F4C035AD0BC73AEC4C399588DBD009178615E27F08AE61F05DA6A8F71ABCB7B6D717DE7C39576F20151BA32E465C67247000CE00E2BD2B4DD5ECDB47B9D56DA78B6DC481B616C947C6CC8F4CE39FF76BDEC363A0E8EB2BB47CDE2B052855F7762AF8B2EEEA0D5A2B7D3A78D608D72F18003E720F0D9E7A5635AEBD6D77AB5E6876EC900101DAE995F9D94E700FF1679C8F5C1E0D725E21D6EC26F14FD9E1D47CC7B2F2D9EDD5CA9989F462391CFE157AC75DD26F268A0974C8CCD1C8015DC414521B2D9CE79E3AF5CD7CF2C4548D6F68B46B53DBFA9D39505092BDCF18F8B965F13AD7C4F1CB69E1CD4F5016F16E1716B6093040BC641419071CEDEBCE6B88BBF0AFC4116CF7B75F0EF5C0B961F269D27CC476DABF37AF38C1C75AFAEA1374F633DBC0AB2C5802D64129595013F32B6D1DB040EF8EF5CEE8DABEAE979716D696E9A6DBC6ED3CB712CBE76170000C464F396E33CE3B57A4B36EB287E2CD29B9D38F2C12D3D7FCCF983E14F8F6EFC39E2AFB55A68F6FF69818C6E93B4AAD1E78656019587B835ECBA7FED05E31BDD5974D3069305B22B2A3C167999091C6D7919B047A8C1AED35BD0FC1BE29B19352F1268FA55E5EDC0DD2DD797E45CC7C637ACA30723031BB9ED835E5771F0AFC456BE256D43476B2D4B4E698794B15E2FDA150F4DE8D81918C1C1F4E39AF468E63427EEC5F2BECCE6AD05377A9047B9784E2B98BC2D68B7D2CB2DC1467777FBEF9763BB3FDDC1191D4D4F30CF508A318CF6C763FEEFA0AB71A95B287F765418D090C782420193E8C3B2F7AAF700E7AB723EBCFAFB1F515FA0E1ADEC63677D0FC5B1CDBC5546F7BBFCCA6E323BD2353E5A899B8FF00EB5749C0C08E31452D14083BD3C1C530D387DE1498D13440639C73D73D3F1F7F4AB3083B867716DDB7AFCC4FF773FDFF0043D3155A2231C7E1F4EE2ACC38E78EA318CF51FDDCFA7FB548B8EC598017C2AE496242EC3824F70BE8C3F88F7AE77E23E9B63A86A9A6C924C91CA89E7472A60A42141CB468E700E70001D3AFD7A15DA548601C3280C09DBBC76527F840ECDFC551EBB6ED75A6DCF911C6D746074599906F39E7041185391C2FA57CFF0011612788C27B8AEE2EFE67D570B6369E171A954765256FF87383B3B9D36C6DA7B38965BF69130AB2C1B8DCDC676F257AB73EB8A9753B5F0D685632C93C6AF7370DBEF23B6063566DA3866072C0631C1C753DEB9AD5AE7C4D6B7B058CCD696D1D982F0A2CE044E541C023AC6D9E01C6326B9AD6BC537169A9DC5CEA63CA855007C283B5C8C8C81D47039F4CD7E6CA94F6B9FADDA1A3B93DF7886E5BC556F6D6B6AB6964D710C6AB6A7CA8C2961938380318C7E75DB6BE35DD7F5130F853498E283ECC09B9861DA1533B412FEE0118077633C54FF067C3FAB5C5AC9AB697A7C5BAE91BEC8B3AB367A1F3BE604460F2149E71C815EEDE12B33A269296D7B76D7770799A529C3363A2803851DBD7AD7661B04EBBB5AC975EE70E3B308D17A6ACF9BF54F861E26B3F1B41E245D4347B865766584ABBFDA25718DCC194AE10E4E48CE3D3AD7A5EA36B790CAB77777B6B2B46DB189663CB1DA00E3D3F007D2BD41BECF2480C5248B86C906352A3F035977BA0E9B7374B7176D23B26EDA11F6019C761F4AD713965796CEE71D3CDA37BC91E2DE35D012E6E161BEF100D361076C91DB425DCB633D7851C71DFA5716BE2C5F045ED9DAEB3A8B3D8091C4B76D0032C91329C1280E386C64FBD7B8FC56F0836A31DBDC699760F92D978A576DADCF0703D2BC23E2B5858C179730EBD6AF2A98490AA00F2F030BC819C9F7E2BCF546A52A8A15968CF569622957A7786ACCD9750906B525F5AAB6AB6EC80CDE4A32E18E482A50FCC70067071F4AD6F09EBDA55C4D7D093E55A5BA48A183B48649581C104F230C78CF61CD7997C25F171D26287C39AB5C35BDBA931595E345940324AC3277032480C3B1C1E82BA6BAD7069DE369B48D3CC7773DF01773496E88CB1AB13F29607008008E3B73DEBAEB60E4AF151BAE8C4AB41495E5AF63D8FC11E206B0860B612ADDEFE111A401B8380C0F623D6BA1F1AE86753D02E974BBB36A91AB3496F12ED038C92001F53DF24D78D69FAEE9971A85A36930C8AB1A387995309110C38527EF64E726BD0B4BF13A5B788904D2C8B1C9047E6295C10C73C8EE41E3DBD2BCCB4A9FBB2349C39BDE8EE8E1D66B279648AD2D659A15999236172DE69403233905786C93C64FB66B53C1D737ED64D7F05ECA525CA1B79E046F2F69C7CACAD8049E3763A7D2B77E21F84ECAEAD6E3C57A698D2611EFBDB465D83681979971D180C123BE09E0D71BE0CBF69EE0595ADE4178A3CB9166B642C082BD323393DFDBDABAA385AB597EE23CC73D5C6D0A31BD6928FA9E97E0EBEBD9AE0DBC861FB30814B065F994E36A9C8EA78C671EF9ADB9998E4E4920F017AE7BFFC0BD6A1D16D22B2D3C24206E751B9B1C93DF1EABFFA0D2CC71F780C7B71C761F41EBDEBF4FC93035B078454EABBBFC976F91F9071063E8E371B2A94A365A2F5F3227E476EBDA98C063BD398FCB8FF0038A61F4AF64F9F109E7FFAD45228A280172714F069831D38A7739EF4022784E3F1F4EFF4FEB5622231DB1B7F0DBEFF00EC7A8F5AAA9E99EB53C6C783B8FF007B38E9FED63BFF00BB499A44B68DF7B7607037EF19017B17F553FC23B54E84FCC181CE42B063F3AB760C7BC9FDD6ED55627231FC254E41EBB73DFDF3E9DAA58DC00147181B02F5C0FEE67B83FDFED48D53B3394F1A7C33D03C55A8FDAF529AFDA46251638660A091D500C7DF53CB13C71C573F73F05ED4EAB617D6FAA4D7A96972971E4DCB33C57088C09241E4A0C60E79F4AF5056CA608C861B0AE71BC0E899FE103FBFDE9DE66F62492C58862C7E5DC4747C7F091FDCFE2AE3960B0D6B722D4F4219A63216B547A1BDE1AD56DF4AB35859A4F3AE0091E5201DCC7918F6C671D38C56CDB5EE9B7500B95BB8E4427EF970B8FCEB886F2DA2789F72A6376546E2A7FBFB7F889FF9E7FC3D6B9FD73C2CFABDAC36D7DAC5D8B689D98C56EDE53727856913975FF68636F7AF07FB1F114AA725169D3E97DD1F434F3DC3D5A7CD5D353EB6D99EA575AC6896AE827D4ACE00EC4297942EEF619EA7DAAA47E27D22EEC5AE6CF53B7B8B70DB0CB13AB2E7D011D6BCCEDFE1EF84900171A48BE75242FDBE769B69FEEEE7276AF7128EBD2A0B8F861E0D9DC3A697E5739063768B7FBB01F731D87F1574BCAEBDB492BFCCC5677864F58BB7C8F41D57C53A2DBDAF9BF6E867570C046B28612F2415E3BE463D8D785FC53D434AF11EA92B5B2A43691E229D2E0E7033CF3C67FBA3DF915D64BF0C7C3634A5B1B69B50B6B6C970B04CCB82589326DFEF6EE7CBFC6ACF867E1BF8634799AE52D0CF3B6374D3B995971C0C03F7B23B7F057062387ABE2251E7A8925D8F42871461B0F06E14DB93EFB1E5DE12F005E6AFA8C42D608A3B6B5B821E729F35C498C044CF47031C9E0E2BA6F10FC17D3AFD15EDEE9A3B8DC42B5B2040E47551EE3F8F3C1ED5EAF0C50C71F971C28AA14C7E5A9E1475F2B3DC77F37F0A792ADC70FB800411B3CC03A027F836F63FC75F4185C152C3D15496ABCFA9F338CCD2BE2710EB3767D2DD0F99755F87FE35F0C1736660BFB027CE0A92B27C80825C0EE9C60FF2AC7D0FC4FE266F1AC4DAFD88F2608D4189091F20270E47F157D5B711C771912FCEACDB99B67248FF00969B7B30E9E5FF00175AE6F59F00F86B52984B736987E4EF46F99377F12E3EF16EEBFC35E7E2F20C2568CB92366CF5F03C558BA335ED5F3457DE56F066AF6B77A8C4648D10A4A7C85C1F9159402C73EA38C648AD1B2F0ED969D70E2D6048C1958A25B80A33924AA7A38FE23D08A87C35E0ED23409F364D7242FC82192E0C89193CEC527A83D77E703F0ADA989231D430DB8CF503F873DB1FDEEF519264F5702E6EA493B99710E794330E45462D5B72BB05550539E0ED29C2903AEDF403BFAD549D89238F719EFEFF004F41562760C4927713CE4F19C77C76C7A77AAB21C1C1E33CE339CFBD7D223E4E4309FF0039A631F9A87CFA9A43EBDE999831C74A29A067AFEB45003D8E29413D6908CD28A00901A9918F1CF39E3D49F6FF006AAB06FAD3C31C1CF714149B2DC6F9C609F98E06DEA0F7DBFED7AD488E366E246CDB9E07CAAA3A81FEC7F7BBD530E76FD460738CFB7B7D7BD4B149CE72719073D3A77C7F4EF5268997777CDCA8E996C8C2EDCF1B87F733F74549E632E4BE473C990F39CF1BBD5FD0FA550121EB9C956C86EE01EF8EE7FD9A7C6CABD091B7E5E39C03DBDC1F5ED4AC5265D591983150EC49E3CB3F3EEEE14FFCF4F53E94E56C00C0800820151F2803EF14F45FEF8EF54D8E7E50010C02905B861FDDCF61FED77A72B9C83CF3F313DCE3B91DB1E9FC54580B4CE0A9CB2ECD833BB9409DB3FF004CBD075CD3B71E779604E37EFE48FEEEFF0053FDCF4E2AAB4983953803E70D8CE33FC78EF9FEEF6A1642B8FE1DBD39CECCFBFF00167FF1DA2C8772D095CE71E633EEDA7B49E60ED9FF009EFEADE829C1DC90C01C95253CBE0FFB5E5FA75F9FD6AA3B7F081918D854B6001FDCCFA7FB746F077024F231B48C1600F73FC38FFC7A9D82E5932FCA7E68D90AE7BECF2FFF008C67B75CD299194FEF3036E03097A60FDDDFEABFDCF4E2AB19B2724F72F96EFC7DFC7AFF00B148240A7A85C10548F9BA8EA33D73DC7F0D2B20BB2C176381894B6F048230E5BB6E3DE5FEE9A6ABE0AECCE77129E570C5BF8B67A3FF007FD6ABB3AF96AA141EA8173C63FBA0F7FF007BB74A6972FD7E7DFC1FE1DF8ED9ED8F5EF45909C896464DA3010AE3E5083E52BDF60EC99FBC3B9A8A72AAADE605C632C48CAEDEDFF00F414C924CF25B3BBE62718CE3B81DB1E9DEA2690E4EECAFCC4FAF3D8FE3E9DA9D910DE824BBB3925877C3753EFF005F4AAD21CB7000FA53E46E3DBB9CE48351939E4F5A6886D8C6E4D2672283D7AD26453245E28A6E79EBDA8A0076EF634858FA567EE6FEF1FCE8DCDFDE3F9D006886E7A1A72B11D01ACC0CD9FBC7F3A7066C7DE3F9D034696F27B1A70739ACC0CD8FBC7F3A40CD8FBC7F3A18CD65931D89CF7F4FA52EF383F7871F97B0F6AC82CDFDE3F9D2877C8F9DBAFAD481B292A8039CE39E7A11E9F4A709C8C0E7E53C9EE7EBEFE958C8CDBBEF1EB8EB4A1DC60876C9079CFD682D6C6C898E782DD73C751EE3FDAF5A5171B719180BFDDE8BFEEFD7BD63CB23E1BE76FF00540F5EF4D766DF20DC700AF7A066C89821EBD0631D867B7FB9FAE68F3C0054C87A0183D1BD377FECB590ECDBC8DC7FD701D7B7A501DF728DCDD1FBFA74A00D73395E771EBD7BE7D7FEBA7BF4A69B827000EA782BD7DF1EFF00DEAC7DCDB07CC7FD4E7AF7F5A491982F0C4614639F5EB401B0D30D830413B318EC07A7FBB4924C486E3B0CEEFEBEDE958C1DF38DCDF7B1D7B52EF723EF1E4F3CD006B3CAD9CE0F1D73D7F1F7F4A634A48EFC0FCFDEB2CBBECFBEDC8E79A6966C7DE3F9D346668B49C9EBF95319CF1C566BC8FCFCEDF9D445DF8F99BF3A606A339F4A697E3815985DF6FDE3F9D26F7FEF37E7401A2CF8E49028ACC7662BCB1FCE8A00FFD9, '', '8', '3', null, null);
INSERT INTO `menu_item` VALUES ('14', '2015-08-19 21:10:19', 'CHOC MILK', null, '0', '2.25', '0', '', 0xFFD8FFE100C945786966000049492A000800000007001201030001000000010000001A01050001000000620000001B010500010000006A00000028010300010000000200000031010200150000007200000032010200140000008700000069870400010000009B000000000000004800000001000000480000000100000050686F746F46696C7472652053747564696F205800323031343A30363A32312031363A33383A333800030000900700040000003032313002A00300010000000C01000003A003000100000015010000FFDB0043000402030303020403030304040404050906050505050B080806090D0B0D0D0D0B0C0C0E1014110E0F130F0C0C1218121315161717170E11191B19161A14161716FFDB0043010404040505050A06060A160F0C0F1616161616161616161616161616161616161616161616161616161616161616161616161616161616161616161616161616FFC00011080115010C03012200021101031101FFC4001F0000010501010101010100000000000000000102030405060708090A0BFFC400B5100002010303020403050504040000017D01020300041105122131410613516107227114328191A1082342B1C11552D1F02433627282090A161718191A25262728292A3435363738393A434445464748494A535455565758595A636465666768696A737475767778797A838485868788898A92939495969798999AA2A3A4A5A6A7A8A9AAB2B3B4B5B6B7B8B9BAC2C3C4C5C6C7C8C9CAD2D3D4D5D6D7D8D9DAE1E2E3E4E5E6E7E8E9EAF1F2F3F4F5F6F7F8F9FAFFC4001F0100030101010101010101010000000000000102030405060708090A0BFFC400B51100020102040403040705040400010277000102031104052131061241510761711322328108144291A1B1C109233352F0156272D10A162434E125F11718191A262728292A35363738393A434445464748494A535455565758595A636465666768696A737475767778797A82838485868788898A92939495969798999AA2A3A4A5A6A7A8A9AAB2B3B4B5B6B7B8B9BAC2C3C4C5C6C7C8C9CAD2D3D4D5D6D7D8D9DAE2E3E4E5E6E7E8E9EAF2F3F4F5F6F7F8F9FAFFDA000C03010002110311003F00F67F89FF0002923D5ADFC57E139561BF82649648587EEA60086008038FAD745F04F431A16841EF2CE286F983A4D85F9F0541209EBC32FE95EADA3CC979A7A4884E1B2BF370782CBCF3EC2B3AFE285AF0B202A0B6EC0EC73FFD91A8E48C1B9474B909DDEA709E22F86BA2EB9717D71A8C6279B5103CE6720E4A93823DF0F53F8FB43B41E029AC1A3D88D6CCACD1394DA4C632DC7FBB5D8843B47DF381EFE9FE2B55B5CB492E74E78214F99B8008C647CC31C83EA2B292BC5A46BCCCFCFAF8B71C5E1FB831595CDD46D3484BDBB3012440670720F420FEA7D6BD4FF653D7E1D43E1B8D3B568483611CE963394259C8911994360F3863C7D6B63E227ECE5757FA8EA77E972486B633420C9CA3801882718618E074E95E67F05F5993C2BAB4FE0DD6AC63C41772CB1CA4E0A9688F041E36E40F4EBDEB921787C5A15B6A711F1D34FBF8BE23DF4B7114AD6D6F3829B140023DC7A638EBBB9F5AA7E2CB8B39CFD8ECEE6692D2242F0C726142331C9007D315EA1F103C2575E35F136A179E1C8505A2468C5C4AAC245671FED740493F9D793EBDA45C586A1716571184B8B5631BA0C751DE941B6AC27DCBBF0C5EC16EA58F501B2268D864206C9C6E0307D76FE74B73147A56BF32DB4825872ADB88C7F9EB56FC17657BADD97F67691A06ABA8DE08827FA1466450C1C9DCC40C2FCADEBDABD520FD9FBC517B337997D63A65A4B17CD26A136F9413D7F771827F322BA1E1EB4ACED65E7A7E2C86EEAC8F39B3D41EEF4216BE63185642D8DC700E07BD3ACC88D4C25626899D5F2CB903696C7F3C57B0E85F0B3E1F7822D0A7897C5579AB4B32B8F262B41121E30C5412CF91EBDABA5F0B687F0FE5D3FED9E19F015B6A2CBF77EDF79B9C73C92246C2FAF039F41594B0B1BDFDA7DC9BFF002FCC88C19BD3F8574FF137C2BB764B48EE4EF32A13B800E228F1CF63C0AE8ECBC0BA56B1F0BAC74DD4ADD04C2DD2291B240F91DC607B714FF0ACF3B40A9AC3DAE9C9C05B7B290CB8195039031D091D38DB57A397478E277924B8BA0FCA168C26D042E07519E4E726B5515BB3A2F2349ECB4BD33C37FD99A73C4170D88D640C54B2AFD7A1155B4A11DBE9F1452950CA30D91FED3FB7A30ACED5356B24B278EC34C93795CF9934CBC6378C019FF38A82DEF2085762E9FD18925E50DC161DFF001FD69DB5BD81266FB4D6C7BC593D8213CE17FD9FF64D2192DD994611B6B13F709E32FF00ECFA30AC44D402CAAC9651053B78F3067394A865D498C5B52DA307695C898647CAFD3F214EDE43F99D179D0AED51F29C720237A28FEEFF00B26A44BBB65704CA00DC0F423F898FA7B8AE512E64F342F9681999431120218023E539F5DE7A7AD5917D02B79834CCB1C29DB203C0DA47EB9FCE8B7907CCE8A5BBB310951748094C637E3F800FE94F0EB33EE490480B0236BE7FE5A13EBE9835CBCB796F2A1315BDD412007E656040C6EC77C1E02D55B086CE2BC13799339663C48A48EA4648C900F23A7B51CAB7B06A8E993FD4B07F30623E85883FEAD7DEB634078E41B4BEE28C01DC73FC6C7D7DAB8F86E50448AD7EB02B632E779C0C0FBDF30E39CF1E86B6F4F8F538544B61A95ADC6F233B6407B13DC67D7BFAD092BEE4BB9D23C69E5638FBB8C71FDD51EB523471972D85FBFC1C0FEFB7F8564477FACAAFEFEC629D738263620E4633DC8CF02A78F5AB43859A39E06CE7E6191FC47D7DEB4517B905936C862652A0FC98E9FECA0F4F7A79B74F399801F7BFBBFEDB1F4F6A7DBBDA5D29F26749493D15813F793B75ED47963CB2DC76FE4E7D2920B94E3B71B08DC07C98E87FBAA3FAD3E54559376F1F789F4FE263EBED56122F9B1B075C7FE3C9EDED4C68C98C120E76678CFF0075BDBDE8B0D329C96E0C45770E983F37FB28BEBEF55DA102E9892396C8C37FB4EDFD2B5B6379BC9246FF00FD9C7FF13542789B1B8FDED9FF00B2FD7FDAA5604C8CD9ED4DA8A4E542F5FF006517D3DCD57BBDCAE0856F9B737E6EDED5A039901E0FCFDFFDFF00AFFB34C82D7CE405B1950A3A7FB20FA7BD2B3E83BD8E7BE1478F2C23F00450DDDC169E14EA59893F2AB7607BEEA92EFC75A7AB9DC492C0FF00CB363D323D3D8579E7863C32FA75DDCA49346F04AE0A0F301D9C118E9D3041AD71A3C25D1CB4630D9FBE7D8FAFD688FB494173E8C98412DCEA478FEC0380449C9C71067F8BFC1A9B07C48D359C2F9770CC067FD501D31EF5CF59E9B1DB957322B633FDE3D07D7D52B4E14B55B824C50E0E57E58C8F51FD453E47DCA7CA69DF78EED16D1B7D95CB2B2F4E391F30F5F615F3F7C758BC27A978A23D6AD74991A76907DA0A3B6E208183C707AE3AF35EEAEF0C88FB10E14E58BB111AF21B9E3DCF039FA573DA55868DA44ED3E9D0F9B3CAC585DDC619BE91270001EBFA9349D0E6F8DE9FD7F5FE6175B2313E14DACF6DA13C2BE19FECCB4B9B528B2DE8512B120636C7F7CAE572338F6CD73B3F827E1EE91ADDD6B1ADDB8D635277F3254B92A238BD7F70AC1507FBE49AB9F137C422132DB36BC96C047930C2ACD2B9CE3323646E1CFDD18071CE6B0FC4D6163278085DDB5943E486F3A4584FCE46FC3E0F037743F5C76AA8D5B37ECFA75DDFF5E816BE8CADE38F8B5AB69FA78B4F0E69F61A6DA8180A155DE3E4AB011AE10631D79E3073599F0DA7D63C597E6F3C43AE5D5EC72805203212578C9F946139EE31D85731A5F85FC4DE24B313DBD85CCA232505CDC38488827F8771F9BBFDD071C7BD7A27803E1C5CE9575E7DF6A76F348BB5764111C2855DB8DD900F1DF1CE01F5A8F672E6E79FE2166DE877FA7689A359C4905A69567146A58C40C793CE79391D4FF8569C4FB90AE02A939F908C01919FFD08D67C5770C4814DCA47B48F989E98C6793EF4CBBD4ECA088C935D210A71F7C1E7078C0F61FA52962A947ED1BC685496C8D44990386DC5987070A47403BFD45216611607270171CFA01D7F01C572E9E2CB5B995E3B31E648884EC475DE00507382791CF6273CE3A551D53C79A7D9C31BC53C770D74A7CA1E6A601CE0648E83BFE3ED5CB2CCA8AB33A6397D66ED6D4EE8B10BB4F1C9E4B75EBFE2690960FB9A46C8FE1007B1EC3DBD6B84D37C472EA9AB49A4E997D06A13C50ADC79D04A218C21C86566607E6076E319CE7EB581ACFC46923B810422669E18D92512018FB403CC6BB739F63D38EB59BCC34BA89AC32D9C9DAE7AD072586D6071D78E9D3FC052A843D5830F75CE3AF4CFD4D78D5EF8E649234BE89237592F4C3313295529B76AFEEBEF281F31273CE3D3A74DE2AD474BD27C3325E69DADDDFF00695B403C9F3AED5C5C64E0FC9FC24F50474342C6CDDDDB6F3FF803965FCAD26F57E47A08452DBC1C367A8E3D0E7D3B0A4D99F9371076E0703238FA57915DFC428EDA69E4B88A5198A3892D85C33B095D0112EFC6D186EAA71CE69F6FF135442D709149882169A74591E458DF6EC08C40F94EF05B3923040F7A5FDA567AAFEBEE1FF65D4E9FD7E27AD794C49F9492E0EE208EF9F6E9CD22F0519012370600920F0D93FD2B88F0AF8BF50F13E9DE7E816E270B36D7376CB100A029E093CB125B8ED8153AF8BC9D41A2093CFB2431DC471C04C96ADBF680E3FBD8C9C0CE6B558E5A3B3D4C5E02A5EDD4EC820FB3ED2413B71800F5DB8F5F5CD32461E7F991A90723900AF193DC7B1F6EB5CD58F8BA17B24BD908FB2C9208BCF51C6F6FBAB8FEF118C8EC78AD3B5F10D84D3794A0C982C09DB8DA4123071C8E8474AD238DA52566CCA584AB1E86FD8EAFA959C244371305196C3723241E707DF9ABD6FE2ABA76F2AEEDEDE619C15231DFF11DFF004AE6EDF52D36E954C33217E0F51F9FAE6A68FCB56F948EFF0074E01CF27E9D735BC6A5397C2CE795292DD1D2477DA05F1572B2D94B8CAB464E474EE3F0F4ABD6B73AA45117B3BE8B52B723EEB1F98707B8E7BFBD71A491950723038C7271CF1F885A127962B80CAE558BEDDE9C7723AFE19AD357D6E4347A058F882D249962B926D652D8DB2F0B9CE71BBA7A7079AD31B48500FF00081D3D947A7BD79ADBEB524C812ED56E976ED2091B87B03E9C74391ED57B4CD712CCABDA5D7996C4F28E36ECE470C3F8791D4647B0A765D09713BA6620EEF5E781EEE7D291873B32C06707AFFB03FA5612EBA896BE63A0DA1403F2E71F29033F5CFD2A54D7E032E414C06FEE9F56F6F6A4D34234637DD16EC9042E79FF0075CFAFBD584758B20807E63FA71EBED588757B5D9B37704007EF0EC83D3DCD326D66D0ED22703209E09EE49FEB4B50B9C849942719C81EFD47FF00B159BA86B16485E1F35D98F4318C91D47718EE2A3F101BA4B4DF0453331031E52AB1078ED9E7BD723AE26A975A54CB71F6B858A9526E4AA2636F5F933E94E4DA43347C29E23BA1AC35A6A13ACD1CACA633B94B0CB77007FB55DA5962E6092E04823B580FEFAE37051B801B955BB608F99BB67032738F1EF849E12D625F165A69F24BB63D41A595EE21F95A182303CD9073C49931A29FEF48A7B1AF5DF1047FDA9727C3DA1C90DADB696F0C091A0DC1E5270140EA42F4E7AB17639D9CEB4E2D4137BBDBFCFF00AEA4DCCDBBBAD535BD5A1D17C37602694F2C5A3C476D175DE47DDDC7B2B1C0CEE6DC7E5A3E23787FC47A45BF98D7709DC86366881675247CA4B9F7C7602BD43E1CD95B69704B6500E2090A1DC7258E492D93C9CE4727FBBDBA0E6FE23F89B45BE81ECE03F6A121D8F31C80707F83BF51D47AF19ABA9ECA0AF3D58A2E5295A28F9ABC35E0BF13F89B5BB89595628567CCB7D3AB11BBA140072E7A1C0FC48AF56D3B48D2740D1C6993DD3DD2E70125552ECDFC4028CA81F28E09278FAD4975737373771DAC2B0D9C622F31229A5F292440DC80C4601E7AFF00B5F5AC0D4EE3528679ECEDB4BF26EECE4696D277BA8CCA01EC573F3F0483803B115E64F109694A36FEBF03D2A383BBBCD9ADA8EBF279119B1D3E636F1CAB13DCCC32B083EFD140F61DCD6578935AD6ADDB7DBDF5B4E15C0318638DA723767F848201DA4720823A556B7BC9EF268924679A69818A496D4F90770EF223E378C7071CFD6AC3E87791C48935B58DB4D1E08650F09738C61F71DAC4E07CCB58FB09D5F8DBFEBEEFD4ED8FB2A5A248E6478825BA161E7E98B2C9023477AB793B1495C8004853D060608F5FC6B356FBC4A26B59E196DE15B167F2A5822324D106EC71CB63D48E98AEF2CFC2CD322ACB72554B2BC70B440953CFDC97009CFE357A3F095A5BDB493C71EC91189720B6E7CF38C8C1071F85691CBE1D4B78C8AD123CC1748BFBE8A2B091AEBCA89DA7B7D90B18C31C1627A30CE39078A923F0E4C2642D693E253B1994A841DC655DBE65CF3815EA506916F25AEF290BF96C1832CCE39CE0FCCA31F5079EB56E6B0B381F372B1A98D06C7572CEC0F0402CB83EB8EF8F5AD56129C76444B1B3679E5A785A5B6554822B7803F568AD983E7BFCEA40C1F43F852DAE852412B3FD9DE38D4FA47B4B762A7EF7E19AF46B98A0680896D486E824997E527800641073CE73E9EF8A86DACE78EE990A58408A061EDCBB3E4FA83C678382071DEB554E37BA462F1136B73CDAFBC2B7134A4C9797125A4CE035BC712F7EF919607D79A72786E5B54FB258C87ECA5B74D1CC51490071B4B8CFEA2BD12DF4782D6EA56B790C5324BF3B65C23E402558FBF5181E82AFE976767B02797242CAAD8117FAB0DD863AE4E7E9FA51ECA1BB40F1135D4F31B8F084170A61BE3BC4E9CEF425947FBF9C0F4E6AB0F06C56F24D15BCB31F346C91016DACABC8CEDE08FF003DEBD8A1B4B110A3450C89288BA8C91824E33D03720D11698F2B4AB3DB4ACB139C496C78008FBC086C28FD7AD29518BE9F80D62E6BA9E390E8DAEE876CCB63762D9247F9845CA64F7E7BFD3835931691AEC0F35CAEB73C4D34FE6CB2459662C0704F38C8EB9FFEB57B3DDE8F66B09DA9A42283C3ED78A62E3D1C31C939A86DFC13672DE7DB2CE597E58F2D12912157E3E52473D98E73FCAB9E784837F0A66D1C6595DFE4792DBE92F1594B1C914AC6E76BAC64E6304104BEE639566E7A0CF35BBA86AC6F74EB2B785AC74B8ECBCC135DDBCEA1D832ED318C03C1C8CE726BB7B8D074E9A30F1DE42C65605433205208EFC73C1E9C1EB59B2F872386DBF716F0E771016D620EAABD0E7D30474F43ED4BEA71B596C53C6293BB39DB1D7AEF519EC6FAE1649A52E21722658E2922C1C0545E465B1CFB5743A9CB75A1E8B2EAE9ADACF1C326F7B411E3E427908C7A919EE39ACFD574790DA18E6695D9979B99E40B1ECC648DB8F94633DFB572F7167A6C8F2585D6AC243314DD656DE7646DC921588C61BBF5C60639AC278571F856FD4A5384EDD974B74FD0F48D1BC616F2C2B0EA1B237D8AE3E7E1830C861F974EA2BA10F1C84323641E9DF6F6FF001AF211A95DD9E91FD816EB0A59B48BB025B728AAD9C824E4938032477F4E0F65A4CD24A935CBDCAC31900C71492812161CB6CDA3054E7A63033F95D29D5A6ED2D57DC73D6C341EB1D0EA08FDD855C90A00EBEFED51B8CA06233BB93B87F3AA71DD490C501B88D8F9F9318F2D83606727D0F6E9D6A772B2C7BA26E33C82719FCFA1AEE855BE8CF3A749C4B1A1EAEF6CA8E237684F0D10E593D76FA8FF0064F5F635B376F18B4FB6DA4A1A064DCDB5890A08203024FDD24E3D8F06B9F8E1411ED8783D79E3EA7FA55CF0ECAF06A82CE4DAD15D6FDA8E3E52F825D71FDD740C71EAB9EAD5D1092D9ECCC26B4BA24BFBEB8FB47EE55580739F981E8DE9FF0001A86C2F99E1F9ED5C95C038C7F747B53E745B7D4AE2C482CF6E15E3660774913AC8518FA9E1D09FEF231EF4F0608D983C6992C7A8F438F5F6A528F2BB305691E23E26F8C9A8DA33D9C960EB364AE566CFE1F77DCD5CD06E7E27EB5A2473A58BC4970F8866312B0F9B0572A07A377E2BE82F14F80FC2B7FE2EB611DAEE785BCC739E11FAA39E3B903BD6178FFC5FE16B4D69BC0715BF973DD05682589D8156C9CA920673C0EBD687452D66F7D8E7E6EA727FB34C7AA58B78C6E7C458FB6E8925BE9EEA0E7CA8D616BB71FF00026950FF00C047A5697C21BB8AE6D2E67B89924BC96ED8CEAD19DD16E388E447E83049CFFF005CE69FC1E8AF0F8DFE217857566DB7DAD436D7B03608F344967E48201EE0F947FE042B99D0EEEE3FB6A686332456D743ED04A70BC81BE363C707763F01E82AAACB91C1F4E5FC7AFE46F4A1CD192EBA1EA7F13357B8B1924D3E395D2E2E22CDCA2646D53CE38E46E3B8E476FAD71763AAE9697F0FDA3567B3BF890B4F14B10954823AF048298FE21D3D88AD8B1B2B83B6F1A6966B8B84001CEE655C77CF3D3A76EDDAB0B5CF0C4579AAA4579158AC04962A6636D26EFEFA4983863C7C8DC1C75AE0A91A9565CC7A787853A71B48B97F610CF686E523B4D4EC672C15D6760D0375F948EF80460F5F5E39C492D648BC972968A2D5B113DC58BBF96878FE13B988E79500FB1AB9E02F0A6A5A1EB17727DAA3B8B5970DB5A6613478247CD1820367D783F2F1EDDE5B5AC77330436E2457C1024B62AE9C7727923AE0835AD3A6D2BC96BE4554ABCAEC9DD1C8D8DA3CB6B24571A4C3A8598252494CE53CB5C0180A54E57EB8C66AE58E80A915B5BDBA7D9D6023CB02465191F32E4105483C0C1EA33C715D2CDA3C266333211B17E7B8746664241EFB4E38C73FA7153DBD98406DE56821720100E3CB0C4E73F781DC4F5200F5C75ADACADA9CFCECCB314F100934B34B8C0F92104E738E572BB7B1FA723AD5B74D3C06F32E1D6E18EE16D25C14639EA500C118CFE0322AEF95A749393118E791A3DD1EDDEC428EFF002E030FD7F2A46817ECA0C6ACE83A3B61CE093838238F4EBDA856E84DD95E57DCFB96278E2740480DF39F7DC0FB73C67BE2B3BC8F3E6B8B67D3EE61F39C486E7ED31959DB0369604E7230300FA715A56F6819079725AC458E19A28146F3ED82706A616BF658322342A738CAEE2BDC7CB83F503AD3696EC4A5D8CF834E6E15036DD810BEC53E62F3B54AECE3193D3F4AB32D994237A481892BB06370CE7AEEE3BE73C74AD56B57F29BF7533B63E7512480053C8EC327E9D31CD25D695A6CCB1DB7D9E20038708C5B6A8FE20475209F4F6C9A1F305D756658B36B7BA48836D551CFEF7EF2FA678C8E7B9F5E39ACCD5A4BBDEE6D9A04F2E3398C2B9915F3D013DB68C9F97BF1D335D0A58476CB25BA46638D5CB08D0898213D311EDC81DB924F353DDE96F776CAB74EED6CA84B43C05661C82B95CA1FA1A9575BA07AF5386D2AEF5A90BDB5CDE34E99F302150362E3850540DDF8E49F5E95A6347D3E5682ECA36F89F629CB05424804607039EE456F8D12D670562F2D838C063212E87BED75241FA70473F4AB70D9B5BCD10568C02A41C44723B60367047D6AAEB68A126D75316EB458EE60482E3CC959416082467007B0EC3D80A6B69D0ADB44883F72D864924DC0AAE71824103BF20F3F4ADDBA16D1322CEF124879DA5D4727AF1C16C71D87EB59DE2092F63063D3ED5646C7CAD21F5E09F718A34D9026D951AD6DC21851EEBCB51964B7F9E3627A9E4ED2DC723DE9E63B74810A2431432811A337018B1231B074E873C019EF542CF57BEB4B941AED95C19C10B1CB6562ACA3A8E8305475E4F6EF5A73CE62018C64FCA4C6F102CCC0F5DDC903AF7346A534CA17BA524D1CB09B565F332CB91B4633C9002FBF7CD62EB1A2C7145E5224D22B2831F9567E67CD8C92CC08E07B01DEBA408B022C915AC6BE6F2C2140D2B9FC1B07E98F5ACFBDB62D6C4C7A76A0D1B2B6D74710CAAC471825BD01006702A6C99519347252E9900D37ED288FE5C673379719658D8804E49E548C8C827BF4AA50BC56D72923186CECA04122CD2E4E149F94F048031CE31FA575D3493ADC35C22C31A9C2206817CC0DB4E4B1C77007E5EF5CD6B16514D6AF15DA24E580DDF210ACA3271B33CF3E9C7B544A1746F1A9DCC3D63C6CF2EA5F65B6D4351BF9763496A638976924EDCB0E4818CF6F4C62BA6D165BA9A1FB44D0B27DA17718DC6DC1C6080A492003D32727AD65787ACD34E99D34FD352133938310084FB6141278E3AF7ABE9A979086DF50BF8618811E45ADAC03CD93D893CE4639F4F7AE474BD9EADDFEEB1BC9C66B9628DB132861283C13CE3FC3D451AA4ED696D1DE231125A4D1CEA07728E1B03F0047E359A9751F9C555665595DC859D4A39C1FBD83D320E71ED56D636D4A7B2B10C0B5DDC476E4E7A02C0B1C761B15CFE06BA612BE879F521CAF5373E2408AD3C6FA288881F6C8AFEC8E07056311CC9DBB1127FDF66A95D1CB29DC7904FE6C4FA549E3DB8175F11F42B488A9FB2417B7B2A8193187F2E1427D324C83DF07AE2A5B542F1024F400743E82BB6B7C671C6FCA8C1D17E2A6B1078D2F05CE837D258DC4BE4ABA5BAB1814907E7E7230437E15A5E04F0AC49FB416ABAA5CDBF996F7C3FD1D9A3564DC007DC0F5EA84703BD7657B63AEE9DE0E8679341B3B9BC55DD32A26D3B82F243679390DD7D6A7F8757165E34F0E5A6B2B60F6777652F99B59002A76E08C83C8E1A9C6366937768E5D11C97C7AB983C33F15B47F11DBC4522974E7B1BA7897984C4E1A2900EE02CA4103AAE7BA8AC5D6343B77D7935FD31A31A7EAF22EFD98DB697323EF6424701243B990F4DCC53FB81BA3F8A5A55D6ADE0CBFBF9937CFA65C22E48C09227568C1FF00C7C0FC2B85B3BDBFF0A42B736311BCF0EDE451892D67F98DBAC91AC8C993C3467711B5F8E3AA91939CDABB84F6DD791DB479ACA71DFF0033B5BD9F5A54597496B292046C4D6574CA564C8E59194647D0671F853A1FB5BA219E38A2170BB43B5D90E0673856076903D1876EB9AA7E17D774CBF2C34E76BA087CC7B57CBDE4448EE0FCD32F5E797F5F33EF574496D69743720531CC087F29C6D978E71F290D8C7D7D6B254F97FAD0EAF6A9A29A591F36358A15370B0E3785DF8407A0209DC391FC441CF38A9351F24048D5A281F208DF98C8208E39049E3A763DEAD7D9E2860588BC10A151859621B47A11D87E1F9D4773756FFDA0B6B717290492AE636837E73EAAC148047AB607EB5445D8E67126E0CE9160EC12C722819CF7000DBDB834B7CB088C069F092B72AEAF246E73D70BEFDC9C541752ABDEB43F6B8E711AFEF6DF8965639EA32463A752074A185CC71BBDA32862985B69E593CA5079E553FA7F4A96BC8A45B9248655366F048D128CB8B98C98D3D30C5B0A38E3BFBD55D585A4969E67DB56066DAA8F0B6F2181E33B4F4E78208ED906A3B39A6491FCE824B692523718FCC9624F6524F7E78DB56743D46C1989592D9E2DC573142C84104F0558024FD0639A9B27A31EAB5436CB46D41E68E49F586B985977B4693609381C7DDE7F1FEBC695A2AC56D222B5D2C7C34A928625064F00F7E7D33EF9A92E16EBCE3F62486379231B0842E33EBF20EDEFF4AA7A50D7E357FED286DEE5247F94C20A0C77CFCBCFFC0B156A296C886DBD597D1E4922588091C2B6D24657691EDC366AB59C1BEF652F13642E62619639E9DFAE3E952B59451424C50A41B8E479508E0FE24AFE355F51D4E0B7B7F3EF2F5208907CED2AC84918E7210107FE0233564FA1755111BC9DDBCC631C9DA4F1DF181F89AA30DD325F7D96D74A69C4996DF6CD061476DC33963F9E3D2B1758B5BAD45A0D434ED5EF25B5039B7D36EA48E1981FEF2CB9FD6AB59F87669E27FB5D920858E57ECBB508F7DA0FE7FF00D7A9B49FF5FD7EA5251B6ACE8A6CC6AF1FD967E0FEF63112A0CF504360827BE062AACB71E59F2EDA49C8700B98CC5228FA839E7DB228B7D3B54B4951BFB6CA40576ADBC90A14EC73C8DC7F06FC38AD6B4B10FBE4B96B56653FEB042B939EFD781DAABD45748C50B1E0CB25AC6635CF2B6DF30F720E7F21CD57BA6BC9AE0C82EC4D651A7CB1B5A796EA7A677601C76F4AE90DA4416357558CB293BD18A81EDD71FF00EBA864D36D1E6464F3032E725CE71FE734590948CBB79AE9ADD9E19D1107426024000600E59B9FC47D2A50E52258A48A09A4939CACAB113C7A1C93F9D4F736B6B02EF9AE64719FDDF9858A29EF85191546592EE193F731412440E5405DC4FE20F145ADB0EF731E5F0CD85CEA53BDB431433B362E3CB3862C0773DC81EB5720D1CDAC85A33BA420FEF5E62CEA3D02ED20FE79AD06BDB8072D692862C18FCED1A8008E8790475EB57A69BE56516C7E7386040E5BBF3CE7B60E3D28F5437291CDEB70DD5AE972CEB72E891A6F510DB01203F78862B9619E73DC64D65CFA1BF951C8CCBF3272652A9F29009032E78E5B9EB5D89876C5BFCA0ACC8148946EDA01240DA30BD7AE00CFE5556F623716EF6B736A5D643973B142E490727E618E7D73D00E6A7ADC2EFA1C4CBA0C86E8C725C489E603B962B868C15EA40656C818EB8C714FD3B4F4B4B908B782C8C1182B7090F98C739185EBBB0077E9C1AD9FEC0D2E0856C05B31860676459964658F767904B3649CF4C007A0AB374218E2324D2CAB1CAE141F2FE673FDD550BBC938FBAA067D0F5ACE51BF4368CEC72FAD68F3369EF7516A135E4C8C262679079B247B1BA2E738E323039FA734DD2F51B4F0D68CFE37D71C470184C3A2DBE30F76EE3E69C03CFCCA36463BA991F1865A6F8B75BF0FF87AE5E0B8B1373A84EA4C5A1C726F96E09C0CDDE090B1F03F77C8ECC4F295CA5ED9EABAEEA371E27F16DCBDCEA9E5A1B450310DA8964DA162539C0C0625BEF3606481C52846349F375FEBF133AB3F6BEEAD8EB7E18437B7F16A5E26D5C7FC4C355B85F317B431A03E5C4327A28EDEA49EA4E7AC88C7182081F881E98FE9557C276C2DFC316EBFC52069587BB6E3FC88AB9731A161F8F7FF0068D6B16ED76733767A1E5965F1BBC7FA878AE5F0F3D9DB09623866695C023701EDD8E6BA7F00DB7C4CD02D668ED2F74E962B9CB2A5D4FB7CBCB670086CE06F61CD78469FE1BF154ECF28D06E04CA324B3824E7DFF2AD1D274FF88768ED2C3A7DC44B92027DA1411D7B528557BC9187B076D17E67B6E92BF12EC34ABAB3BAB8F0F5EDB5DA959924BA3E618D88255486EA371C1F5033581A9DD6A1690E9571A7EE9D5E0105CC0B8CB88E69516403A1F97191EE45709777DF13A3F2E38DAF622F9195B8CE3AFB715D4786758B9874B5D3B5F4292A13292C326391802FCF5C120367DCFAD675AA45B4EDB1D58684936AC76D2781346F12584779A79934BBE46242C6EC823707AA11CAF6208383E86A0B5BBF1B7856E8C5ADA1D4A20086BB4DB1CCCBFF004D31F24BF5650DEE2BA5F0FCD1BE9B14C9B39407231F30C7507BD6D09527B709344B3464F2B20F4FE5FE7D6B452EC53BF530B42F16695771796278E1773FEADA1319193CE4039CFBA96FAD684D752EE31DADD4976800401D9D9BBE487752807A0193DCE07159DAEF83F4DBE526D556DE5DCCC571C3939C7D2B23FB13C4BA5B2359DC160A09C365907238EC47E0474A9BDFA1497667751C37D704A4827F2E5198E28D77EDE31CC8847E7F4ED595796E2DA1114F2CD26171B66D4248C9392301C86E9E80D72875AD596554D6F4686FDE397093A03210FC630AF9C9C13CEECF5F7ADAD37C6D6FB43DCC9F66257FD5C68D6A33E9BB9CFE07F2A7CD16AE349A34A2B1B1BAC4572BE64A530AB242F3301D8073C11F8E4558061B1857CAFB4380C154C1021D99F50C783F5078A7D95EE99A844935BCD03173F344F22DC2E47BE7038EE3271EB578E366FB1851A655C8226653B41E4025430EFD33F5AA4D12E572B22C532145B2B70B21F30C6CC7CC19EECA98FCB15A965E7FD9C62DEE6DC018526D66552319CA96C0CFB66B0A7B9BA58F373A64112B67CC48E72379CFFCF464DD594BFD81A7DF4FAC45A56A49725712C297130493D30EF88C9E076C8FC686EC3E5B9D4CD1169C826E980E71B1719F5DA186296D85E42BB5448154EE223FDD4A0E7821CB118FC33591A6EB33CB29BDB2FB5A16419B6BF9B76C38E80A0CE3A719C55E9352BA987FAD8A2DC30E88738F7049041FAF6AA4F425A7B17E26612334DB444067E6456607BE59739FC0543AA5CB95458EE0C6548C618723EB8C8FC40ACBFED2C2317BC1709C031894C8233E8BB5B00FA83482F6245F3403750B108AF3CEE7CBF6503233ED9FFEB2E60E53522BF30203736C8101F9A4924F350F1F7B8E9F41F9D73E3C71E1A5F14CD671F8BEC55B7AAADA4D6AD1053C02A64E0B13D8E38CF19A75E47F33086490C9C920C00A91DB8C9C8ACD4D3A48544F716E0B97F927F2093D39C31CA919EC4761F4A99733D8D2318F53AFB8BABC8D0C856192327742636646DBEA08249239FBA2A9BDFBCB00961B67C2E436F20B11E9B89CE3D8E6A968E91EE3140F24679DED1B031CA3FBC5762ED1ED5ACD636C4B3811A48073205E4F1D339E9F4AA48876467C97F0C676AD99191C6E65383DFEE310473DAAA9B8BA69182BB84C64AA8C719E80F63EF5B52E9D2B02259A49CB6036FDBBBEA4E3FF00AFEB504966B160938DA3FBC06D1F8FF9E28B073233A1B9BE45CC46ED864131C72E589F766C0FC4E3E952A6A177112B70D12965C12ECBD7AE0F2AAA7DB049FC7350DDEA7676A81E7BD8A15EDB590337D0BF73F5ACBBDF1AE9566864B749EE9D70A1D15A5CF3C72DB467DF711EDDAA79A2BA8D6BD0DB8640EA030B92338C88F6000F5C003F4EFDAA593F718314C8A3A8279719F542093F88AE3EE7C4BE23D463074BD2638012577CCC5D873C642E073FEF11C554B9F086BFAC217D735497C8624B452388E324FAA2E01FC7268B8599A1AEF8DF4BD36430C779E7CE38296EA259077FE13B13AFF13647F74F4AE6E69FC63E289E48B4FF00334988FC934F1CB8BB2BE86723F76A7D2355FAD74BA4F84B41D1E242B6DE6C98C8C8DA33E981D7F1AB971302BE542BE58F40001C0C0E3F0A972698F957A9C4DBF8634CD02D248ECA08E69E427CD9F9C063C1624925DBB02C4E3AFA5599DD9F487B99FE7325EC088AA3002A2390A07A0C2803E95A5E253E5C023E729C0C73EF8F739AE6F46D563D47C4FA6E991C83EC715CB5D4CD9E1F6283F9657F1AC64F52AD74DF63D2E1FDCDAC30E4E63554FC828A58583AEE3939FAD67EADAE5859DAB4EF72A42750A724F5FF000AC497C6F61036D552C08CE707E9FD2B7BA39795BD4E8A2D4E68F0D1689A6A64007173E9FF0001A64B7F24936F7D0F492C3B99CFF8573AD7E91AE7B1EA78A6FF00680C025C0E7A8E99A9E676B5CCEDADCE87ED6C0E4693A371C73313FD2BCFFE2FBCB0F88ED751105A41F69B6DB8B7394DF1B7048F5DAC07E15BA7506C8285738E41AE7BE2596BCD0965246EB6B80C07A061B4FEBB6A27AA36A2ED3468FC2CF1305D2D6DE753E5C4C7A0CB45CF4F719AF48B2BB49214313EE42094646C83DC8FF3C8C57CE5A06ACFA75EB42CD98DC6467F91FCABB4F0E78925B57060BA654932C50723D8E3F0C7AF358DDC168774A0A6EECF648E61850CAA548CF1DC55B824C1DE8721876E9F8D707A178C2D66710CCC9138E3E63F2FD327A7B67FFAD5D2D8EA10B37EE9F687E461BD7D39F51570AB16CCA74A4B734E78AD267FDFDB2B1CFDF03F5E2B3EFF0046D32E622199955B24640233D335761B8575FBDC83820738A6CFB154B95C038C91DBD3A76AD1CB421268E72FFC036F3287B6781580FE16DAD9FAFAD40BE1FF0010E9EE5ACF50BE873C604FBC1EDC839AE9038E0A608F61C1A7C53376765CFA73FF00EAA578F62AF2EA7376B378BEDA78E3FB5F9817A092DB3B7DC6DC01DEA4FF008487C43048C24D32C2600E3A3293F5F7AE95AE9CB608C7A1CFF3A0DCBB001E1560DFEC7F5A574BAB0D3B1CE0F19EA5140CCFA185C11F2437380C3FEF8FEB4A9F11183FEFFC33712807A7DA436DF7C9E6BA422D5976BDAC6BEA193FCFF4A4115916CFD922719DBB70460FAFF915A27FDE27DCEDF8982BE39B16505BC2F3AF1C80D1FF003CE7F2351278BF49DA37784AF1DB20E0F964907DC1FF003CD7413DAE96CC0B69C8CDD3863CF3F9D5730E91137CF6511E4615893923FCFAD3BC97DA1DA1D998D71E3382388C70F8635278C63F769344173EB8DC47E3D7B556BAF1464F996FE1A9159F193F6A4041CFA9527B9ADD587441951A4C2A58E4331CF5F4C918A9E25D3A3638B2B589C765008C7D45176FA85A3D8E65BC5DACEF3F65D12CD4F60D704803D7EE77FAD34EBFE3AB9CC31C7676F1AAE53F74CF8F6CE47F935D807B6DB948A35DC3190807F2A7C782461E3DD9F9416C7E18A5D770BC7B1C44563E36BB0825D5E75571861040AA4F7FBD827D39CD4B2782B52BB9564BFD46F580249F3AE4E0FAF19AED036EC9328EB93B4F5FC7BD4520018038E3A9CF4A5640A5D91CCE9DE02D3A1BC69E478D9303685C920F7FC3A56E43A1E9B0C6112D94ED18CBF6C1F4FC01ABD1A8551E5AAA641381FCCFBD477573044092CD84182546475E94EE90AF27D4705F223FDCAA28FF00607F5AAD7124AE7E6989CE7280E73D80CF61D6A95D5F6F837433B861EA319ACFD46FE28ADDA492E36103E60C7B63BD44AA25BB2A34DB2C4F750CB089A37CAB73B803C8048F947A673CFF004AA1AB5D5A2234AD26C5519662DB7FCF4E4FD2B98F1378DACED652B1335CCD271966C7EA7F95707E33F164D37FC7C4E33B4948938404F43EFF008E6B9DE213F84E85877D74367C7DE2386EE1FB0584988863CE907191E83EBDEA1F867A641ADBDEC926B3069812158C4920EB973F2AF3FDD1935E79A85FB9B6003FCCFF0031E71D7B7F9F5AF4FF00842C967E0E88BAAEE9E42E77AE770EC7E87269D34F9AF22312D469DA26E49E06825548E3F1AE98CA0E096C82C3DF9A9AC7C15736F6E234F1068528CE73231C8F6EB53C7791B4810430F049C18E94DD43C6DB7B5C0FFA662BA6FA6A8F3DB6FA9E4A7E23E9C06D7B9539EE0F4A46F88B60A8009979CF46AF7387F64BD117ADF407FE006A51FB27686063EDB073DBCB353EC6A0F9A9773C157E2369EADFEB718FE2CD24DF1074FBDFF417946DB8658B7678C92003F9E2BDF97F650F0FE3FE3F62FF00BE0D38FECA5E1E1CFDB621839C88CD0A954EA353A77BDCF9C758468E50D8391907F3A65ADEC96EE55B250F519E6BA6F8A1A249A0F8DB56D1A73BDAC6F1D0B631E60EA187D5483F8D731711A647CDC95E3FCFAD4A57476A9752C586BF710DE97DDB958FCE0B73D3AFF4ADCD0BC6B7B68C4C174541DA76F507D720F5CFBD79FEA7194B9254E085E3154D6F26423BE0F26B09D24CE98D45D4FA3BC37F106292610DF98E2DEA1D48DC3771CE413C1ED815D8697E23D3EE220F05CC532ED07E53CAF5EA3F3AF942DF5B95177432B6E53D377233D8536C3C5B716F72AEB348A4640C63273DF9F7C7E95873548BD3545FB1A735D99F605BEA568D27CEE1036782315389D645015A3E3D47247F9C57CD1A27C4AB8565DD7F2C785E599FA1C75D83E539C7B75E2B774CF8A3AA296C4BE718487D9711285917B9575E723D0D3FAD35BA21E0DF467BE6E8F03CB64700F38E48FC29F18564DFF36D6EBDB35E3169F13FCE51E5BC324918CCA88AC920ED9F43FA7F5AD4D33E2DE9F80934972A08CE4A0031FED7BE7DCD1F5B83769684BC1D44B447AA1F9117E6CFBE38FF00F5D2AB8E0B46C4740D9C0CFA57031FC45D3C400C92BA063852F19039FA5584F1F692B2AAC9A8246C47CA1D5829CF6F4FA56DF5AA6BA99FD5AA763B7645938110703AEC148D6F6F202A4038E776381F5AE5D7C65A3B4658EA36EFFC3B1118639F43CE73EB8ED42F8C749F3CC4BA8D9897AF96B28738FAF39FCEA96329BFB44BC354EC744B6503C6CC17824E491FAD2259429D02920E4360EEFC31C5611F14DBAC8025D4583F74060703DB9FFF0055452F8C74A8E3C35DDB0E72479B920FD39E7E9EB4FEB30B6AD09509F447470C7E5B92480C396E315655D4C79C8C74C8E95C58F19E94D280B74EA026ED90C5BB68FC4E7AFF003AC9D47E2368F048E0CB70C538E40E4F5C01DCFAE323DEA1E369F734584A8FA1E92D7768A46655181CEEE40FAD559755B6501A3098F5F53F8D7926ABF12E092DD8A5ACCA0607EF14927A91F77F5CE2B9ED63E23EA5B5D8DCC709450DF264123F872718FCBD2B396353F855CD63819BDF43DB6F7567FE291634EB8770B9FD6B0B53F156956F13349756EC4F2007279F651D6BC19FE225C4F72B1DC4EF22824CA3A873EA73CFE67F0ACD8FC5911B99A6BA9E4959C10ACE72C09F4EC31E9597D62A49ED636FAA463BB3D8359F880E5E48AD2390845CEE7F947E4393F9D713A9F8ADEE26924B9BD6763F714F0013ED5E7D79E219634616EECA0E4649E587AD63AEA12CB75BF2C4E73827A1F7A7C929EAC6B920B43B1D47567927DE5D98F3839E4FE3597708D773B4ED2FCA08C0EE6B3A399DDB63313F3673D315A36418305E9C7F10E73E95D50A691CD52AB2CE936BFDA1AC5AD8B1645B99E3838EA03305C81EB835EB5ADEB9630EB1770DB4910862B99122D9F2AED562A001D800A001D8015E73F0BED2E2F7E2258436F134B279DBE2882EEDCCA0B6303AF4A6BFC1AF892AA24925BEDFF798989B963C93D3D6B449A4EC71D6F799E84FE24B556C09012C492734EFF8486D7FE7A27E045799CDF0A3E232007CEB8E3D633559FE1BFC4543B77C871FEC1A1F358C7D99F6D8F8BFE16CFF00C8C1AA91FF0060E4E3F4A5FF0085BFE16CFF00C873553EE2C12BC48787BC058C7D9B5C3EFE7FFF005E9EBE1FF00F1FE8BAD9F63374FD6BAFDEEE72F244F6D1F17BC26473AE6ABFF802B4D7F8BBE14DD91AE6AC7D8592D78B8D03E1F824FD875A3FF6DFFF00AF4E1A07C3E23FE3CB5A1CF4F3B3FD68F7BBAFEBE41C91F331FF00684D4B4DD73E23DCEB1A55C4D3C37F690B3B4F108DBCC55F2DB81C745439F7AF39BB81BCA59060AB642F4AEEFE24697E1ED3ECECAE7405BF5CDC18EE05C9C8DACBF29073EA0F1EF5CECD1F96BFBBF9839DC38E871CFEB58DB568EEA72F711C3EAD931E7072BD6B1A79369F978C74F71E86BA7F1242982D18C67F4AE5AE959490060D66CDD3293CC4640217231599732225C1CEEC03C6D3D2AFDD9F97A73EB58FA89C4DBF38E4671EBFE7151635522537B3064F99C75C11DAA6875EB98D194CBF2E395C9039EF58F238DD8660A41CE31D7E9E955A56627032707775C8FE558CA9A66D0AAD1D89F15DD4768AA26E8A465972547E5D3A5436FE2A90B2379800539C8E33FE735C5CF3158C92B8C1C020FF009E2AB35C1038738FAF4FC3E9583A117D0E85889247A841E33B781E4942CDE6BF0C1A4253F2ED4D4F180963F264611A75C20E99EA7BFE95E6B1DC054F94F23A6339A48AEB90D95241C918EB52F0E8A8E22C7ACD978E67B5B636C25492123F88E31DBB7F2AB7378D6DC188A5F1585231E65B792B873FEF1FF22BC857502A1B92589CF38C7EB51C97858804F0BCE07534950B6C57B74FA1EA70F8EE43711AB4AFE42000A0623E5CF4C1381F8735A13F8D5192573A8B4ECDCC51F9417CB1E9FA578E4B26DE18B3311B876E3B511CD230E5B8EB8CF7C75A3EAEBA0DD7EA7A98F1B82BE4B4AB221390A5CFF8D47278ACC730911F6953C0C903F435E6F6F213C36406EE785FC7FC2892E8AF20B7D3AE69AC3A13AEF73B4D53C5973712B3C97001E9F2B71EFC77ACEBFF00105DCF16D794C8A07CAACC78FD7FFAD9AE61AE3739727A7A71C537ED0CC4649257A0EC2B68D18A3195791D2596A529E7680C012DDF1FD2A6FB4B649126588C641E2B074F7C2962CA07F7BA568DB4C4A150B81C7CDDFF00FAC2B550319547D4BB1CCCAA40C609C9CD5ED3CB38272460E7681597FC4003900763C569E90BB4060B9C1E063AD68918395CD8B051BC6074EE7AFF00F5BEBEF5B7A7C21999C9DE40E4E393EBD6B2B4C52DD89CF24E3AF4FC71CFEB5D0443CAB1F300DBB8E00C1E78FF003C56A9591937A9E9DFB136986E7E36C7A97D99E74D2ECE6B92B1AE4EE2A23079C7797F4AFB17FB5931F36977E38FF9E00FF5AF893E0D69DE285D36E751F0E4720065F2249127319E006DB91D7A83F9576BF6DF8B10720EA58038DB7CC6B5A6DA5A2386BC5CA67D4ADAB5A63E7D3EF07D6D09A69D4B4A279B3981F7B36FF0AF973FE126F8AF01EBAC8FA5C134E1E3CF8AD18DBBB5AFCC1FE95A73BECCC7D9C8A0377AE69C377F7B9F5AC25D6A038FDE103E94A359831FEB0FE551CC8D2CCDDF9B3F7A9CB9F5158235A878F9CFE54A359873FEB0FE547320B173C5B035C787AE517EFC6048BF5539FE59AE7E584359095402258F760B753DFF00C6B55F5781D0A349C32E3F3E2A9C503BE850BA0C8036920631CF5A97ABD0DE9BD2C71BAF440871815C85EA1594F07D08C735DE6BB16632C7BFB5719A9A6D95BB7D2B367445E8615E29209033C726B17521F37B11F9715BF76A483EDCE2B1F534CE3040624F24E2A0BBE8645C2E402A028000E0553B91238562BBB8E0FA8FEA3A55E9558A82A0071D892037A8FF003E82AADD0F94A1C9EE013DE935D06999F724B47839E3A7A1FCEA9CA7072B8E3D4F4ED8ABB2C61B8561BB1DF8FC33DFF1AA129EA0938CE48CF7A8B1A5C57906EC81807A0C7E94D2DC13918C70291DB2A53A7B63148AC11D918650F627BD161A90A25C8CE3AD2193F11D8546EEC46338F6F4A6E416505B823BF6A9B0F98B3F687DBB09C8CF7C75A7B5C3AA7C876F3D41E4D53563CE063D73E940C96C67A8E7DE9DBA87332F5ACB2BB9F98966E7391CD3E4939C1077679278AAB68B8C7233D80ED53391B70AAC5893DF8FCBD68B0F989A3906DCE01193939EBED8F6A9518FFAB6DA0643310B93EDCD451A1316F39C647AE73EB52A97DEA0EE0A0E42F3C7D3FCFF00855A5A90D9A5A6B18C2951B9B231838C74EE3A7E156ED0631F2E303A28E981D6AA588FDD83D723839AD1545F302460F6E318E7E94225B2555F988C8C28E39E0FD2B6F4A418DCD8202E07D7FCFF002AC78016753CFE7927FCFF004AE874D8884195C6471C7715649ADA5C5BB6A81907B01CFE3FE7F2E2BA4B8B454D1D652DCAAEE03DC8EF58FA1A1322053DFAFAD74FADC5B74754258177540A475CF63EE6AFA18B7A9D6FC3D8DECBC2368A92CAA67533B6D72325F9FE58ADBFB65C8E56F2E07FDB66FF001ACEB79120B78E05C6D8904631D80007F4A5370B8AB5A2391EAEE692EA5A828F9751BA1FF6D4D386B1AA0E9A95D7FDFCACA69C7AD02E131FFD7AA158E386A3191FC34E1A8A76DBD7D2B9306E38CB53835C8EF58F31A72A3AB1A8A6DFE1E9E94EFED18F1D140AE4C35C678229C0DCE3A8A399872AEE7563508F1D17F2AE93C2C52F34397681F2330C7EB5E639B8EE7B72335E85F03676956FAC6E092A591D707A6E047F351F9D541DDD86958CAF115B9424647F9FF26B85D76101C8C9E7A8238AF52F18DB796EEA13EE9C70318AF3AF11C5C96181CD123786A8E4EE5783CF5E831591A92663383DBF3ADFBB40CD81F28ED58F7EA429CE323D4D66CD51845792AA704F239EBFE7AD54BF8C6D01959412791DBDAAF4EA3793EFD3155E5DA01C8C82795CFF009EF49EC0654FB946E53F320C67839159B709BDC0CE4FF2AD8BA48C7427A71C7A7F91598C0AB119603A67A8A9D6E515C70300B7231923F3FC298DEE4920FD78A9A6CB1E07B81CD3001FC4411D3838E281911007070BDF9F5FE951E70A4718FA54B28218F241F7EF4C61966CF1C7E3F4A431AA7AF7CF4F4A72637609099E84F1519FBDF2F6E99EFF00853B0A1860F1F5F4FF00228B0162091829099C9F4393565415CEF560A3864DC79F6FF22ABDB29C93CEEEE31EDEB56541F302160AC460F0309C74A007C5B5CE0364A8E83031569632B28CB07257AF7FF3FE7DAA0814EC01B711EFC67DEAD44A0C9C12013DEAC9668DAA8501B1C8C7CBCFF3FD2ADDBAB0F954727B0E9F8557863C6DC8FBC323D71DAAE42A3017EF29EC3BFE142132CD9C67CC1CF5EE3FCF6FFEB5749A72F0A3B0C01FCFF0FC2B174C8E36914AEE3DCF39CD749A6C60919E6A96F627A1D0785E1DD322807391DABA9D7EDF68D3E33855F38BB907A6013FD2B2FC0F6FBE50C14E4746FD2B4FC7F711C0B646361870FB49EF8C03F87415A3F84C1EE29908240B86A4F35FB5C9C62B9B1A893C6E071DF347F68918E47E759A911CA749E7CB8FF8F8A4FB44FDAE2B9C1A89CF0D9A3FB41BFC9A77138D8D8FF8466E82E7CB6C8EBC528F0C5D0CE22C7E15EFBFF08BA673B1718F4A0785E3DBF733F515BFB130F68781FF00C233739E633C1A3FE11ABAC9FDD915EFBFF08BC63FE590FCA8FF00845A3C1FDD8CFD28F621ED0F041E1BBACFDCFD2BA1F867A54FA7F88C968F0B3C2D1E71FC430CBFFA09AF5A3E178C8FF563F2A7C1E1B5867495139539E0511A56770F6879AF8EE01F68790AE378CF1DF2335E65E2487E47F9401F4E2BD8BE23DAB46EC7692106D38F6FFEB5796F8810A8923C6467BF4359CD6A75D3670B7518258EDC8523273C919ED591A8449E632956DBE8460D6F5E21591C32E41F4AC8BF070C0F21BD474FC6B266F1399BD4F9DB9C9EA79EB55661F2F0738EE2B4F528CEEDDD4670012723F0EDD4D67CB1164648582C8DC8F46F6CF63407533A640D11386DC3DFF9D665E6D241DA46D1C903927E9F956B1532292418DC9E771C60F7E7B5666A0327E54C919C8EB9F7C7A549452382B9EE3A7FF5A98C7A0EB9F6C7FF00AFFF00AD4E2133955C038F6C5248B91907041C6090290D113E7823AE7D4D248A0A0653CFF175C1A7C8A54FCD8CF753D45332C54200AF83C1C773491444000386E7A8EDC52AF4C190007DFD29C076078CF4FC69549690B12377739EBFE714C45BB256671B0FCDD88519E3D2ACEDC60647A9E7AFD7BD4169C03807239CF3576189D7E6236EDF5F534201F12855E4024F4F73EB8AB56316E942AE38F71803F4E2A1887CA02E307BFE156EC932793923F21C55137D4BB00E00C76E4FB1AB9182CC01C02719A8A38C00817B8F9BEBEF56A04E071C7A7AD34266968B16E6DC7A63B8FF003EB5D2E9B18F95554F1D49EFED58FA2A61036DEFCD74BA3C00B0CE77E46055477265B1D9F83E011D9EE0C1188C216E809EFF008554F1AC2F26A3040A0E2DADD5704776258FE8456F7862D59E3540B900703B1C91D6BAEBAF0A09A6691D37163D7F0AD395C91CD39729E30D64D93F20FCA9A6D0E706200FD2BD85FC1C9DA21C544DE0F4CFFAA19FA54FB2647B43C84591C7FAB1F9502CC9E4C5FA57AB4FE10C63CB815FE6C1ED81EB4D6F06A93FEAF1F4147B290739F460D3973F77F4A53A7AE395ADEFB37B502D87F778AEFB1C57304E9CBE9C0A41A729ED5BE6D89F5FCA945B01800628B30B98034F5FEEF5F6A3FB3D3FBBD2B7CDBF07E5E9486DB39E3F0A2C173C4BE2F69BE549322A9CA3EF1C750467AFE75E2BE26B5E7206D1DB15F4EFC67D2449602E9410DE5E091CF4CF6AF9CBC4B6F8670D81DD707AF35C951599DD42574799EAA855CAFA1E3B5625E64671900F35D4788221E6B30CE7B573F7C0346063919C1F6F4AC19D69EA73BA9008410A492483BBA35654C383C82A7B03D2B73568F8E063B722B2A6465619C1E474A94368CCB97659426D66DC0E1BFA1CD51BE40E7E5C06CE7D33F88AD5B93CE4000E7BD675E86008E80FF7867FCF3FA5229192E14282539008CD44DB548C1F941EBDFF003AB52280C49418F6C7F91514A133C0383D327FAF7A18D15C8EFC6471C1CE3FC6984B95D873B79EA3A62AC32A9049248F43DC54783D38201CE07383EBED4BA9446400003B7047E15243D718DA40C67AFE847EB4A8B820FCC38C7E1E952A28CFCAA063B2D022C44A042A9F2E06718EFF005AB3182319DC07B7F8D450A10BCA9C8E38E9EF56ED63CC98C75F41CD3426384641C13924636FB7BD5DB35C93DB8C55748F0373E77138E4F7C77ABFA72A86CF247D7AD3B08B71824007A1ABB68071C603601EE4FB7350AA024054C71DCE6AED829F3576923231D7AE7FC9A77D046D694B88D4FF009CD757E1A8B37119F5AC0D323F9579007EB5D6F856DA437EACA99000D80FE18AB89133D43E19D81BCD6ECECF69F9E60CE3D8727F407F3AF5D7D1A36C911E335C8FECEFA3B36AB717722E7ECD6E46EC7566C01F90DDF9D7AD1B4F6AEBA71F74F3AB4BDEB23913A301CA83C7AF2299FD90BDE3C1AEBDAD467EE8A69B418E95A72A32B9C79D1900FF005607E1D6987475FF009E62BB06B403B714DFB1FF00B39A2C82E75663E32450231E98A9F1D78A36E7B551990F97ED418C67A0A9B00529518A2E041E58F4EB408C77153ED18A307B517039CF88563F69F0DCD8504C7CFE1D3FC2BE59F1D5A983569A2030AE0B81DC1EFF009F1FAD7D87A8C02E34F9E13C878C8FC6BE58F8B700B7D566611E446FB5FD5477E9F51FAD73D65A9D5867D0F1DF134208CE39CF04572D7C872723193E95DC78961CC6D9391D8FAD72377C9D8C3393C13DAB97A1E8239DD5506C62C0E73F8561DC0F73C1E0FA5747A8467CB7EB583720A9201E739FAD494CA138FEF0C8E2A96A08046182F1CF1BBAF35A332633C1AA37AA02E7A74C8A43464CB1ABE381CF71D054015B0415201E30DFE7FCE6AE4AA7392471ED51B81E66EDA1941E8DD0FB75A2C345728DC15C73C640E33F5A80AE58AE338E327B55A65C0E075F5E94C2B900673D871D2A4A2345E47CB9E32430A9E02A30C307230770F5A608C038041C1FE1CF353443002818F7A6845883720055981C63AD4D1AB601EB9CF7EB4891676E39257A0CF5A9026D3D41C75C0EF4D099241B413B86E39E39AD3B0E22CA0C67A93D6A84614918DC58F51D062B4AD106C008A01172352C14EE0463F215A9A4A07B9DC4019E700703E9546DE26310621B04F07B13FF00EAAD9D1A0C3AE39E39C5508DBD323076F18C9EA7BD7A0781EDD611F686E42F438EA7FF00D78AE234A8D8CAAA403CFE55E91E1284A8B750B9672368C71EE4FE15A44C66CFA27F67DD2BECBE04FB4B290D77312031FE140147EA5ABB8F24541E0ED3FF00B37C29A758EDC18AD9770FF688DC7F56AD12067BFE55DD1568A3CA94AEDB2A792291A0EBD2AD95F6A4C5508A7E40CD37ECE3D055D2B49B7DB3F8D0172F80077A5C0CD2F3DF1F9503A54083140A5FCA8EFD850026282067FF00AF4A3F0A5A0068E307D2BE77F8F7A62C3AC5D491E41DE51863D0F07F2FE62BE8A3F515E3DFB46D815BF4BB51F25DDB856F775C8FE447E55955D8DA83B4CF9A75C88B060003C6071E95C5EA6986231C8278E9DEBD035EB631CACCA73CE7E95C4EBF1EDBA6EFCF04D72F53D35B1CCDFA1C9C1CE7DEB9FBB8BE6241E7AE2BA8BD407273823A823A573FA8AED973C0FC2B3EA69D0CA9141E3A76C8AADA8C4C83046DC8C819E31FE357255DDCEDAAB7792BC9C9E99C9CD0C1191306C9C9C8F6E9509183D01F4AB73A82D9FCBAF1501424718E39FAD2023CF18E335015CE71819F4AB2403D86298C80E40FA9F6F7A12D4B238D7273802A5817079E291064E6A685791918A6496A0DC14633D720648C1A9C65415E325B9208A6202D85DB92A3F840A9A145DBCB63A0E47E3F8D080204E4608C7D6B5AD970A3181C7154AD87EFF1B83678DC4673EF5AD1C796C019CFA1EDE94C16C4F18CB4680918419CF1F377ADCD1A2C479EF58F6AA4BE792CC79CD74BA4C416255EADE94D126EF87D375D46817A9039AF63F84FA50D4FC65A6D828C869515BD319C9EDE809AF2AF0A42CD7230AB8CF53E9FE735F447ECBDA6FDABC5371AA32E56CE060ADD816F9463F0CD6D0577639AB4AD16CF74201390383C8A4C738A908FAD260E7A5769E611914840C548C33DA9ADF434C06118A6E0548714D239EFF95005B1E99A5FF3D6933C519E3FFAF5002F4A5EFDA901EDFD6804E4D002FD71F85251CE7A519F51400BFD2B92F8C7A647A878499DD726DDF7823B704575A0E4F4AA5E22B7177A05DC01725E16C0F7C6454CB5438BB34CF8DFC6B6861BB914F5DC4020579F788D3E6CB05E0738EB5EB5F136D845A81C0C07FD08F5AF31F13C0766FC7CC33F4AE396FA9EBC1E872175C138FF001AC1D5530C4E466BA4BA5500F033D81ED583AC22E015E31D466B37B9AA31270797E393F80AA7703E53BAAFCCAC1B39E9DC556940D848233FAFFF005E931A32260873BB3E83D315149190C3F53F8D589C957E98F4C9C540FD464707BD004454703818EF9A66D38E84E3D2A72A08C03DBD298F82D9C77E8681F41889DF8383C8A96153C7B74A48F0159496C6DE31F5A9E15C92AC0A8E78C679A044CAB8C60A9E7861C64FE3522E471D707A50B8490ED0783D319A90A13F30C0DDD3A5080B16287783819C7AF5AD58147183924FA75ACFD39727000C93C0C73FE79AD4814E410096EFC51D43A17F4F4CCA086E49C74E7FFAD5D1D8055E06338E2B07488CB4C18F4FE75D469F6DE736E931B720103F8AAD10D9D2782E3F3099376463EF1EFDABEAEFD99B4A365E089AF1D70D7B3E17FDD55FF163F957CE7E0FD3E316F1C4AA37C8C33C7419AFAF3C076034CF06E9B638DA63B752C3FDA6F98FF3AE8A31D6E70E2A5A246B9E6908A091D8FEB4991EA735D471099E719E68FA1A527D49A69FAD0021CF4CD2649F414A7A7FF5A9B903B1A605804F706973DA9A464F029467FC8A901D93EA693D8D20ED9A3BFA50038118EB4BD7A1E29BC77E693B51601C07714BDF92707A8CD33BF0050071D71EF4580F99BE38D89B7D6EEE2D9868A560303AF27FCFE35E41AF20921257BF5F5CD7D15FB4A69E135EF3B185B98039FAFDD3FC857CF7E21B478E497A95273915C135667AB41DE28E1AF932C49CFBD62EB0998FDF1E95BFAAA98DCE492A4F1FE7D6B1B505125B3608C83F8D6723A11CE4A3B0E39F4AAB281824E377A1078AB93655B0493CFAD4173FBDF98825B1F31273498CC7BA0AAF9F9BBD57CB70327039C66AF5F95DE71EB9031C62AA38E3A9A100C0AC46467AFF005A6321248638DA3BF5A9012ADD3AD31CE0100FFF005E90C4C0EC0F4E726AC5AB1591590283DBBE3F3A8178E790474C54F6C0038EB9EFEB43116106E4CE41C1C904F5F7A96262082324F4348AAE4E760F606A4814193DF39E7A5340CD0B2462A1C804F52476AD3B28CBAAAEEE33D3D39AA3631B0C02DD4F5CE2B4AD9486DDD493C1A019B1A6C23CC0031F9473EC6BA7F0FC59915D999893F2E4561E8708D9977393E8335D6786210D73180385E4F1D2AE28CE4CF53F847A47F68F89F4FB420B79F2AAB67B2E793F966BEA719C9C11B7B0C74AF0BFD97F4E371E20975175F96D20254FFB4DF28FD09AF74C8FF26BB28AD2E7998895E6078A4A3B7FF5E931DC7E15B18037D3F4A6B63B8FD294FE34D3C0EA69A010E383499CF4228240C75A09C7AD004C09C9069734514800352E68A2800CFB52F3F9D1452014838CE6939EC719A28A6079B7ED1D6F19D0EC2EC8CBA4AF1FD548CD7CD3E2545175326382E47D28A2B8EAAF799E8E1BE04709AFA28B96181D7F3AC0BE8D769E07228A2B07AA3B16E73B7ABB18B0F5C554957396A28A5D07D4CFBAC9279E33552E40472A3B75F7A28A90EA3554142DCFCB5132E641838CF145147501C0739FC0D58B504BF5E9CD1450345C650AFF00C44637609A7C4A31BBD4F228A2926C4CD7B3FF0056A38CB8E4FF009FA569592FDD63C839E28A2ABB833A4D1D46C507A019C5761E1088197249E173F5EFFD68A2AD6C8CE5B9F55FECD767141E0A9AE107CF34E15B8EC1738FD6BD14F5FC28A2BBE9FC28F22A7C4C4229A7AD14559035F3D8D3739E3D28A28401CF5CD251453407FFD9, '', '3', '3', null, null);
INSERT INTO `menu_item` VALUES ('15', '2015-08-19 21:10:20', 'CUPPOCINO', null, '0', '2', '0', '', null, '', '6', '3', null, null);
INSERT INTO `menu_item` VALUES ('16', '2015-08-19 21:10:20', 'DBL MEAT BRK', null, '0', '3', '0', '', null, '', '15', '3', null, null);
INSERT INTO `menu_item` VALUES ('17', '2015-08-19 21:10:20', 'DISENO MALBEC', null, '0', '2', '0', '', null, '', '11', '3', null, null);
INSERT INTO `menu_item` VALUES ('18', '2015-08-19 21:10:20', 'FELLUGO ITALY', null, '0', '2', '0', '', null, '', '11', '3', null, null);
INSERT INTO `menu_item` VALUES ('19', '2015-08-19 21:10:20', 'FIRESTEED OREGON', null, '0', '4', '0', '', null, '', '16', '3', null, null);
INSERT INTO `menu_item` VALUES ('20', '2015-08-19 21:10:20', 'GO GO SQUEEZE', null, '0', '2', '0', '', null, '', '13', '3', null, null);
INSERT INTO `menu_item` VALUES ('21', '2015-08-19 21:10:20', 'GRANDPA CNTRY B.FAST', null, '0', '3', '0', '', null, '', '15', '3', null, null);
INSERT INTO `menu_item` VALUES ('22', '2015-08-19 21:10:20', 'GRAVY N BISCUIT', null, '0', '1', '0', '', 0xFFD8FFE100C945786966000049492A000800000007001201030001000000010000001A01050001000000620000001B010500010000006A00000028010300010000000200000031010200150000007200000032010200140000008700000069870400010000009B000000888887874800000001000000480000000100000050686F746F46696C7472652053747564696F205800323031343A30363A32312031373A31313A333500030000900700040000003032313002A00300010000000301000003A0030001000000C2000000FFDB0043000402030303020403030304040404050906050505050B080806090D0B0D0D0D0B0C0C0E1014110E0F130F0C0C1218121315161717170E11191B19161A14161716FFDB0043010404040505050A06060A160F0C0F1616161616161616161616161616161616161616161616161616161616161616161616161616161616161616161616161616FFC000110800C2010303012200021101031101FFC4001F0000010501010101010100000000000000000102030405060708090A0BFFC400B5100002010303020403050504040000017D01020300041105122131410613516107227114328191A1082342B1C11552D1F02433627282090A161718191A25262728292A3435363738393A434445464748494A535455565758595A636465666768696A737475767778797A838485868788898A92939495969798999AA2A3A4A5A6A7A8A9AAB2B3B4B5B6B7B8B9BAC2C3C4C5C6C7C8C9CAD2D3D4D5D6D7D8D9DAE1E2E3E4E5E6E7E8E9EAF1F2F3F4F5F6F7F8F9FAFFC4001F0100030101010101010101010000000000000102030405060708090A0BFFC400B51100020102040403040705040400010277000102031104052131061241510761711322328108144291A1B1C109233352F0156272D10A162434E125F11718191A262728292A35363738393A434445464748494A535455565758595A636465666768696A737475767778797A82838485868788898A92939495969798999AA2A3A4A5A6A7A8A9AAB2B3B4B5B6B7B8B9BAC2C3C4C5C6C7C8C9CAD2D3D4D5D6D7D8D9DAE2E3E4E5E6E7E8E9EAF2F3F4F5F6F7F8F9FAFFDA000C03010002110311003F00F80F654F6B6B3CF70218A096490FFCB38C6F6FFBE6BED6F027EC79E0AD20C53F8CFC4375AACBFF003ED17EE53FF8A6AFA1FE1DFC25F87BE16B788E81E17B0B5FFA6BE5AEFF00FC7ABB21839FDA39658A81F9C3E04F819F143C54633A6784AF3CA3FF002D6E7F729FF8F57B4781FF00624F16DE79737897C416BA78FF009E56D1EF7AFBC21B6821A835283FD1BFD7F955D71C2C62613C548F9B7C37FB23FC2FD06DBCFD67ED7AACBFF4D25FFD96BD47C19F0D3C07A0FF00C833C21A7DA4517FCB59625FFD9AB5AFF5CB1D37C37AA6B7A9FEF62D0ECE5BB925FF006638D99BFF0041AF95FC07F1135BD63C5BFDA9E26FF4BFB5C9FBB8A5FF00536EBFDD45FBAB5955AF0A0142357107D6D6D79A2C36DFE853C52F93FF003ED16FFF00D0284BCF3BFD4F9517FD75DC8FFF007CB556F0C4F07F66C53FFD33FF00965593A978CEF61B9960FB1452C5FF002CEB9FEB9337FAA9675BD6A787FD0A1FB2F9B37FCB5FF9E759B67FDB737EFF00FB53CDFF00AE557741D4344D62E7F7D07D96EE5FFA65B3CCFF00E2AA7860B2D1EE7F7F0795E6FF00CB58B73A7FE3BF76BA2962A1230A985AB12B586B5043FB89BCDFFAEBE555FBF9E0FB379FE7F9555E6BCD2EF3F71F6DB5FF00BFAA8F5C6FC42B9D2F4DB6F3EF754BBBB97FE59D8C52EF793FDEFEEAFF00B4D4E7387C44724CDBF0C6AB3DE79BE77FAA87FE5AD79E7C54F88907F697F65F87E78BFE9A5F45FF00A0C4DFFB37FDF35C8F887C59AA6A56DF629A796D2D7FD5FD9A2F913FE05FDFAF3ED6EFA7FED2FF00515E662B1FEE72533D1C2E0FF98F6A7F0F793A2453FF00CF68FCCFDD7FB55CDF83F5ABDB3D6FEC5379BFEB2B5FE1EEB57BA969BE4791FF002CEAEEA5E13FF5B7BFEAA5AF3B9B9E1EE9DF19721EA3E18F18D968F6D14F34F1455A1F1AFC593FD962F1468DA5E9FA84BE6247716D2CBE4FDEDDF32B6D6DD5F3F69B6DFDA5ADC505ECFF00E8B6927FE3D5EA9E21D0754D63C37E7E8D04B2C5FF005CBFD5FF00BDFC4B51EFF21B7EEA3CA68587C75D53ECD2F9D657715D43FEAE296E7CE4DDFEF6E5F96B7FC0DAADEF8C352BABDF104F145A84B1FF00A3F97F2796ABF36D5FE26FE2FBD5E23A269F3E9B732C1ACD94BE6FFCF5F9BEED763E15BC9ECFC496BAA594FF00BAB493FE5A7F757FBCB5CDEDF93E22BD943EC9EADADF81E7D62E7CFF00B6C514BF7249658BF87FDA5AF03F1E6A13FF00694BA5C33FEEA1DF1C92C5BB649F36DF97FD9AFA1744F883FDBD6D15968D6515D45146FE64BE5FFABAF0AB65D526D6EFFEDB079514B712C9E5795FEAD5999B6AFF00BB5EFE5D8AE63C9C652E420F037DB7ECDE45EFFAAFF9672D6A6B0D3C36DFB99FCAA8E6B19FFE5CAF658BFF001FAA7FD917B37FC84F54F37FE9945F2576CA5CC7191F86F57F3BED5F6D9E2FDD49B2396ADDCEB9650FFCB797FEFD3559B3D3ECACFF00D4C1145581E3C9FED9E569765FBDBAF33FEFDD419FBD18965F5E9E6B9F234C83FF00027FF89AD2D127D53FE5F7CAFF00B65BAAB5B3697A97FA179F14B7569B3CCF2BEFC6D5A48D07FCF7ABF7C0D4B3D42787FD4CF5CDF8E7E1E7C36F1B7EFF00C4DE10B4FB57FCFF0069BFE8773FF0264F95BFE04AD5A751437904D732C1E7FEF61FF5955CC6878178EFF64C9BCF379F0EBC4F16A193FF0020DD5FFD1A6FF80CCBFBB6FF00812AD739E09F0D7887C1FE36B5B2F1368977A55DF989FF001F317C927FBADF75BFE035F523CB53FF0069FF00A37D8AF608AEAD7FE7DAE62574FF00C7A9C2308CF98529CE50E53E89F86FA893E04D28FF00D3B2D15E55E1DF894DA5E876DA7DBE99108ADE30883E6E9FF7D515BB8D36EE7372D51D32CF0EA52EA9A9D95DC517FE8B5AE92CEF27FDD4F65E6CB692C7FBC97CDFF575C6E9BF14B4BD62DA5B29ACA5FDEFEEFCD8A2DE9FF8F5773E128ACBFB122FECC9FCD8BFF1FF00FBE6B970D99612BCFF0075335AF80C450F8A241E1E69E6B9BABDF3E5FF0059B238A58B624755B5BB3F10EA5FB9F3E28A2FFA65F7E89BC6DE1EFF009637BF6BFDE797E6DB4724D0EE5FE1F31576D489E2AF0F4DFF002FBE57FD7CC52429FF007D32EDAEA957A52FB463EC26607C42F0BDEEA5F0975EF0F5979514BA8E9771047FF4D19A36DBB99ABE34F0C4BFD8F73E44D07FCB44F33FE99B2D7D2FFB64F8CEF747F0045A268D3C517FC2431DC4725CC52FEFBCA555DCB1EDFEF6EDBBBFFDAAF9752E7CEB9F3FEC5145F723F2A2FB9F2AEDAF0F33ABEF7B87AF97439207D5FF000975E8352F0DFF00AFFF0096757BC61E10FED2B9B5F26F65B5BAB4B84924FF009E371F2FF7B77DEF995ABE7AF86FE2C9F47FDC7FCB2FFAEB5EA3A3FC44FB1E9B2FEFBF752D70C2AF3479647672FB297344F4DF12791A6DCD87EE22B58AEECE54B8FE0793EEAC6CDFF02F9BFE035C27887C4B07EEACBFB6FF00D4FF00ACFDD7FE3BFEF562586AB7BE30D4A583EDBE5450FC9E6FDFF33FD95AC7F88BF0E7C43F698A7B283CDB58BFD6795FE7756F2ABCDF0934FF00BE75136BDA5FF695AE970CF77FBEFF00592CB12EC8FF00F1EAEA355F0641FD8915ED94FF006B8BCBFF0048FE0F9BFBCBFECFDDAF33D1E2D521D362FDC4BE6C55ED9F0AF5CFED8B6FECB9A0962FB5DBEC93CD97F8957E565F97FCEDAC3DBBE6349505C9CC790F893C3D650FFAEF2BCDAC8FF85737BA95CC5E4D97EEAB1BE216AF7B67E3F9679BFDB4FF00BE6BA4F037C43BD87FD74FE6C5E6797FFB2D47B7E690FD97B87A0FC34F0741A6DB7FA8FF005555FE3C6A7FD9BA27936507952CB2797FEAABBAF82D7307893528BF7FE57EEFFF001D5AE43F6BAB9D2FF750597FCB193F79FF004D2B58CFF75CD139F97DF3C5FC0D3CF0EB7FBEAFADBF674961994D94BE5795347FEAFF00E7A2EDFE2FFC76BE31B0D6A0B3D6E2FDFF00FAEFF575F4D7ECD7E30B23ACDB098E322B0A557DF3A2A43DC3DDA1F0BF87A6FDFCD6514B17FD35AF1EF1F41E03D1FC5BF62FDD4BE56F93EC3E6AFDEFBCAACBFF00B2D6EFC57F10F88747B6BA9ECA1FDD4527EF3FF65555FEF7FB55F37F89FF00B5352F125FEA97B079575A849BE4FF00C75557FEF955AF3F34C74A84396113AB0185E79FBD23D8F49F8EBA21F115B785ACFEC1697F1ED8E3B611EEF2FF00D92AABB557E6A7EB1E109F58D4AEB54B2BD8BCDBB91E492397FBCCDF36D6AF1BF86307F63EB72FEFE28A5BBFF592C55ECDE1E96F6CEDBF7D3CBE54DFEAE58BFE59FF00BD5E161F38C542AF3425EBB1DD8CC061CE4355D3EF74DB9F22F6CA58BFEBAFFECBFDEAAD5EA30EAB3C3FB89A7FB5C5FF003CA58A37493FEFAACCBFF0BE89A95B453E99FF0012A97FD5FF00A4EE78646FBDFEF2B57D6E1F8830F3F76A7BBF91F3F572E9C7E13CFAE60F3ADBC89AA0B0D2ACACFF00D4C15AB7F673D9DCCB65341E54B0D3768AF7D4D3D8F39C0E46DBEDB676DAA4FA9C115ADAFF00D3B7DFDBFDE6AB9E15B1D2F4DD37FE2593FEEA5F9FCDF377F995B77F63F6CB69609BFD54D1ECAE413C35A5C373E4EA704B692FFCB3B98A5D8927FECAAD57ED4897BA6EDE6A7650FF00CB6FFB6554F41B3FF8994BAA4FFF002F7FFA0FF0D4FA6F87B4BB3FDFC3079BFF005D6AB78B7539E1B6F234C825965F33CB93CAF9FCBFF6A9C43FC44F7905ECDADC53FDB7FD13CB7F32DBE5FDE37F0B567BE99ADC3E6FD8AF7CD96EE4DF25CDCEE748FF00D948D7E5A6F8334ABD87FD36F7F75FFA1FFC0AB76E6F2CA1FF005D7B145FF6D56AA5EE90541E7E28A3FB474BFF009FDB5FFC095A28E634F74E7F4A782CFF00E5F628A5FF0096917FFB355FE37F8E3C43A6F86ED745B2BD962B5D5B7FDB258A5F9E48976FEEFF00DD6DDF37FDF3F759A9D67141FF000925AE890C1FE952FEF24FF76BBD4F87D650FEFF00C4165E6DDC3FEAFED3B5D2356F9BE55FBB5F9E65397D6F6B1AFF0064FAECC7194A71F6467FC0DF11C1FF00084C5657BFF2C7FD5D77B358FDB2DBCFF22B9BD1F4C821B9F3E6FF009E95E8FA26A1043A6C50FF00CB2FF80D7D373CCF124BED1E2DF10BC056579732CFF628A297FE7AF95FEB2BCD358F024D0FFA9AFA975BB1FB67FA9F2A2AF27F1B68B3C3732F9D3CB2FF00D32F97F79FF7CFDEA53891091E4B67E11D52F2E7F7307FDB597EE56DC3E15BD9BF71653FDAFF00E7A795F73FEFAAD2F10C1ADDE5B791E44B145FF7C537C19793E9B73E47EF7CAACB923135F88EBFC01E1CBDD1EE62F3A0FF00BF55EC7E1EF3EF2DBC8FDD7955C1783353F3ABD5BC1ED05E79507FCB5AAE5F7BDD26456D37C2707DA7CFF222F2BFE5A7EEBFD5FF00B4D56FC4FA668B37FA6E993F952DA7FCF2F93CB55FBD5D15E37F66FF00AEFF009E9E5FFDF4D58CFA6594D6D2F91FEB65DF1D4CA7F64A89F3B7C78F04FF006C79BAA699FEB7CCF324FF00BEABC6ADA79F4DB9FB14D04B17EF2BE96F1FDE79373E44307EF7FE05FBB6FE2FFBEBFF0066AE1F47F861078935BF3B539E58BF79FF002CBEFF00FC09AB2A9089B5299A5F05B5CFECDB6F3FCFAF35FDA13C673EA5E2D96087FD557BF5B7C32B2D06DBF73E6CBFF3CFCDFB927FDF3F7ABE7CF8FDE0C9FF00B4BCFB2FF5B570A7CB014A5CD3389D125F3AE7FE7AD7AEFC0D82787528A79ABCE7C19A1CFA6DB7EFBFD6CDFEB2BBDF0ADF5ED9DCC5E4C3FEA6B291AC647D71AAE9FF00DBDE12967FDD79B2FF00E4465FBADFF8ED7CCDE278B549B5BBAFF4296596291FCC8A28B7D7D13F05BC476579E00FDF7FC7DFFCB4FF00A68BFECD7CFF00F1E3C4B3E83E3FBF82CA7FF44BBFDE7FB75C998D28CE9730F0B29C67CA69784BC2FF00DA56DFBE83CA97E4FF002D5ADF176E67D07C251597FA57EF64D9E6C5F3F98AABBBFE035C87C22D72F752B6BFFF00A631FF00CB29577C8BFF007D7FB352F89FC673EA5E6D97EF65FB89FBD97E48F6FF00757FBD5F35C918C39A47A71E7E6E53A4F066B57B368917F63412F95FF2D25B9FF969FEEAB7DEA3C37AD7887FB6FF007D07FA9FF8F78A2DBE4C7F37F7777DEF96B9DD2B5E9F4DFF008FDFF55E5FEEE2F37FFB1AB3E09FF4CD6FF7D3FF00AE93FD9FDDD72CB9630FEF1D1181EE7A25B41AC79505ED9452FF00CF4F362F93FF001EAF37D6ECFC9D6EEA0F23ECBE548F1F95F7FCBFF677577FE159FEC7E541FEB7F77FBBA3E34B79DA6E97FB88BF7DE6C9E6FF001FCBB576FF00E835F57C3F8D9B97B299E0E634BED1E6FB6A29A2826AB2EB51BAD7D7F31E31C7F8AACECBFE3CACACA5FB5FC9E5F95136CFF817F0EDAD54D3E0FB34507FAAFF00AE5F27FE835ADE5535D6AC8E53CDFC676DF6CD6E2B2F225FB2431BF992F9ADF7BE5ADFF04C5E7786E29E6822FF00AEBE52A798BBBE56AB5AAF8720BCB9F3BCE962F3A4FF00488BFE7A7FF134CF16B6A90E9B17F6641FF2D3F79E56DDF1AFFB3BBFE035467C9CB3E6343ECD07FCF18A8AF3FF00ED5F11768355C7FD7B37FF001AA2A8AF686D695E15835EF1245AA596B7169F7569B23FF55BFCC6FEF7DE5AF55B6D3354B3D13C8D4EF6297FE9AF955F36F833C63043F122EA7F3FCA8A6D9E5C5F73EEFCBFFA0D7D29E1896CBC496D15ED95EF9575F27EEA5FB927FF00655F3B838FB28721EE57F7FDE312E743FF004697F7FF00BDF2FF0079E54BFC3FFB2D5CF87517D8F4D9608679658A1FF9EB2B3FFE8555BE2D4BAA69BA6F9FFBA962F33679B17DFDBF2B2FFC07FF00B2AE63E1D78DA0FDEC134FE54BFF002CEB7F86465CBCD03BFBCD6BCEB996087CD97CAFF59E57FCB3FF007AB2619609B5BF3FFEFE7FBB5C83F8960D375BD520B29FF752FF00E44DCDBBFF0065AAD67ABFFA4FDB6CA796991CA6DF8FE5B286B8DF0DB41A978922B287F7BFF3D25FFD96B9EF1B78ABCED4A282F7CDF2BCCA93C07ABCF67E368A786CA58AD3CCFF0096BFDDAC6BC8DE852E63E92B9F0D7D8F44B5D53C8F2A29BFD67FE83BAB6FC19A8597DA7CF87FD6D56F16F8C6CA1F86F6BFEABFE3DF67955E51E0CF19F93A979137FAAFF9EBE6D6552AF2CBDD1C6973731F4B4D79FDA5FEBBFE5AD79F7C57D57FB06DBFB526F37CA8BFE5AC55CB6B7F11BFB1FF007FFF00C4A799FF00A1578FFC63F8BB7BE24B6B5D126FDD69F0DC24FF00EDC9B777DEFF00BEAA2A73F20A943DF3DDE1D23FE124D122D53CF8BFE3DDE793FDD5A9FC19A5793E55EFEF658BE4FDD7DCF9777CDF7AB8DF81BE31B2FDD7933C52FF00D32FFF006ABD46CF508358D4AEA7D1BFE5D24FF48B6F991E3FEF6D5FEEEEABA1539BDE2EAC394D0F16C9E75CF9F07FC7AC51ECB78BFE79AFF77FCFF7ABC8FC79A6595E5CFEFA0AF6E9746F3B4D33437B15D432FF00D33D8E9FECB7FB55E77E30F0F4FF0069FDCD555E730470167E13D166B6F22AD6ABF0EE7B3B6FB7597EF6287F79FDFABB67A54F35CF91FF002D6B4347F19CFE1BD4A5D2F539FCAFE08E5F977C6DF776B7F797FD9A98CE3CBEF15EF73FBA64695AAD969BE12BA9EF7CA8A5D3EE3CFF00F80EDDBBBFF42FFBEABE5FF885E38FF84ABC6D2EA90FFAAFF57FBDFF0065BFFB2AECBF696F144FFD9B7F65A67FC7ACB1FF00A44BFF00B2D789E88FE77EFE1ACB11EFC0ECA1EECB98F68F07EB97BA6DB453594FE556C59CF3EA5E6DECD045FF004D3EF7FECB5E6BA26A1E4D7A57C3AD6BFE5CA1FDECB37C9FEABF8BF86BC39D2E6F74EDE6E5F7C8F55B39E6FF0053E6CB5D5FC37FB6C373179DFF00916B9879E7B3D6FF007D079BE4C9FBCAEB744D43CEF2BCEFDD79B5E2D786A77D2ABEE1ECDE099FCEFDFF00FAAF2BFE07E6577DACE943C47E09FB1C3FF1F50FEFEDFF00DEFEEFFC0ABCC7C1F04F67FF004D62FF00AEBFFA157B2F8257FD1ABBF2B94E955E789E5E3F92703C32F2CFC9B99609BF752C3FBB92A94D157A9FC62F0FFF00A4FF006DD97FB9791FFCF36FE16FF3FECD79CDCC55FA2C2AF3C398F9AE5E532DD6AB5E37936D2D694D1556996B6423CCFF00B6AF6F2E7F7D7B75692FFCB4B6FB9E5FFF0015577C372EA979ADF91F6D965B487FE3E3CDDAFF00EEAFDDAD4BCF09F9DA94B7BFDA92C5E749E649FBA5DFFF000166AD7D2B4C834DB6F26CA0FF00E2E4FF0069ABAE5561C9EE98F24CE7F52F10FD9AFA483A6C6C60D15D4F954561CC57248F92EE74ABD9AE7CFAF60F8277DADC3E579D3CB5CDDCCF0435D4F827C43043E557832E43D8F7F90F75BC96CB58D12282F7CAF37CBFFBF95E59E2DF08416773E7D955BFF8496086DBFE3F7FED95725E2DF18CFF00F3DEB7955F70C21198DD06FBEC7E248BCEFF005BFF00B2D7B72785FC3DAC784BEDB0F956B75F73CD8A2D9F337F7BFBCB5F29586B57BA9789229E1AF7EF0F6A1E77827C89BFF66AE6E79466764A97B8792FC57F87DADE8FE2DFF4D83FE5A7991DCC5F724FF75ABD3BC1FE1583FE1574BAA4DFF1F76967E7C9FEF7F769FF0012F5A9F52F0DF91FF917F8EB8DF0C7C4186CFC13AA68935F795FBB4FDD79BFEB3E6DBF2FF7BEF544EAFEF79470A53F6459D6F5EBDD4B4DB5826F2A28AD23F2FF00CFF9FE1AE52FF55FB1F9B3F9FE5554D6FC43059E9BE7CDFEAA5AE0FC61E2FF00B65B7910FF00E8A6ACA7C9F09BC2133A4D4BC71F6CFF0096FE6F93527EE2F34DF3FC8FF5BFEAE5FF009E75E4FA3EAFF63D6FCFFF00975963D9FEDEEDD5F67FC07F869A5EBDE09B583F752CB346F2496DFC7F77736D6FEF56F4A3F64CAAAE48F31E15F043C5DE21F07FC51B082CA0F37FB477C7F6697E4F336AFF000FF7777CDFEF6DAFA7BE12F8F744D4B52FDCFEEAEFFE5A7FBDFED6EAF15F8B5E02FF008427C4915ED94F2C5145B27B396E7EFED6FBCBBBF8B6B6E5FF0080D627C1096CA6F8A315EFDB7ECBFE90F25E79B2FEE6E3FBBFEED5CBF7447F14FB37C4FA8D97F627DB746D522BA96D367DB3CAFF00967BBF85BFEFA56AC4D375E826FDC4D515858FD8EDAEB44F3BCDD3F568DDEDE4976BFDDFFD0BEF6EDD5C1BDB5EC373FB9A9ABF1184627517F793D9EB717D8A0F362FF5924BFF003CFF00BB5E65F1534FFB66B7F6D9BCDAF4FF000C59CF796D2FFD73DF5C2FC47FF8F796B2E5F70BE63C57C6D6705E69B7507FCF58DEBC3125F26E65FDFF00FAAAF68F1CCB3FD9A5F27FD6D7845CFF006A69B732C1341E6D5463CC6903AAD1353BDB3F2BFE5AC5FF008FD77BE0FBEF3AE628269FFD6FFCB2AF1CB0B9BD87F7FE44B5D6F86F50FF00553433F952C55C55E81DB4A47B44373343FB8F3EBA8D0755BD86DA2826B28A58BFCFDDAE6FC24D3CDA6DACF37EF65F2D1FCCFE3FFF006ABBDF07EA765677317DB6097CAFB9FF005CDBFBDFFA157933C3F37DA09553D0FC0DE28D13FB362826F36297FE59FEEBF8BFBB5EB9F0EB528352B6FF00439FF7B157CE5E33BE83FB4BC8B2822974FF00F9672C5BBF79FEF5775F04F559ECEE7CF87FCFFBD534ABC69623D81855A5CD4B98F61D560FED2B9BFD126FF96BB3F7BFF7CB2D791DFC1E4F9B04DFF2CBF775EDD68DE4FF00A6C3FF002DBFCFFDF35E43AC2CFF006997CEFF005BE63F99FEF6EF9ABEBF00E5184A27915CE7E65AA332D6ADCAD67CCB5E89CE547A8DFAD4CF50BF5AB8805151D15A81F1D6B1E2F9FF00E58C12D615B78ABC516773E7C3FF007EAB51E0F3AB3DEDABE4BEB27D4C30B03A4D2BC7F3CDE57DB7F752D7410DF7F6C7EE3CFF00F5D5C5FF0067FDB3F71E4795154B0F872F6CF52F234CBDF2BFF4093FE0347D769152CBBF94EDB4AF0D5EE9B73FF3D7FE9A45FDDFF6ABDAFC18D65FD89141A9C1E6C516CFDD7FBBF32D78EF86E5F1AE8FA6FEFA08B508BFE7AF9BF3D3B58F19EB5F66FF008F2962FF00B654471B87F8A3227EA757E13E929B43B2D7B4DFDCC16969FF006CBFF4266AF13F187C1BB287C5B2EB7E7F9B17FCB4B1965674F37FBDFF00A0FCB5D47C25F883AA436D6B657B65E55A4D1FEF25976FFE3CB5BDAF6AB04D6DE44365145E6FFCB5F99FFF001EFBB5C18FCDB0F087B92F78EAC2E02AC67EF9C6BDB7F66F95E7595A4B17FCB38BCAAC7F13E9FE1DD62E62821D2ED6D2EE6FF5914B12A27FC0ABBAB9B39E6D4AD61FF5BFF5CBFF0066ABDAC7C37FF8995ACFFBA8A5FF00592795FF00B3579985C662EBBFEE9D756952A47916ABFB3E6A9FE8B7B65AA5AFFACDFF00BAFBFF00F01AF46F84B3F887C1373E45EF9BFEB3CC8E5AF4AF0DD8CF676D14137952C517FABAEDBFB06CB5EF0DCB65E4452CB2C7FF002D62DFE5FF00BBFDDFF7ABE92938FD93C7AF297DA389F1B6A7A5F8C34DFF004DB28BFE9A795B7F79FED6DFEF5791CDE0C9FC2BADFDB6CBCAFECF964F2FFF0066DBFEEFCD5D443A76A967A95D597912FEE6478FFEF96DB56BC4F677B0DB4505E594B145FF002CE597EE6EDB4E78C8D489CF18FB291D8F833C433DE69B141E7FEEA18FFCAAFF00BDF2D695B59C13571DE188BEC76DFB9AEA349B9A215798C2AC4D6D2B4AF3BFE5F65B4FF967E6C5F7FF00EF96AE2BE2D695059F9BE4FEF7FE9AFF00CF4FFC76BBAD3753F27CD9E6FF006FCBAE3BE216A7FDA5FEBA7F37CAF93FDBAECF7390C0F9B358B39E6D6E5FF9EB349E5C75CEF8B748FECDFDC5ED94B14BFF004D62D9FF00A157D1DE06D574BB3B9960F2628A5F33FE792FFE855DDDE5E689AC69BF62BD822BA8BFE794B12BFF00E3B58427091BCB9E27C61A569507D9BF7DFF002D6B3F55D2A086E629FC8FF9695F5278C3E0FE9779E5410D945A7F9DFF001EF2C5F27DEFF67EEB2D7827ED39E0ED53C07E24D2F4BFB6FDAA2BBB3FB579BE56CF9BCC6568FEF37DDDAADFF02FF6689D2378553ADF0ACF04D6D17FCB28BCBFF555D55B4B04DA6F93FBAFDD578FF857C43F63D13CFF0023FD57FCB28A5FFE2ABB1F04EA7FDA56DF6E9A7F2A29A4DFFF0002FBB5E6D54687A3787A79E6FF00429BF7B17FD35FFC76BBAF07CBFD9B7317FCF2AF3CB36BD9B4D8BEC5FF006D25F36BABF0DEB5F63F2A0BDF37CDF33F795CBEE4277919CB9E47B1A78A20BCD6E2FB14FF00F2CFCB9229777F79BFF1EFFEC6B2BC55FF00213BAFFAE9589E0369E6B996F6683F75F3C9FE7756ADFB57D0E5329D5E6A923CEC54631F74C1BC5ACDB8EB5A7A874ACAB96AF70E22B4D50BF5A74CD55E800A29370A2B403E51B3820FF96DFEAAB3EE6C7FD27FF45D74167141F66FDF7F9DB59F7304FF0069AF853EAE955F7C6D9AFF00A37910FF00ADFF009674DD12FA7B3D4BCFAD9D1F4AFF00896CB3CDFBAF26A09AD279BFD741E57955CDC9CD13B218AF78EBFC31AE41796DFBEFF963FE77536682CAF2DA5FFA6DFEAFFE9A5731A579F0DCFEE7FE5AC7B24ADCD36F3C9F2A0F23CA97FD5F9B5E455A138FC077C2BC24763E0CB59E1B98A087FE79ECFF005BBEBA287CFB3FDFCD07F73F77FECD62786DA0FF00F755DB683E45E5CFEFBCAFF575E77B29CFE20AB5CE9B478B4BFECDF3E1B1F365F2F7F95F36C8DBF8977549A57897ED9FB883FDCAD0F09699FD9B6D75E77FAAFF00591FFDF35C73E9FF00E932EA9653F955EDE16B57840F26ACE333AF7B9F2752F23FD6C55E83E0996086E7CFFF009655E55E15BC9FFB4BF7D5B37FE21D521D4A2F260FF45FF969FDFDDB976AFF00BBF7BFF1DAEDA58F852F7A52329529CFDD89DFEABA0E97379B7BE47FA5CB26FF00F80ED5FBB5CA78F3C3506BDA24BFF1F7FDA1A76FF2E2F37E491BFBCCBFC5FF00D95749A56AF3EA5E57EE3CAA778B609E1D365D52183CDF2ADDDE48A38F7BC8ABFDDFF6A8A18E857AB289C75E84E078742B3D9FFAEAD04D6BC9FF0096F54B58D6A0D4BCD9E1FF0055FF002CFF00DDAE7EFE59EBD1A5C8632377C5B2EA93784BEDBA66A914BE749B248A5957646BFDE6AE426D73FD1BC89A7F37FE9AFF00CF4FF77FD9A8755BE9FECDE47FCB2FF9E5FC15CECDFF001F35BD5A91F88B87C3CA41A96AFF00F13BFDCD745E09F10DEC3A9453CDFEAA2AE651678752FDCD7A5783EDBFB4BC37E44D65FBD8BFCEEA9A118C8D6ACB9606EE8FE2AD5358D6E29FFE5945FBC8E2F37FD5FF00BBFDD5AF30FDAF57FB63E28D841FF2CB4FD1E24FF81349248DB7FBDF797FEF96AF5FF01F843EC773E74DE6FEFBFD6554F89DE1C835EB68A7F222F36D2E3679B17F776FFF00635DFF0019C7CE7CC36DA2CF0F9BE4FF00CB5FF595AFE1BFB6E8FF00EA7FEFD4BF73FDEAF59B6F00415AB61F0E60FF009E1532C04E62FAD1CC784B5083FD17C9BD8A297CBFDE79BF27CD5DEE88B3F8AAE629E1BDFB5CB69FBBF2BFE7A2AFCCCCBFFC555ED1FE1CD97FCF0AEC7C3DA0D968FF00EA60AE7FEC494BDD27EB9189A5A241F63D37C8ACDD4A5ABD733D656AAD5EF61F0F0A30E489C13ABCE66DE4B59D72D535CCB54266AEAE5322299AA076A266A87750049BA8A6D15451F39DB5B7936DE7CDFF005CFF00E0555A683CEB9AD9BF5FF46FDCD65F9FE4DCFEFA0962FF00A6B5F11CBCC7BFCC6ED859CFF668A0FF00A6956EE60F27FD0BC8F37FE7A7FE85FF00C554367A9FFA37FCF5FDE545737DFF002DE6FF00AE953EC261CE1676704DE6FEFF00CA961A9DF4FF0027F7F0D67DB5F4179FBFFF00552FFE8CAD286FBFD1BC8FF7EB8EAE1E713AA154BDE1EB99EBBFF0DEAB65676D17DB67F2BFEBAFFCB4AE53C2B1597DA7FE597FD33AEB7C31E44D732C137952C5E5BFFE3CBFC35CF1C2C02AD73BDBCF12C3FF00084F9F0CFE6F9D26CFDD551D35ACAF344960867FF4AF2FF77FEF7FBB5C5E9B2FFC5372C1E4F95FE9150DB5F4FA6E89E7F9FF00BDF33F77FDFAD798C8EB666FB1FF00D7DFC9E67F72AEDB79FA97D96087CDFF0059E65733A3EAB3EB1FF5D62AE87E15FF006DFF00C2497F3EA73DACB692ECFB1C5E56C9ADFF00BDB9BF8959BE6FF813571FD47DBCCE98D5F6503D974A8BFE29CB59FF00E5AFDA367FC076AD6BEA4B04DA24B07FCF58F6795F73CC5FBAD5C86B1A9F93F65821FF00963FBC929D79ABF9DE54335774942955386739CE270FE39F873A5E8FE129754D1BED717D9367996D2CBBD36B36DF97F8BE5DCBFF007CD7016DE47FCB6AF63F19F8C7C2F67E1BBFD12F754F36EA5B774FB345F3BFCCBF2EE6FE1FF8157863B576C270221CD2F88E81341FB65B573BE27F09CD67FBFAEBFC0D79E77EE2B57C6707FA357A9084270E630E69C6679BF84B48826B9FDF57B4F82741B2FECDF3E1FF00B695E3F613F93A97910FFCB6AF5EF8576DAA7F66F9FE7C5F65BB93F77F7B7C6DFC5FECD614BE32AA9AFE30BC8341F0DCB3FF00AAFE08FF00DE6AE7FC256DF6CD13FEBB49BEB77C67E1A83C49A95AC17BFF001EBA77EF3FD89256FE2FF6B6AFFE84D5B761A7C1676D1410C1FEAABD8A185973731C12ABEE729CF43A455FB6D3EB5DE2A8DFAD7A47295522F26AB5CB559B96AA172D544956E5AA94CD53DCB567DE37FA354F2818D78D54A66AB373D6A8CDD2A806BD40ED43B547BE828937D14DDF456851E1D672C1796DE7C3FF006CEA17B3FF009EDFEAAB2F44FF0043B6F23CFF00F969FF002D7FDEF969352975BB3B98BF7F2CB157C5729EE1AE9A2FFADFF9E5E5FEF2A95E6A1A5D9F9BE74FFF005D3CA89BEF52584B3CDE6D94D7BF658BCBDFE6F9BFEB1BFDE6A97FB1609ADBC8F3FF00CEEDD56496E183FE78F95E57FCB3962FEED4F6707FA4FF00A8F37FE9A56226917BA6EA5E7C33F95E57EF3CAF35B649FC3B7FDAAE8B4AD4E09BCAF26097CDF2FCC922FF009E759943AE62FF0049FF0096BFF3D2B6FC3DAAF93FB8FDEF952D684CD6579FBFFDD4BFF3CEB1AF3489E6B9FF0042BDFF002BF7BFE03584E102E123B4D36E60FB37EE7ED5FF005CA589BFEFA566FF00D06B9FF13ADEEB1ADFFA159795143FE7EF541E1E5D521FF42F3FCD8A5F93FD8AEAE159ECFF00E9ACB2D73FB2E6173F2CCA5E1BB1D52CFF00F6A574961E25BDB3D4BC8B2F2A5961FF0059FF004CFF00DEFF006AB134DF11EB70DCF9165A5C5E57FCB496FB727F17FE3D5CB789FC59A27856E7EC5653C52EAB77F3F9717DC8D9BFF415A9F821EE9D11E69C8FA1FC31AAC1796DE47FAD965FDE574F6F07FAA9E6FF00555E21F05B5ABDFDEFF69F95E57DFF00362FF80EE5FF006ABD466D73FE78C12CB17FCF58A2FF0059FF00C4D4D2A9194798C2AC7965CA6878C3C21E1ED7BFE3F7FD12EBFD6472FDCFBDF7BFDEFBDFF8ED607FC2A9D13FB4BF7D7B2CB143FF002EDFF3D176FCBF32EDFF0065AAC3F8BECB52B68BEC53FF00CB448FCA97EFFF0016E5FF0077E6AD0D375CF26E7C8F23FED97DFF00F80D6B1AF425232E5AA798D8683ADF86F5B960BD825F2AD24D924B144DE4FCDBB6FCDB7F8B6D6A7C5AD427BCD36D7FB33CAB4961D9F68FDD6FF317F897EF7FE3D5EA3796D65AF786E5B29BF752FF00ACFF00BE7FCB7FDF55E2FE2783CEFF0053E6D7A9425CB0F74CA52E6383F3FF00E277F6DF3E5FDCFF00CB2FFEC6BDBBE055E4FF00BAF26F65962FBFFEC6EFE1FF00D9ABC9DFC2F7B79FB882BDD7E09F8427F0DE89E7EA7FEB7CBFDDC5FF00C55766169734C55EAFB8762915477356DDAA85E357D023C733EE6C7CEFF5D3CB4E99A9CF2D569A5A98D28C65CC1CFF006482E5AA85E3559B99EB3EE5AB624AD33554BC6FF46A9EE65ACDBF9E828CCB96AA53559B96AA93350040F5150ED4DACCA24A2A1F328AD00F9E2FFF0073FBFA75B5D4FF00BAFF0096B14BFBB922FF00D9AA7BF8EB1AFDA787FD4D7CB57C2CB9F9A27B34AAFBBCB23AB75FFB6BFF003CFCDA8DD7FF00DED73F67E2883FE5F2096297FE997DCAD4B3D5ECAF3FD4CFFF00917E7ACB92633511A79ADBC89E79658AABEB7A45EE9BA6FF006A68D7BFF2D3FD222FF67FD9DD4E865826AD6B3967FF0051FEB62FFA6B17FECD594E23E63374AD72F7ECD15EC3E55D45E5F9924517C8FF00EF2B7F1569787BC556537953CF04B69E56CFF8F9FB9F7BFBD4D7B1821B9F22CBFD57FAC8FF0083FEF9AD7D12C74B9BFE427651795FF3CBFDAFF76B2944BE681D35FEBDE1ED1EDBF7DAA5AC5FF3D22965F9E3DBFECFF0D737ADFC59F0BFDA7FE25905DDD4BFF4CA2D89FF008FEDACDF18780B4BD4AE62FB15ECBFBEFF0059FBD64FE2F9B77FDF557747F09D959DB7910D94517FDB2FF59597BC5C3D91526D5FC51E24FF005DFF0012FB5FF969F75DFF00EFAFE1AD0D1FC35650DCFF00A88BFE99FF001BFF00DF55A96117D8EDBC8FF8056EF8334FFB65CFEFBFED9D71D48FF31BFB5FE53D0BC3D6365A6F86EC21860FF4A9A3D9FBDFF969BAB53C31A9CF67FF002C25F37CCD9FE8D17F17FECBFF0002DB59FADDCC1F66B583FE78EFFF00C7BFFD9AB76773FE8DFEBE5F37FE5A7F9FFBE6B682F7BDC38C8EE6283FE136FB6C3652FD96EECD3CB97FDA566DDFC5F2B7CCB5BBA6AFFA4F9F59373AAC10DB791FEAA28A3FF96B2FC91AFF00B4D59F79AE4F79FF001E507DAFFF001C4FF817F135694B09FCA44EA9D46A5AE410DB4B65A64FFEC7DA7FE79FFD73FEF3573B73A0F9DFEA7CD97FE79D47E1BF0F78866B9F3EF7CA8A2FFC723FF756BD12C2CE0B3B68A0AF770B829CBE238AAD5E5307C1FE1EFB1FEFA6F2BCDFFD175D779F59CF2D37CDAF72952843E138E73E72F4D3D54B996A2796A29A7AD891B34B552E5A9D33552B996A8922B96AA1732D4934B54AE5AA8CCAB72D54AE5AACDCB567DCB549A104CD54A66A9E66AAD374A891444F4DA29B5001B68A37515A01E3373635977FA7D7A17F66D45368B5E7CA91D91AA792DE699FF4C2B2EE748AF5EB9F0F550B9F0D572CF0E6F0AA79CE95A9EA9A6FFAEFF4B8BFF1FAE86C3C436537EE3CFF00FB65F71EB4EE7C2B59B79E0C9E6FF9615CB2C29D11AB03634DBCB2FF009EF2CBE6FF00CB5F97EED5EF3E186E7F733D71FF00F0865EFF00CB1F36A74F0AEA9584B0B32B9A077FA6F886CBECDF62BDFDD7EF37F99FF3CEAF59CBFE932CFE7F9BE749BFFD6EFF00F77E6FF77FF41AF3287C0B3CDFBF9BCD96BA0D07C197B67FEA7CD8BFEB94AC9FFA0D65F52987340EEADA083ED3FEBFFEBA574FA3EA1E4FEE21AE3F41F0ADEFDA7CF9A7BBFF00BFAD5DA689E13FF9ED4472B9C89957812BEAFF00F3C7CDBA97FE997CE9BBFDA6FE1FF80D456DA46B7AC5CFFA6DECBE57FCF28B7227FF0065FF0002AEBF44F0D410FF00CB0AEAF4DD32086BD1C3E57081CB2C51CDE83E0EF3BF7F7BE6CBFF005D6567FF00D0ABB6D2B48B2B3B6FF5353DB2D49BEBD1A587840E59D5274A6DCCB513CB503B575420603DDAA2DD51BB535DAB62473CB504CD43B55499AA8074D2D51B9969F34B54E696802399AA95CCB524D2D5499A802299AA94CD524CD55AE65A902B4CD55A66A9666AACF5250535DA8A8A66A0037D1557CFA2802186DAACA59D3EDAAEDAD2E517319FFD9F4D7D2AB7E18AA74B6A3D917CE72FFD8D4E4D0E0AEAD2CEA44B6A8F645FB53944D060AB90F8720FF9E15D5C36756EDACEA7D907B5396B6F0E41FF003C2B42CF4183FE7857490D9D5EB6B6A3D907B531B4DD160ADDB0D3E086A748AACA74ABE42398742B5652A14EB526EA39492646A7BCB5023546ED55CA048ED51EEA66FA6BB559239DAA376A1DAA076AA0099AAB4CD43B5569A5A0CC6CCD54E66A7CD2D5699A802299AAA4CD52DCB5547EB41A114CD55266A9A66AA8F5250D996AB3D5976AA8ED52031DAA95CCB535CCB5977F3D512739ACF88BECBA9CB6FF00F3CC81FA0A2B3759B6824D4A57F523F90A2A4A3D16D6B4ACE8A2A80D2B5ABD0F5A28AA88A4584AB09D68A2890CB10F4AB36FD68A2A40BD0F4A9D28A2948512687A54945148B1E94F4EB4514003F5A6D14551223D328A2A8085EA39BAD145049566E955E6EB45140CCFB9EB4D7A28A00A335569E8A28195A6A85FAD14566514E6AA9374A28A52033EF2B2351A28AB892717A94B2FDBA5FDE3FDEFEF1A28A2B003FFD9, '', '4', '3', null, null);
INSERT INTO `menu_item` VALUES ('23', '2015-08-19 21:10:20', 'GRILLED CHICKEN', null, '0', '2', '0', '', null, '', '12', '3', null, null);
INSERT INTO `menu_item` VALUES ('24', '2015-08-19 21:10:20', 'HAMBURGER HALFPOUND', null, '0', '3', '0', '', null, '', '12', '3', null, null);
INSERT INTO `menu_item` VALUES ('25', '2015-08-19 21:10:20', 'HAMMER COFFEE', null, '0', '2', '0', '', null, '', '6', '3', null, null);
INSERT INTO `menu_item` VALUES ('26', '2015-08-19 21:10:20', 'HASHBROWN COMBO', null, '0', '1', '0', '', 0xFFD8FFE100C945786966000049492A000800000007001201030001000000010000001A01050001000000620000001B010500010000006A00000028010300010000000200000031010200150000007200000032010200140000008700000069870400010000009B000000000006004800000001000000480000000100000050686F746F46696C7472652053747564696F205800323031343A30363A32312031363A35323A343100030000900700040000003032313002A0030001000000C800000003A003000100000096000000FFDB0043000402030303020403030304040404050906050505050B080806090D0B0D0D0D0B0C0C0E1014110E0F130F0C0C1218121315161717170E11191B19161A14161716FFDB0043010404040505050A06060A160F0C0F1616161616161616161616161616161616161616161616161616161616161616161616161616161616161616161616161616FFC0001108009600C803012200021101031101FFC4001F0000010501010101010100000000000000000102030405060708090A0BFFC400B5100002010303020403050504040000017D01020300041105122131410613516107227114328191A1082342B1C11552D1F02433627282090A161718191A25262728292A3435363738393A434445464748494A535455565758595A636465666768696A737475767778797A838485868788898A92939495969798999AA2A3A4A5A6A7A8A9AAB2B3B4B5B6B7B8B9BAC2C3C4C5C6C7C8C9CAD2D3D4D5D6D7D8D9DAE1E2E3E4E5E6E7E8E9EAF1F2F3F4F5F6F7F8F9FAFFC4001F0100030101010101010101010000000000000102030405060708090A0BFFC400B51100020102040403040705040400010277000102031104052131061241510761711322328108144291A1B1C109233352F0156272D10A162434E125F11718191A262728292A35363738393A434445464748494A535455565758595A636465666768696A737475767778797A82838485868788898A92939495969798999AA2A3A4A5A6A7A8A9AAB2B3B4B5B6B7B8B9BAC2C3C4C5C6C7C8C9CAD2D3D4D5D6D7D8D9DAE2E3E4E5E6E7E8E9EAF2F3F4F5F6F7F8F9FAFFDA000C03010002110311003F00F8DF4AF097887529425968B7D3127A88180FC49C0AF44F017C17D464992E7C45711DB46083E44443B9FA9E83F5AF67B6B884FCADB97D3238AB41D179DCB8FAD73547247A719DC8FC33A5596916296961088A28FF008477F73EB5A9E20D4EFE1B0B3B6B4BA96343333C91A9401C600E7703E9DAB1B56D6ACF4CB46B8B899228D7ABB1E3E82B374DD5C6B129B9865592353B54232B6C1FE26B3A75251D4CAB5A4B94E9B53F1347A6E8ED35CDD6C95CE32CF1295E41254EDED8F4E84D64F8CBC417771A1D869666779A58F715F3049B5A63800328008081BB77AC9D4246B8D7A0D363B9092C8E1367DA846E7BB10029C9031F99A82C5DAFFC5F25E9E62B6469FD703FD5C7FA0CFE35E9D3C65454E4DBE96FBF4FCAE6383C1C3EB31925F0FBDF76BF9D8D3D4B5765D416DA0D822B68D635E3DBFC00A0EAD3B4631B339E70A69FE08F0CEBDE2AD67ECBA1E97717B712B962235E14762CDD14631C935F41FC3BFD9BACA08E3BBF196A7E63F04D8581C0FA34A464FF00C040FAD78528CEAC9C9688F6F99412BEE782D8CBAB3DDA3E931896E5C6D36EA8CDE78273B70327E8457A7F81FE12FC41F12DA8B87F0F4BA346E793AA388B1EE072C47E15ECB65E29F85FE00F0B6A77FA1595AD9DB697673DC4935ADB126E443C48A9311FBC60C403863C9ACEF88FF123C71E1EF85F7BAEDC68D6B6D75770D9C5A6C80968E2B9BA952344249FDEEC0FB9880A32B8C10735D987AAA8AB27CC725784AABBA5632B47FD9C23D8ADAEF8ADB3DE3B0B6E3FEFA73FD2AF5A7C24F8356BA65DEA177ABBDFDB69E85EEE79B550238546725B66001C1FCAA0F8F9A6EB1A0786B4AD093C4B7F3FFC263AD69FA24C5E66F31A22C5EE652E5B019D1197E40A029C63BD57FDA1A1F0C2EB5E09F0FE92636B0D73568AE3526B590CB18D3AC48710A22E40433344BB5782C79AE996264EFA2318508DD6B7B9A56BE1BF817A7E857BAD5C787AD2D2D74DB65BA9A5D46DA50DE531215C2B9C9DC4600C649C71C8AB31EB5F0BF44D16FF0052D57C1D6DA2DBE9F6C970E973631194AB10A886342CCB2B165DB1B618E7A75C63FC6BD4AC3C4DF12BC3BE1DD3F4993FB2B4EB887C47E27530081E4903F976704E5B1B4B4BF39DFD1533D3152FC51BB9BC6DF11742BA8F4BF3BC33E0E9E3BFD4C4932A5BDC6A8FF2C30BCABB9596004BBB0DC012A3E92EA4B5B3FC0D5456975BFF005F89B1A86B5E02B4D1EE751F17F812C74BB6B4B7499927B48E79919C811C05157FD73EE1B514B6791DAB2B59B0F8391DBCF73E36F863A56850C56C2E5CCF0234D1EE65548DD62E92B961B514B12723A8AABF1035DD4FC59F12B40F108D2964F0A786AE33662EAE3CAB7D475631B1DE1C8C347080CA8D8C3C8DC1C0CD636B3E2997C55F1B6C3C41E2DB4921F0CF85A6DFA458CB2A42B737670A6F640E402A9BB11AF53876E3033CF5B17184B9652FBCD29D094A3CC97DCCD98BE17FC0FD5D2E4DDF866FBC2DF6583ED32B4F7E20F2A3C819906F7111F987CAF8383D3AD63EA3F01BC0B1D9FF006F681AADDEA9650C6676B49D7679911E3CC47DAA58027B0C7BD50D1BE2169BE29F88B6375F12B5088E89A74F24D6D650DA0105DDCA9C4724E47DF08B92AAC08DC73DABA1D57E29782BC7FF001265D121D4A6B7D07CBC5C476ECCB73AFBE39841CE638171F305C339F615E6CB1785AD4DB4976DACFD74D34F99D1ECB13467677EFDD7A77BB3CAB53F870B7BA84C9E0EFB4EA722E59AC8A7FA4201D48ECC07E1F8D727A969973A65E1B5D46CEF2CEE13868EE2368DBF23835DF78F7C65FF0008A7C63862F036A373696333C7F668D88F2E170EAA60745E591339018F39AFA5213A76A3E0796EFE25C7A64961B82C736A490827E9B78193F77186F6AC30F4E9D493A4E7AEE9F4B1B56AD3A508D4E5D1F4EB73E33B628230ADD01E47B568584415C6D6236B671EB5EFDE21F815E0FF0011466F7C0FA9CDA7CACBE625ADD472792E3D57780E07BFCC2BCAFC61E06F10F842EC45ACE972C4849D93C7F3C327D1C71F81C1F6AD6581AB0D775E42863294F45A3ECCE4F51D35DC6E89DB7039C83D41A8B46B2115FAF9A848C6DDCC3271FD2B51A40D8DA1B9C1181EBFE352DA2DB3BE58B7073DEB5A727B3329A47D09F0DAD22D47E06FF6791947D3DA06C0EC0B29FE5451FB33DD25E7C3B30A316659AE11B3D73B830FD1A8AFB6C1E294292BADD2FC8F8FAADD3AD38DFAB3E2FBDD60C706F5D2F790460477B1B6EF71F374ACDB9D63589091059C706C1993CD70E507D14D7AC7883C35769E1B8A487C2D793DCDD4CDBADCDE1678630782CF9C86200E071C9AA7AD7856EACF55B55D37C397778B2C7BE795EE4E533FC04F438F7EF8AF06BC12BDAFF71ECD0555B57B75EABA7CFEEEFD0F3AB386C2E889F54796E2763B1544984208FE15DD8EFF00CABA6F0FE9DA24011C5E79657FE58CF77F73D01526B42CFC37AB891653E12BE01999D36DD38DAC573B48EC376067A7522BACF00787351BCBEFB15E786E180DCCA56D8492F9D34D267180AC338C0CD72C6CDD95CDAA61AA4539C9C7EF5FE673FE22B6FB1E857371146BE7488218085E77BFCA31F9E7F0AEBFF67FFD9EB56BE4935CF1C34DA569B724791A7838BA9E351852E7FE598239C7DEE7B57B9F82BE1DE93E1F821BDD52286EF568C8921F94325A36300A762C33F7BB76AC8F1D7897C41A87C4C6F05E8378B67791E88754491CAE27633794149656F9179660064E40C8AD2AD585382A695DDFE5FD7F99B60E13B49EC9D979DB7FC74FB8BFA3EA1E0CF07F891F43D15A7B64516F6925A5B266D6DA4909F2F79C67CD7C8CE4938009C0E6B95F016B9E28F1F7C35D4FC656BAB341E62EAF6E6CD58FEE8C6648A18D57A0236872E7E6278E9547C15ACD97847E3EF8EF43F12C4263793596BBA5B25B19A47696216EEB128058B068F031CE0D3BE0C681E2ED1B54F19695E1B53369561E2CBB9A3B3F363844E2E218A608CCEA7E456760CAB86E463A62B87E27AEA75B4A2AFF008B399D4F51F0E6AFFB00BC561F65FEDB1E07851D55332AA0740549C777E719CF39AEF3C5B67E23F1FE87E1DF035CE8725A1B5D7B4FB8BA70921F26D6D4EF792566509F395408149CEFE71B4D75FF000AFE0D681E1DF01E8DA26A719BC9AC6DE2FB62A4CEB6D75323170CF1676B8563F2E474033D057A94402802BA614DF5386B62A0AEA0AFA9E5B27C2DD53C43AFE97278CF535BED3B4592E6E218FED0F249757134662DE7207948A8CDB51738662738005753A27C3AF0ED96A12DF5DC2DA9DCC965F60125E2A111DB96DCD1AA2AAA8DCD86638CB10093C0AEB090A3278A864BA8924DACEA38C924F02BA1CA952B5DD8E175EACF45F814F46F0EE89A4DA4F6BA7E976B04574C5AE02C6099C918CB9392E71C739E2B9AF8C1F10BC2BF0A7C2F6B7FAF453DAE9D7131B689ED6D03C51390480C010141E71EBCD74779ACDBB35C5B5BCA8B3450F98B24A42C5FF7D57CE7FB58DFF893C5FE1C8B42D14586AAF73208FC90E1A381CE57CD45032E467AF6C8C0EE38B1799D1A31D1EFD74B1D783C154AF5173EDD4BFE36F8A7A2EA3E1B825B8F1041AA4B0482326DD04290CF80C10A1E430C8C819E95C0CF7D6FAFF853C4925D16695D41D3C8994321C60B9DC40DA0E0E39C8C9A9FE00FC13D6B40B3D5B4BF1BD95B5AC3683CEB5B9F356469A52392C013818C9EBDF1C639E27E315FDF787752169A7460C11AAC843925B630EAA7BE4678AF90AF896EBF2B57BF57FF000753EA30B42938DA12B5BFAF42CC3E14B0BF79B489249435BC9B8CD22895656C039033FCBB579EADBDCF87FC61A96A1E1DBE37726912ECB99146D911DCED7084E38008CF4E3806BB2F0DEAF6B736AF65A8DA5ECA234DE440F8DE87E5182086040EA7391F85737E24D36DB4CF0D5D58D84B736B16AF2225B338F36668D4EF6662797249C67AD3C24DC6528C9EFF0091BE2212DD230A3D42137D06A90DA5C594D697404904D1B04621836F5DDDB8FC6BEBFF0082DAB69CD6B078E7E26EA76F35C5B45FE82D71708B6FA6E5518082D7962EE1F8906E66208000C67E73F09E8FE21D31ED615BE6D42DA58F782CB1CB1A8EC483C81DB183D6BE8EF849AE6B767E19D3AF357B0B05BC823554B7920494DAF70AAE064601EC703A76AF5E854853A8A6FF00CFFC8F2310E53A4E1FF00EFF0049D43C51E32D51AFF40B56F0DE927E56D43518FCCBEB81C7FA9B663B605381CC832703E5AD0BBF11E87A4DC49E1DF156B515ECB30023B5B848EE2EA61CE498605CEDC60E4A8E49F4ACAB8D135BBBF08497BA5F89E4B2B56B7FDEFF0066582A5FCCABB8EC69C96C1059B2CA9BB927AD41E07BFF0005F84F4ABAB3F0B68BFDA9AA9DCD76346DD753DC64F0F3DC391B49F477C8EC2BE8A9C9F229DF7EAFF4478738C5B692DB4B2FD5BFEBD0E4FE27FC0DB2D634A9754F879742166E4E9D3315427D11986E423FBADC7D2BC4AE74DD7749BF974FBD8E686EEDC2C734727CA411C60E7F1E9ED5F55F85EF7C64627BCBBB7D1B45B760246B29DA7BFBC238037C819464003850D8F7AD1F1AF83F49F1E78791AFE0FB2DE2A9F22EE25F9E320900F206E43D707B1EC69CA9D3AAB9A3A798E35E749F2CF547947ECAF7A20B8D42D84A1E32F1C983F7B2548CFD30A28AABE03D0B5BF02FC519749D5C0C5C5B968274188EE15587CCA7F1E4751457AF84C34A5423E5A7E278B8F6BEB0E51D99E6963E14F17C3652C577636B772CAD19478F4C50B12E4EF000906E6C6DC12715A363A3F8DD35147962DF64B3F30269F893CB1FC20EFC0078E7B106BB264F145B1963B9D52DC4D020760D736EB84CFDE605320631D78CD5CB5D4F574B58F79D3A7694811C87508732F3CE02803D3A54D59464EDA053A552D7B3FB8A3A3E8F3DFB809A44914AD2796914CCC1D8FB633C57AAF85BC37A578374C37B76B6E352319334ECF95B60472AACDD38EA7BFD2A6F86DA55D69FA47F6D6B56C90DF4A088210C1BCA4FEF64773FA0FAD79BFC7DF170D4F40BAB5D16DEE6FEF349BE4BD6B5F24F95A8A5A488F730237F13053C8C63231CF35E762AA2A5EEC773D6C0D0753DF9EC4BF19B57173E34F08E95737C89A2F888DDDB2DD236E8BED86206DF382030FF005840CE0B01ED599F1FACDBC2F7DE15F1E6957E936A9E13296FA9472CA0CB75A6CC56295DD47242B947CFAE6B4359D27E1FF8D3F67D82D2D35968F4ED6DC4DA55F8CBCD0DE3B9911D428C8759339000DA03741573E15786E0F88BE068B53F162DC43ABE1B49F10C10B288EF64B594A36490582B15C9DA4641C1AF3396EF4DCF66538C15DEC86F867E1FEBBE22F89DA6F89BC5D64AE2C747B9B0BC7711AADE19258DE31108C93B2328CC1CED6F9871904D7B0F85F46D2F43D3458E97671DAC21D9F6A672CC4E59989E4B13D49249AB10A08D40000038E29DE7287C96E3D6B65CB047975AACAABB742C6E00139000E4F6A569E14B6370D2A08B19DFB8631F5AE67C7B7EA7499ECE37DA258D848C0E368C773DABC474BD5BC49A7DA5BD81B4BFD552EAED6DD5E2198ED6339E7B703A93D057878DCFBEAF371853E6B2EF6D7FC8EBC1E52F114F9E53E5FF0023D6FC67E3B9F4F955628AD45BB6732BC9F30F4C0E86B97BBD5759D42F121B4D6C0696407CB8D95491DC860391F8E6B97D4B4FD1535387FE125B992E6EA1DEB081BD61DAC49C71D580E3E829BA75F685FDB56306933DA8B99265C0F318ED07E53851C9FC39AF8FAF9C55AD88FDE5E5F85BEE3E9686594A952BC23F3B1D2DA6817F763ED22E5AE833B38DD26F7931EEDF747A0AC3B8F1158F866CAE2F752B8F37548E431AD9793E5BDAB01C139E4820F5EFD457A924915823169917675660003F9D785F8C7E32F81DFE2149696969A7CDACA131BDC4D102CBB4676E71D401C77F4ADB17439A168DD3EB6D74F96DF79CF85A92AB37CD1BC7EEF91497C76FAA69D732EA9772D8C7E5B7993161B557D72DC1C7BD5EF0D69BA3EAFE19B387C569A73B5C892DF4AD4A46CDB5EA11911CB8FB84F5539EA0E3D0FCF5AF7C52D0F5E5BCD220B358527B829F689C9DAE19BEFED5E9D7383CE29971F1B740D0BC3ABE0DD1A386FB4BB2F94B7D98C4AD264EF902B3127775E70727A0E056F82CAB114EF271D7CFB7DE77D79D294572BB5CE9F5FD235DF0DEB33596A1633584AF208A252372BA29C07471C30E4723F9D759F09ECE4BFB332CF730CB2899DA340A11EDC03B5769E70DB7BF439AE0B49F1C6B1E2EF04369D1EA313468EE2CDAE0EF68303850FD54E38E7F3E2BB7F0969E60F0369732C9F61BF938E01CC920FF00967C74079E68C473526DF535FE2C54483C23F0A7C67A0F8EBED311BCBCD0209D991A5BA52FE5E0900A03D98F61FE15EA1F693616C89BC796C4718E5FD87E351D8EA1ADE81F0DAF2F62BB9E5D5623BADE0751F20CFDD653D4E3E878AF2E3E39D5A4B68B50302486C27F326131F9DDB3E9C1EB5AE13308626326959A7F89E757C24A32B743EC6F8496D359F85775CCA4B48E5D94F44E3A57492DCDBC71798CC00EB5F33F867F684BABAF08DBDB5DE98914B24C6394DAE46F5F4CB7DD38CFFF005AAEDC7C5279AED0595FBEA48537CFE48DC96E33C723F2E7D2BEAB0F9A51A54210EA7CED7CBAACEACA4FB9EEDA9C563AA45B18856EDCE0E6BCEBE25EB763E01B35BEBBD41AC5A67F26DA4852495E595B90022659C8DA4E30475CF5AABA378C925B3FB51BA548917E7663F7401C9AE10FC53BB9FC57737773E19F136A5146E20D396DB4A3B79E09F359829DC791CD77D0A919EB131F6325A3D8F77D0B5EF0A7C43D242DA4923CA8A2511DCDAC96F3C27FBCAB22838ED9191D8D15C6F87758F8833EA116B4DF0BB54B7B78C1748B53F125B45E51D9B0B2C6158AFCA3EE960B9E719E68AF769CEB415A94B43C8A94A2E5EF7E672FAD78034A9ED66D56FF00C35E2686E2EC98E73F69F3A69137AB032F38EA8381C0181DEB47E197C34F0CEA9E298352FECED5A01A64BF686FB60282672C5B9F5CB7247038E95EB177109632845DED6EB8C62AC69B689A568850172F292CC5FAF3DBF01535A3878C1CD4126183CD330AB2F66EACADEBF81CFF00C4FF00130D1E1B548605B9B9BFBA5B4B485A511AB39566F99B07002A31E87A74AF19F875E258FC1FE3D5B6F13E9EF6BA1F8CEE24BDF0F6A5731E0DA4F310D358CAC47CBB9C6F43C0606BA1F899FDA7F10A7BBF0EE911FD8A6D2F546165AA4659A4B0BEB74595259171B446C5F663392189E95897DE34B0F1D7856EBE1EFC43F0BADAEB96F2A41AE5A49232A5B4473B6FEDDD559993206D207CAC40620735E1C9B949C99F454E2A115143FE17E89A55B7C509B4BD22DE693C1FE2C171AA58DB3EE85F4DBE819449243B4EE58E40F904630411ED5EEDE1DD1F4ED0F498EC34AB44B6B68B2CB1AE4E4B1259893C92492493C926B8AFD9BF425B3F87D61A86A3A6451EAF22BC335F35A88A7BD8D24658E59060105D02B907B9C9E6BD0E54314123C9719058EDDCB8D83D38EB5A420EC72622ADE7CA991C92020F200EFCD780FC78F8D52F84FC571E81169BE74D74F9B67DEF875C81BBE5CE003D73D2BB9F1D78EF4DD375C5F0DDBF9B75AB5C5AC9771DBC5196DB1275763D147619EB5C97813C7DA68BA9DA4D2BEC3E29923D8CBF7BCE8B385911FF00BA48190318F715E2E3F10B9B9657B75B75F23D0C1E1E514E6A3717C43AEEA9308E0D3B4BBBD7373012ED8656881DA09C63EF0CF4CD6F8D33598B4FB0BB5D3E594B4018C10C454A363A15F6E98AF3AF1778FBE2D2F8B6FADF4DB2BE7D3E23B6110D9EEC36065777F11CE6B67E1AF887C7BE20F15CBA3EAF25F596CB4FB40692D8AEEE402324633935F2B88E7A89A8F334FD3EED6E7AB15CAA2FDD56D7AB3B5B5F0B4DA86979D54CDA7EF66919B8DFCFF0E09C03557FB4BC05E05B748609E26D4273B15DD84B753B13D37601C13C614014DD76C75636CCB2DE4F229F9461B696FC6B8DF87DF0AAFAF7E35E9BE2DBA50FA4C07CF713FDE799548503D57215B3EA2B3A342719AF674F97CDEACAAB2BD372AB53DD5AD9688E43F68CF1FF008923BB8B4B08D6115C0DC2253862BD3A8E95F3978FB41BF83588357B347579733831839660C419011DC11CFD335F697C5CB1F0E5DF89659753B2B7914DB1B70F81BA35C9CE3F139ACEFD9F7E1BD9F9F36B7AC471DC5A69913A589957872E4966C1E3A123F1AE8C055F655959DDBD1B7DBFE18DE75A9AC37338D92B7DE7CB1E1AF0F69DE35B08F5E9B47BB69A37293B28DA9712AFDE391D5738E9DF3E95635CD25A548ED5FC396D6B1C6E1E2904411CB7395381C75F726BEB1D2BC2DA6DD6A31DB68DA5C11C10C84C56D6D16C8D006E00551851924FE75D2788FE13E9DA8E990B18D5AECAFEF815CAC98EB9C7AFE62BD19616B55E6A949FBAB6D74F913FDA34A9A8C2A68DFDE7C77A6E9573676106A9670B40AE4A2909901B8F94E3BF39CF7AEBF5AD33C456DE1CB4BA922964B31751CEF3C632B0B6DDBCE3A020D7B9F843E16E97A5F86757B5BB64321732410BB7CAAC18ED19EF952464F4AC4D36F66F0DE9F25AB79735A48AC9750B30DCAADEAA7822BE671588A949AE7EA7A346AC2AB6A96E8E43C2DA99D66FA2582FDFFB43E5DD04C3E498E08001F53D2B4B57F052EA667BA8ACBCBF3E3DC1C63F72E38CAE7920F43F4AC73A668C1A6D474ED2D6D89B8DD15CFDA080A476C7A6475ED5ADA7EAF7CFE2E9AE2F27060946F0626E39039DBDB9AE575BD87EF68F5DD337A94FDA7C8F2FB0D00DAF89E1B5D5751BC82DACE70CEAAB80403BB23A633EBCF15D1DEF89FC3FE1C7D4A296CCDB1BB9C4766EB26C47CE486C83C648EFF4ADCF8CDA5DECDA543E2CB0855A3B3C41748F102B326E041EBD549C1F63ED5E35F14F489F54F0B4BABDFC6D14769877688E0E0B0033EA547F935EEE0310F17C92FF0087479D5A9538A9743E81F843AE7877C4E88972B24C54E2EADEDC02CDB4F604E0FAE2BDAEEF40D17C4DE1CB7BFF00070D2EE4C10CB0ADBEA11B889848006DDB7E78A41B786C1232477AF84BE045C8D035AB4BED3AFEF99223976493CD81C7F75971953D7A57D11F0AFE32DA691F1209BEB697ECDABDD88962B08CC9977200257824EEE4F7E4E2BEC701885869A8B5B9F398CC1CAA293A7D0F4DD235FF008BDA9DDB691A6DBF80ED92384989A637D2ACD129D85932ABBD41C027BE7BD15A1E39F0DEBB61AB22F837C69AB69325D472CCB62B6F6D7104488417286552EAB97184048C9E001457D6AA7296B4F63E6F997568B3E02F897A378A7C456FA4D8DA5C869919FCC71855DA3247F9E2BA2F8A3AC9D07C1FA96B222F37FB3ACE5B8F2F27E6DAA4FE5C5647C1EF0A699A2C2F75636F67E53E4C12432195886C64EE60081C74A9FE2C6B3269C96161141672C9ACDCB59A0BCDDE513E53BED217962C10A85EE4FE15C98FE58C9C63B0B2D8DDA7A6BDAFFA9E47AAE8DF116CB58B9F893E0D8ED2F2F1FCB1A86951B14B5F115B08D596688163E5CCA18A2B67E60A33E950E87ACCDF157C53A678A7C3FA54B6D7FA16AD04704A60114D611600BCB7BC62D9E416023DBD423027271369D65F117E1368706A7E1ED22E75DF06CF0F9F3787643BF52D0370CB2C07FE5B46A4FF00AB3C803029BE04D5752680FC54D12C6DB50377A68B7D4A68674DFAA3ACC0EF6891576342BBD70C37E0ED39C64F9726A3ABD91F411BCB6B1EF97138B7B763DC0AF31F89DE3DB13A81F0B5B6A87EDD243BE75B5CB49669DDDC8FBA7D07535E79E36F89BF11B5DD7B4DB0D0ECF4C8345B9BB06E755B3BD669ADA1032C2485D41078C02A48C915C0DD5DC892EA51DBC96FA36F2C43119791893F3337527079249E4939AF371B99C2292A5AB7E66D85C0EEE5BA3D9FE15DA786B55D763B9D36F2192EB5C8DE79A549BCD6D89F288F776C75233D73E9563E20EABE01F027886792596DAE7599A31882DD46FDA3902423EEAE79F7F4AF99BC2369F14EEBC6F09B4B645D2ACE4FDEDD59BFD9E47C2644910DDB98E48E83079CF15ECFF07BC17A1EA3ACC9AC78C992661212B62AC312B0EA653D5867B77AF3B138AB354A295DEBCCFA23AA95056756A49D9745BB31B54935DF11E9F378B84B7BA7D9C93F9693A3B244D29EC982338C7FF5F35D37ECEF7BE2593C713598D7D2EECACE0F32EE0BA72F290C480233FDECF2727156BF6C6F17787A0F87B69A3D85DC0BA8C7751982C626DB88B0C09D8BC2803A67F0AF2DF847F1B2CB42D33FB1F5FD245B4508510DC5AC2AAEFF00ED3F7CFB9EBF5AF2961E9D3AD753BA5F9FF5EA7A309D4C4611DA16BE96ECBFAF43EB71A543A96A01248731260B8CF7EB823FAD2F8C7558F40B6511C202ED2142AF7FF3DAA4F849A969FADF80F4FD6F4C984F6D7F089525C925F923927BF18FC29FE35B58EE2125A26638E48E78CF4FFEBD7D33A0DE0F9AF694BF23E5A3514B12A9D4D62B43C17524BAD77C6315A46CC279CB349E72E1514630C4F4EEDC7B57557E9A90D3EE34586E98476EC19595BFD629F5F50714CD42FA2D2F5E89357D0AE7EC8C481AA431190427FE9A2819518E73D3F2AD5F17EA30E92B89A48F6EDCABAF471D8D7E598FF6B4972CA3D77BFE16FC4FB05539A718455FB7F9943E14C89E1ED6E5B4B9BA96433AB10DBC86CF50B8E8476C575DAEF8EADED1731872ABC2A2C672B8F5AF15D63565D5B575B9D36E5A3951D4CEA0ED2C01FE13D6BBF82FA3BAB4851A3541B728A5F771EA6B5A79C66185C3BA719FBAFEF23139751A959549C6FDCE67C7BE28D66FAD2EF52960F22C7CC588043B5BE6FE327F21E95C5DBBCD7B29335D46D0850257918200093806BA8F8A7AC49636C208D15A39D82B230054F7E7E840AE1F59B46D4748FB2D8DB1B5B85B6F39CC64B06208E5B3D05634AA3C443DA547AF73D4A7054E0A3156474BAB787F4957B316CEA84C80CA563DC178E491DC1E959BAB45141A83083CADCC8D1A1E151FD01F41902B6341817C3DA1797ACDE07D4278C337F10008C8EBD45723ABDDC77B99410C11B195E9D7AFF2A98CAA4BDC7AA45C1697B99765E37D7D7E1F6B9A55F698BF6B8A07CDA17DFB1B9033EA3BE45792EB177AB7C434B5F0E4D7161A5340E646B512311727B124F4C7A0AED3C6FAA5F69BF16B4ED420B692EEDA7B18E3D4608906F2BB9973D403C007F0ADEF871F0A34D9B546D49A0961799CB441DB7344A4E42E7D857DA6514E9D2A4A715CAE5A9E2E2EFCED3D6C62FC1CF86BABE9977712C47ECE217F28491B6E121EE71DC715EFDF0FFC3D2DBAB6A674247BD56558E5B7DA86465F507D0F707B9E2BACF857E08B28E136773179B1328C96241C8E95EAF69A369B0D8C56B15AA2C710C28EFF009F7AFADC1E0B9DA9CE5A796F73E77198E74DDA2AECC4D6EC34AD4BC10CFAC5B5C4DFD9D0B5C2BDA3BA5C44EAA4E61752183632060F3D0D15D4C30A44BB51428F6A2BE8E957A704D4A2DFCEDFA1E04AEDDD19BE12BE8352D245DDBCD6D323395DF6EFB9723DFD6B85FDA1DF4BD53427F0A6A5A44D7FF69B596FC982E0C33DBA40C9FBD8182926656752A07E240AEC7E1C453C3E14845CC5671C8D23B1166088CFCDC1E7BFAD717F1FED346D5A4B1B53ACEA5A1EBDA6BADD69DACD845BCE9AD23794A66CF06291BE42A720FB6335C78C5EFB4BB9A65EB48FA1E77E21D6BE32FC34F0DDE699E21175E27F0FBC056D3C55A6C19D4B4C5C70D756E325F03ABA02475E4F15D0FC2B6D121D4EEB564D7B4663E34115ED8D858DD9996711C5B249F7155DCEF8F9FE51CAF739AF39F8D1E2CF8B3A658A7867C697D6AB3C0CAD0DDE88A618EF704ED91F71CAF38CAF4045717F0EE1F158D7E5F1EEABAD416F6BA30C79D040B1A19B6F2A8A7206412CE7D589EA6BC4AD8F8D3AAE16BDBFA67D3D0C0C9D1F6929257FE91EA5F16343B6D1E7BABBBDB479B4EBA0585CC6A7FD1CFD17DEBC2ACA0B1D77C4705ABEA52C9697771B679620649228D885276E0F3824818E31CD4717C50B6F16F8AEF162D6EF6E6EA4BD55B3B795834372EC7F84B1C2E3D318C575927C73F1F5B4B3A58F87F4FD3E1B450B34AFA61D91B7FB4E9F29CF5EB5E2D5A14DCF9D45A5FD799DF0954843956AFD6C6FDEFC1B1A55E30D0BC6B737302AB2E6E9233718FE1195C2B8CFB038AA3E16D16FF41F0A5F24FE239AD3528D5A57B6CED654F30AA9C9EE704E0738C7D6B2748F8DFE3ED77E20E8FE1F8EDB439ADAFEE6382E2FA5D3C7925DB3F2A1073ED927BD759F10AE347D475CBBD2F48BDB37F10DB5A8B8BAB4B6937AB274CC79FE218E57AE08F5ACAB616128B9C62BFAF4B9946B54568556EDE479A78EB4E2B37F694763791ECC3BC933991A563804927A8EFED5C9C7A7BEB3AD59583CE1965DC1DE18F74AE73855007AFB7A57A85869FAFCDE14927D7B57D36E9A79992DA061B19A11B42B95047392738F4AEFE2F879A778275D4D522D52CBED36CA7CA6FB3FCAAE4609193C77AE1542BD377924773C65070E58AD4DDFD9A0EA3E1EF0D3785D35B48B53B146BA7B20E1D5918F40AC3E561819C71CD58F885E39F1AD8BC8AA961220195255959BF238AF2FD06E745F0E78C66D6AEB5C125FCB14821679428924623F3E33C57A46B31DBEBDE1849ED7CC3E6460EF7EA0E391F81CD79199633154A71E4934BAABE9FD772709468CEAB9CE29DFC8E57C37E24F17F8BAFAF6DAEEF20B4B1B44FF00495DE5449EA85B3CE47A63F1AD1F8BC9793E86A2D2FD46D8B0C55B23681D07E42BC8755D3AF2DF5F8F4DF32E50FDA3E5585CAA4996EA79E76E7BF4AEC7566D7AE247D3AD8A4AC80C6E541E500C1247AF5AE5C5C79D42A45EAB7BF53D4A6942A5B4483E0C786358BED0755B99EF3ED7F635CC44FCA18E7D7D867F3AECB4CD76D2D1CC57922C2B1C6AA83781F31E7F118ABBF09161D074B92CB5CBFB78E39AC97ECB6AE30D2920925B3DB9E95E41F1634C5FED6171636F2A230032992170C46540F4E94EBC68D7708CB777D89A729C9CD3D95AC7A078924B1D7196DD6EA2F34C80C6ACD807E539E6B1E3B6B8B35B84126D9A15646888E76103A7AF407F5AE3F41D3A6B453752EAB24BC028248C80C3EBDB152E9FACB497C7323E4138626B91E1274D38C1DD1D30A89E8CD8F165CCFA859DA4464945DC72889B27E5087B0F419FE751E8F6BF66335B4E8430631BA1EC47F5CD3B53B9B61A63DE4A44304485A4D9925318E40EBE955748BFB67B72615201F9B7487E6FAB569052942E0DC63EE9C97C728EFAC752D2358D2A4549ED6091251FDF52EA5411D1BF8B8F7AF40F845F16FC39268487540961776E17CEDEDFBAC74C827DFB570FE3CF086A3E338A696DAE5A30800456E8C073FCEB9BF027817C449E30FB3EA7A149247044C7CE390B2FA0E3EF1EB9EF8F7AFAFC0D09C30F152D1A3C8AF3A751C9B3EF7F83FA958EB3A643A9595DC3730CCA0A3C4C1811F515DEAD7C79F017C283C1DE238B57D222D6AD5F7798D18BB6F224C83F2BC790187D467A57D6DE1FBF4D4F48B7BE8C10B3C61B07A82474AFB4C0D68CE928ADD1F1B9951E5A9CCB665EA28A2BB4F34E4FE0C4F3DCF806D5AE6CE2B49165954C50DBBC2830E7908FC8CD55F1FF0086ADEEFC4D67AF596AC6D357B6B5963F21A249A3BE8410C16489B92124DAC1970C324679AD8F026A325F58DCC732C0B2DA5CB43288642C0385048E40E84E2B0FE34E91E2092C6DFC4BE13BBD3E0D5F46590F93A9398ED6F2DDF0648A471CC7CAAB2BFF00095E7209A31B09294AFBFF005A9785AB0A8D4E2B953E9DBC8F98FE3E7C4AD5EE34DB9B4F1E7C2BBAB4D52C588B4D56D2713594ABBB9C3E03282390ADCE7151FC66B9F0F6B1FB21E83736774FA46917B6FE65C4B0819572EC5C303D4B38208EA7A0AF4BF1A585CFC58F857A8E9B75A25CF86FC42F0624B29A50EB2303B9648664CA4F1360743EB902BC57C33A06AD0FC329BE1AEB9A06A3A9896E1C36993C18921949DDBE26E9E5E4EE0C48C73D3915F2F8A52727292B3D355D4FA9A338BA4927AA7B1E79A27ECEDE3A9BE1D681F123C156B1EAD134A976F6248F31543EE47C1203838C3283900F7E6BEC4F8F971BBC216B3C70C690EA168BBEDC200A03460EDDBEDC8AF01F0478AB5FF841A8E89F0B7C2FAB7F685D4EF2C9A94570E648E28F697611E0FC9800018C03C9239AD8F8ADAF78F7E22F846CA1F0CE9CD3D95B486DEF0C32664F3719C1E9F263A639C9C1C60518C7CD87F72E4D28CAAE2129C95BBF91E61E29BE92D6DAC34BD1E24F2EDADC89A53C6653C71ECA0E07A9FA5723F0C3539A5D73469BC34B23EBD1DD19EDD48DAB214277A393FC2C8181FAD6D78B7C09F10E65557D35B4C8A3CA37DAEF92224F7240249F615C768DA82F83A05D66DA785B508246B38C2F2379FE3CFF007460E6B92929CBDE96FD0F4EAFB38C7922EE97E2CF6BF8F57DAE37C2A83E24F83EF934F82C7596D3EFB49BBB5FF49B1B83C360F20A6EC74F504139AD4F085AF8DBC4BF0F747D73C49ACF9D7B7F134FB5A2FF00571E495CFBE307F1AE63C077F378A3C3D7FE11306E8F569AD2568653B83C991B9C7E44FE02BE88F87FE1C171AA4161B13ECB656BB5D4F0A88081FC863F1A7EDE2EF07138E74D535AB31BE14FC29B1F17E9FA5EBDAE0335C59CC1E2088AA8086F98321EB90073D315ED9AFF0087F475B1B89BEC1111313BA35711A8278E805798C7E2BB3F0FF8AAFAEE1BB81218654B66B288825500F9491DBA8C1F6AE82CFC73A7F89B4F371A5DD2BAA37973C79F99180E430EC7F9D71CE383AB14A71BB39A4ABF3A92764799FC6BD0E2D22D3FB62CA0052C5964118E4C647383EAA7A67F3AE67C23F10ED6CEEEE9ED515AE352B7DA8F8476819B05BAE471C8CD7A6F8CE5B7BC81ED6E15658A75649030CEE523041F6AF1BF0D7C2D169E3611DACCD3E9B26E6C96C490C6065867A1F63FA66BC578485157BF5BA3DA8627DAC1464B53D475E9D27D32D66BD91E69382D24A14B01ED81C0F6AF33F19F89922D41AD6CF72BB925171B881FE35D27C40F106DBF4B482DFCB823458E352FBB8000E4F7AE626D2E0BABD5BC4DC77128D195E0291EB9EB9CF6F7AF129457B473A9AAE87B50D69592B3293585ECD64F733DD6E54E5C13839FEE81DCFF002EF5957DAA41A194875689229C46D3FCC7848F3B739CE3AE7934EF88FE2597C31E1B95EC2D56592191215122FCA4B1EAD8E7181F89C579421D53C63E2432EA539927BDF931D114004AA28ECA31C0AF7705839568B9CDDA3F898CB676E87A2A78E6DB59DD05BCA24B6C81E5C69C360F5271C8AEF7C0BA249AAED2DB4AB63E541851F5F5AE2FE13FC30BBB5DFF006D6F95C831841CAFBE7DFD2BD97C39E0CD5AC22DD637D12923F894A9FD2BD058485292708DCF22A5494B791D5685E16862B35444048C6EC0EB5D35F68B676DA5424C481882412B939C8ACCF855A278A6DF52BB935BBE8EE2DE5DA2DA25E4C580771CE07078EB5D76A12C13DFBDA2C5248B66FE4101472DC12473D391F957B4D5B0FCD256BF73CCAB3B4F962EE67D95B5B3431CAB1C6AEC36ED44C015E8BE068C45E18B5014A82A4807D33C571DA60B7914DA4311594384208E84D7A259C621B68E11D2340BC0C7415EAE56B46FA1E3E612D1225A28A2BD73CB3C7BF677D6EEEEBC61ACE9973792DCB47691492B359F963CDDC4B36FCFCC4EFC63B6DEF5E85F127449FC41E0FBAD3AD5A017398E6B7170BBA1692375911645EE84A80C3D09AF3CF0A78AF4BB3D7AD9D7C33A8C2EEE23F3A4BD49563563827973FA0CD7B076AF5B3BA2FEB1CCE3CAA4BCBA69D343CDCA2BF352D378B3E5EF1F7C4BD3FC09E06BFF000F6BBE03F12786B58DD35C5AEEB57B9D3BCE91B71F22EA20555324ED185DBC02057CFF00E34FDA07C7D7B1A685A2DF9B182594C366E2356BAB9CF40646C927DFAD7D6DE36F1358F80FC697577E3EBBD76C34F9E5B864D416DE6BCD36F61720C48FB370B7921C15C6D01873939E3C2741F04782B52F1DEBBF192CF594BFF08E96D2B68F2C88523376E09936860309102D827AB11FDDAF93C6D14D2937A2DCFB4C25483A6EF1D7A1E31E0FD7748F84BE3B6D5FC7B71A86A1A8EA1672A46513CE713391BDCE4E7A7CA3D49AE97E03587C7613EAD3D878621D2748F13EAA65B2BBD77742F0F98FC49E506DC46DC0C6DF4C1C5715E08F89969A6FC69D73C77AC786ECFC43677100874DB49644492CC2B864642CAC01E0E71CFCDED5D4FC41FDA2A4BA92DEEF4EF0D3BDCB3099F6DEB49F666182324273835937074D47729D2AEE7CCD1D37ED6A35DD09E1D36CF5D613BA87F34C6A0301C31071C1CFA5785784FC231EBBA6DCC575AA49F6D562FB320A107AF07939F5AFA2BC5DA8E9DF1B3E1359F896CA28E2D4421CC0C79B6B90B87898F5C37047B106BE7ABCF0EF8A74CF17DA47A5AC76F7B2BAABAC8FF260F1B4E3EF7F935E4D19283942F6773B63CEE3A9DCFECED15F5A5F5FDADA6B5E65DD9DB98AC2EA321DE39147CA841C8247A7435F4BDC78AF53F845FB3B43AA7C44D4ADE7F15EB3892E210A90ED91C1315A8C7F754658F625BD0579A7C2DF075AF84FE20D8789BEC82EA2B49566BCB5F2C22CD2852448BEA436D601B86C738AF26FDB87C67AD7C42F8A690D9C57274ED36068E186E23F2F12B1F9E420F396181F403D6ADA8547C8DEFBBF2FF83B19C936D5B628F81ADAE7C43F13AFB56BFD4A77D4350B8334ABE613E6EE1C8519E8BC003D00AF73F83DF0F7C53A0788E2D62095E4170FB1EDA0C9578B27EFE7807BF3D08F4AF02F815E09F196A7AC59451B1574904A2647C35946BFF2D19BF403A9CD7D31F157E2E43E13D26E6CAD5C5D5E3C408B6B65DA490A073C9D8A48FAD78B9A4AA42AC6345DEFA69E475515CD16997FE20F89F4FF000FB7D9AEE649AE6425628924006EC671B8F07F0CD795FC42F89BA7E81A4ED923FB4DCDF3ACA56D9CBB5B85ECB93C649E7B9FC2BCB6FCEB9F14F5ABB96F11E3D46DC09AC951CFEEB03202E3A723F954BA52CF3DF44B7D1472EA16AD87913EEC983CB63F9F6ADBEACE094EABBBEABFE09D185576D47EF3D32CBC676735A45777AB22AC8A1B6CF1B6E5079C11D734F6F1F595C33C5A642F23A025E568CAC70803249CF5E2B9EF145D5A69DA6C12491B4B25D9DB12A8E01233CFF8D60E83A7DBDF6BCF13C8C5E5425046E76E0751EE39AE28E5F876D49459DAABD5506E46C45AFAF8F2D8E9A63D9109434B83F349824AE7D077AF43F865E03B0B4B98A64B68F7AF4623247E354BC01F0FA31782EEDE08E366182FB7EF73DEBDAFC17E1B5B50858203FEC77AF469D2E45C9496871CEBC9EB26CB7E1DD1E18F62F94377618AEF741D1C1192BC7D3B533C39A40F95D93EB5DA69B63B10617815EEE0B0577A9E3E2B14A28ADA7E96911564E3DB1566E3C396B7722CECFB5CF52AA327EA6B560B70065AACAA80300715EFC69C231E5B5CF02AE2252774CC7D3F40B7B5BB5983B36D3900FAFAD6C0E052D21E9446318AB4558C25394B5932AEB7A959693A64DA86A13AC16D02E5DC827B800003924920003924E0515C47C70B9D2F5BF096B1E1717DA85BDCC5124B25ED8DA3CC34D91489239242A38C150D81938E7DE8AF4B0F82F6B0E669FF005F231E78DECDFE079ADBCF1C92EC59508CE32A41E6BD8FE12F89AD7C4DE16F361943CD63335A5C7393B93807F11835F35F86F45B0F08E93A9DC5935D18483286BA959DDC85EBF37232703F0AC9FD9B3E285B7827E2BC96FADDF08B49D67C9B5B891DBE48E767DB1487D06E6DA4FA367B57D167B455471A50DD272FBADA7CEFF81E5E4F4630C354C4CBF9A315EAEEDFDC97E27D5BF148EA91F86C4FA69BF31C33ABDFC7A6806EE4B701B708720E5812AD81C90AC0724578C789BC4FF0135FF04C765E29F889E19B9BFB40CB3493C9F6277396C79B6C71F3E319057A82703A57D1639AF27F8D0347B5F184371AFDA783EDAD5A38BEC971E20D3A3686FA52E44B13DD38FDCB2A05283F889EE0103E22AD3535692BA3E8F0B55C65A5D3F23E07F8ABE17F865378E6F6F3C21E25D2B55B588ACD1456521091A6DC3065DA3277720838C76C8A87C25A2D959F8227BB5982BDCDCEE894F7000E47B62BEAFF00DAA34FFD9DBC49E1EB6B29BE2A7867C2AD64EEE134992D9D67DC0021E341927038E78C9E0D7CC1A8DD699AC6B0D6DA3EB32EB5190236BAD3B48BB951B68037F110009C6703A7BD78398616AC22F9755B773ECB25C5E1B473D1F99DDFC32F0DB697E04935BDF7D1DCEBAA5ADC419D8B12363791D0B31CE3D07D6B9ED5746BFB3D66D2E6191E6D4125F31E5B86DC64F5271EB9C71D2BDBFC271EBFE29F0CD94DA3C1A75CE9BA740B64E2D03A98CA205D851F0D1B8182430CF3EF5A9A37C36926BC17FA8C1E5E5414127A7A57CE62618884F9ADA1B55C5536E4DEECC3F07DD4571A6C315C218DF1F3A1EABEA73DEABF8CBC15A36BF133DEE9D14A55484942E1D07B30E7FA576BA8685A3410884A87900FBB129622B15EC3C422E366996534D09EA26600FE159C6BCE6ED35F33CF5157BC4E0743F08DDF84A69EE741BB0AD710EC22E14B1C7A647F85799EB36F259F8B776B11B89EE5F2E1B9130E9B90F7C7A57D2B71A0F8AE58777F604CCECB8FBC3158BA8FC1CD7FC53098B55B148A3620AC7FC40FD474AEAA746A4A492B9A46A416B2387F06D9F843C231AF892FEE6596FAEE192DEDED6C40636E8DC19243D9B3CA81D3AD795CDE6687E3D8DE5C4AC5CAA49212DE706E84FA86CFD41AF7ED67F673F1243691C56DACDD43147FC29186247F7777A7E14FD1FE0FDD477904979646E25B61B52693E67E9827EB5DD0CBF129FBD1D3B14B17878C1A4EEDFF0048F37D57C3F67AE68F2DF6AEAB1A5B445956162822007AFD7D6B5FE10F81A3BAB3B2BE1A7B44E63D892B9CB98B3904F6E7AFD315EE5A07C2FB65B568E6B55749976C88EBB811E841E2BB2D13C0D05B2A88D000A315DAB09CD6E58EC737D639636948E47C33E1C1122471A671EDD2BBDF0EE841705876E4D6EE91A0C702A8DA33F4ADEB3B05450700577E1B2DE5D65A1E7E271EBA329699A788A2E8001C92696C9EEBED7BC12226FBABD881FD6B4EEE27FB23471756E09EF8AA16FE72AF9614AEDE8B8A78D97B39C146E92D743CD551CD36CD68D832823BD3EAAD9A4C06E7C827A8356874AF4694DCE0A4D58E292B3B0565F89B5BB4D1A080DC2CD34D793882D6DE04DD2CF2105B6A8C81C2AB1249000049353EBDAAD868DA73DF6A572B040855771049666385550396624800004935E6BF1F350BF9BC2969E2FF000B413CBAAF836FD3529B4F9E168A596DCA324AA51803CC6CC41FF64F715D34A9F3495D684C9D91C678DFC4569E18F8BB797BE26B3B96F07F89EE608F525B80C8FA3DFA44151DCA1E629230BC8241E7D08A2BD134587E1BF8DBE0ECD756F6D65FF08E6B50B4F77BD846118FDE2EC4FCAEADDF3C11C515DEA4A5B36AC72B924FDEBFC8F956FB41D78F976E3558024CE109119C8CF7AF9D3E30EB1753CADA4845567BB6DF2063F3244762AE3B73CFE14515F579F60F0F86A3CF460A2DE8EDD8F332FCCB198C92A788A8E496AAEEFA9F7D7FC13C3E29EABF11BE0D358EBE1E6D57C332258CD784E7ED7195CC6E7BEF0A30DEB8CF7AF78D56C2CB52B096CB51B382EED665DB2C17112C91C83D19581047D68A2BE1B1297B47F2FC523DC86C794E9DF0DFC1D0F8D6E2EB4EF875E038ACAD3544B29233A1C6B71830A399964008DC19C0D9B40C027766BB8F1E6856B2780B51B2D3EE66D0C8B72C975A646A9241B70D9503039C60F2382791D68A2B9E318ED63A6539292773E4DBBFDAFF00C09E09F1CEBBF6FF000AEB9AAEA9A8CD0ADF496F1C3696E8B126C4088649199B0492CCD93C0E0015F527C35D57C3DF127E1B697E2CD3F4E9EDAD35683CE8A3B95512A0C9186DA48EA0F4345152E95395D491D788BC20A517665F4F05E92B31609807B62B42CFC3DA5DBF296EA481D4D145630C161E0EEA0AE72CB155DAB3932EAD95B05C089702956D60078414515D2A296C8C79E5DC798232B82A08A824D3ED4FFCB251F8514536C14E4B663174C8472318FA54B159C4BDA8A29DCA7526F76585455E800A751452330A3145140062A878A3558343F0F5F6B172923C3616EF3C8B180599557240C9033C514538ABC9203C57E3F7C439A3F09DAEA834EF22E7C3D7DA6EB82359FCC49E07919361255487EBC608E9CD7B0689A669C8B36A56F1CC5F538D5E433CAD21DA72C106E276A8DEDF28E3934515D55D7259476149271FEBC8F10F04F86ADFC39F1CFC4FF0C219A41E1FD66D23D7EC628CF36132C832141C8C6E00E0820E0668A28ADEA57A90B72BDD2679B53591FFD9, '', '4', '3', null, null);
INSERT INTO `menu_item` VALUES ('27', '2015-08-19 21:10:20', 'ICE TEA', null, '0', '0', '0', '', 0xFFD8FFE100C945786966000049492A000800000007001201030001000000010000001A01050001000000620000001B010500010000006A00000028010300010000000200000031010200150000007200000032010200140000008700000069870400010000009B000000D43CBB084800000001000000480000000100000050686F746F46696C7472652053747564696F205800323031343A30363A32312031363A32363A323100030000900700040000003032313002A00300010000000001000003A003000100000000010000FFDB00430001010101010101010101010101020203020202020204030302030504050505040404050607060505070604040609060708080808080506090A09080A07080808FFDB00430101010102020204020204080504050808080808080808080808080808080808080808080808080808080808080808080808080808080808080808080808080808FFC00011080100010003012200021101031101FFC4001F0000010501010101010100000000000000000102030405060708090A0BFFC400B5100002010303020403050504040000017D01020300041105122131410613516107227114328191A1082342B1C11552D1F02433627282090A161718191A25262728292A3435363738393A434445464748494A535455565758595A636465666768696A737475767778797A838485868788898A92939495969798999AA2A3A4A5A6A7A8A9AAB2B3B4B5B6B7B8B9BAC2C3C4C5C6C7C8C9CAD2D3D4D5D6D7D8D9DAE1E2E3E4E5E6E7E8E9EAF1F2F3F4F5F6F7F8F9FAFFC4001F0100030101010101010101010000000000000102030405060708090A0BFFC400B51100020102040403040705040400010277000102031104052131061241510761711322328108144291A1B1C109233352F0156272D10A162434E125F11718191A262728292A35363738393A434445464748494A535455565758595A636465666768696A737475767778797A82838485868788898A92939495969798999AA2A3A4A5A6A7A8A9AAB2B3B4B5B6B7B8B9BAC2C3C4C5C6C7C8C9CAD2D3D4D5D6D7D8D9DAE2E3E4E5E6E7E8E9EAF2F3F4F5F6F7F8F9FAFFDA000C03010002110311003F00FEFC28A28A0028A28A0028A28A0028A28A0028A28A0028A28A0028A28A0028A28A0028A28A0028A28A0028A28A0028A28A0028A28A0028A28A0028A28A0028A28A0028A28A0028A28A0028AF14F8BFF1BFC2DF04747B4D7BC59A6F8C2FF4C9E5F287F64E8F2DF795F5F2ABC83FE1B3FE09DDA79DA6EB1E743E6F95E6497515B47E6FFCF2FF005BFEB6803ECAA2BE3F4FDB0BC07751F9D613786EE7FEE33151A57ED26358C7933783FC3D3758A3BBBAF37117EEBFE797FD768A803EC0A2BE3ED63E3DEABA7C466FF848FC0E60FF0055149E57FCB5FF00C09AE587C75F89175FEA6F344FFB67150747B23EEAA2BE0E93E33FC47907EE75E822FF0072D62FFE35553FE167FC547E3FE12AB8FF00BF51501EC8FBF28AF80D7E227C4893EFF8AB54FF00BF54B27C40F885CFFC549AA7FDFDA0AF607DF7457C07FF000B0BE20FFD0D5AA7FDFDA3FE16078EBFE86CD73FEFED61ED58BD89F7E515F0ADBF8F3C5FE6FEFBC61A9FFDFDABBFF0B03C490FFAEF185E7FE0556E1EC4FB768AF86E4F8C979A7FFC7CFC42D3E1FF00AE97515431FED15A6C5D7E2D784FFF0003ED681AA07DD5457C5B6FFB4179D1C3343E3CF0DDFC3FF4CFCA97FF004554D7DFB47DCE8F1F9D79F68BF87FE9DF46BA97FF0045502F627B5FC41B997FB5342B486EEEED89B5BBF3BCB93FEB956459EB1E24D323F3ADAF3FB5628E2F2BECB71FFC76BE3E4FDA8E0F1CF8DFFB1B49D035CD3F51B7B1F37CCBEB0FB2F9D17FD71965FB5FFCB2FF009E559DAE7ED41FF08C78B341F04C367A878E758D4259628A3D2746F37C997FE794DFE93456A156F60F627E9BE8FAA41ABD9437B6C2E3C993FE7A0AD3AF8B754F1CFC53F04E90353D1F46D2EF3ED1CCB1FF0065CB2FFEDCC55F36DEFF00C152BE147C33D6E5F0AFED01E1EF187C2BD4BFE595F7D82592D66FFA6BFE6596839BD89FAC945789FC24F8F7F08BE3E7873FE127F84DF10BC39E3AD2B67EF5F4FB8FDEC3FF005D62FF005B157B65001451450014514500145145001451450066EA9A5D9EA967359DFC304B0C95F9F3F1CBE0C6BDA3EB9378C3E1F7D8878C2E3F752DADD4BE5DAF8C3FE994C7FE596A3FF3CA5FF96BFF00A2BF462B2754D2F4DD634FBBD3755B3B7BCB3B8FDD4B1C917FAEA00FCA1F0FF892CFC496F0CD6DF688A68E5F2A5B5922F2A5B397FE5A45345FF3DAB89FDA134FBC8F5CD1E6B69BEC1772788F4AFDE7FD32965D322F2ABEAAF8ABF08A6D23C450EB1A50F2F55BC97CAB5BFF00FA094BFF003EB77FF4DBFE794BFF002D7FD54BFBDF2BCDF1DF8D1A7DE4DE30D061FB1F9337F6A457517DA22FDD79514514BFF6CBFE3D25A281DCA3CE7CAFE0393C49AC6B9F006F2DACF55BFD3638BC6175ACFF00CB5B6F2BFB6628ADA297FEFECDE57FDB5AFA8BC41F00FC07E2CB783FB7ACED3C9FF5BE5C7A5D8795E6FF00E0356FFC3BF09F853C07E1B87C37A0C371AAD9C7752CB14927FADFDECB2CBFFA3669ABD7F4BB59A4FDF5CFD9FCEFF9E7457AE51F37E97FB1DFC2B9BFE5CEE2DA1FFAF5B58BFF0069576D6FFB2AFC3DB6C436DA6DBFFDB4F37FF694B157D45A7C3FBBE2B623847E15CFEDC0F976DFF665F04FFD0374BFFC9FFF00E49A9A4FD997C133499FECDB3FFBFB7FFF00C935F5147DEA4A3DB87B73E3BBCFD957E1E7FCB6D1F433FF005D3EDFFF00C9358FFF000CABF0C4FF00AEF0DF84E6FF00B657FF00FC935F666A10FEEEB8F97F8AABDB5503E51BCFD97FE0FD8EA1A0F9DE0EF0BFFA45D795FBBB097FF6ACB5E9127EC99F01E3B8873E03F0BCDFBAFF00969A35ACBFFA362AA7F193C71A9783B54F85674AD36DEFE6D435E96D7F79FF002C7FD02EA5FF00DA55ECDA3EB1A96A9A1D9DE5CC26C2F3CDF287995B7B603CF6CFF669F8276BFF001E7F0F7E1FDB7FD73F0E697FFC8D5D8784FE17F83F4FB3866B6D374B87F7B2FF00ABD2EC22FF0096BFF4CA2AEC2DE4D4B10F9B359FFDF9AB9E1FF3BFB3E1FDF5B93E6CBFFA36B9C0DEB3F0BE8F0A7EEA1D431FF5F52D66DC7847C37E679D369B6F7F37FCB2FB77FA4F93FF007F6BA48E49BCBFF536F59B717537FCF9DC4DFF005CE5A2A9CE7C0BAE781A5F1CFED970FC31D0752D3FC2BA6C7F0FF50D7BF776B14B179DF6A8AD7FD57FDBDF9BFF006CABDAB5FF00D8734DD7A1F0B5B5B7C47F12F86AF74EB5FB2DD5EE9B2DCDB5D6B071E5F99772C32C5E69AE23E19789347D63FE0A4B79A658CC3FB4ACFE106A1F6A8CFF00ACFF0090CD8D7EA5D747B60F6C7C6BA7FEC91A468B6169068FE3BF12585E463CBF33CA8BCAFF00BF55F217ED5FFB31FC7DD0BC01ACEBBF0CFE20EA3E39984B179BA4DF5A45245E4FFD72AFD87AE5FC6100BEF0D7892CFF00E7A585D45FF90A839FDB1F82FF00B3BFECC7F16BC09F6CF1B69DE09D3FE00FC6BB7FDEFD9749962FECFD7A2FFA6B0C5FBA8A6AFDC9F86FE2C9FC65E0FD0B5EBFB3FB0EA52C5FE9517FCF196BC5FC3DE0DD1F41D6352D634A9AF0CDA84515D4B1C92F99E4CBE57FCB2FF9E5FF005CABD3FE174A3FB3F58813FE59DFCA3FF22D0741EC145145073851451400514514005145140051451401C3FC44B1B3D43C19E24B3BC884D0C96BE5CB5F9F3FB426BDA6DD7C4897418747F27EC7FBA964F37FD757E8878DFF00E45ED57E917FE8DAFCB9F8E127FC5F4F1571FF002D62FF00D1515074E1F73D53C279FB1C30C30FEE6BD0ACE6FCABC07C51F10B47F84BF0BBC4BF1235E86E26D374BB5F3658E38BF7B37FCF38ABF383C17FF054EF126BDE1FF1578AA6F827A7FD8F4BBA8AC3ECFF00DA92F9B34B2CBE5795FEABFE9B435F3B9B67986C23A74AAFFCBC3D9C1E5756BFEF699FBB3A5C9FBBADAAFCFBF80FFB7FFECE9F16BFE24F378C2CFC01E368FF00752E93AD5D451CBFF6C66FF552D7DE36FA9D9CD69FDA5F6CB7FB1F95E6F99E6FEEABD2C3E229545FBB3CCC461EAD3FE21AF1F7A92BC6FC4BF1FBE09F81F47D5F5EF13FC5AF871A269B6717DAAEA493598BF7315798FC64F8E9E15D53F673F885E30F01C3AA78E6CF50D06EE2D07EC36B2C5FDB12DD45E547E4CBFF006DBFD6D0607E72EB9FF0590D0747BDD7BC61AF7C2BF1443F01E3BFD42D74BF126936BFDA716B1F65BA96D7CDFF005B1795E6F9317EEBCA96BE8AF83FFF00053CFD8CFE37787E6F127863E3059D859DBC514B751EA56B2E992D9F9BFF005F51455AFF00B27FC25F0DFC07FD99FE0FFC01FEC7B7F3B4BD1BFD3FFB4A28A593FB56EBFD2AE7CEFF00965FEB659ABA5F1E7FC13EFF00616D6BC17A96B1E33F811F0AFC1F67676B34BFDADA6E8D6B637367FF002D7CD865F2AB4588A674137C44F1DF857E236B9F0AE6F01EB16FE24974BD7A2BFBAFB3FF00CB18A58A58BFF6B57D8DA7C7E769F309BF7D0C92D7C4FF0009FF00655F86FF00B2F78C2F34DF0BF8ABC71E2A8754B58A5BAB7D5AEA5B9F27FE79FF00AD97FE9957DE3FB9FB343E4FFA9AD00C09219A3FF5379710D69687F6CF2E183CE1E4C754EE3B7D2B4B42FF00522BA00EC238669A33E75E5C571FE20B5B39239B7CD79E4FFD7D4B5DB5BFFAB6AE2BC41FF1ED35739CE7E65FECCD63E4FF00C15DFE214D6B676F0D8FFC291BB8BCB8FF0077FF0031EB1AFDDBAFC2BFD9767BB7FF0082B678FC3FFA98FE08DDFF00E9FAC6BF752BA0E7AA1599AE7FC83352FF00AF696B4EB3357FF9066A1FF5ED2D007CE36FF6CFED0D1E6FF97292C3CAAF4CF85F1886DF58E71E65D4B2FF00E4596BCFACFF007D69E1B9B8FDDC52D7A6FC37FF008F5D4BFEBB7FED596B9E96E74553D268A28AE839C28A28A0028A28A0028A28A0028A28A00E4BC67FBCD0AF7FEBAC3FFA362AFCB2F8E9FBEF8E9E2AFF00AFA8BFF4557EA3F8C7FE40573FF5F76BFF00A362AFC70FDA8BE387C1FF0086DF1F7C49A6F8FBE24783FC2BA9497514B15BDF5FC514B37FDB2FF5B5CD887637C02751DAC7C07FB6A78E3C79F15B58D4BE0CF827C55A8689E15B796D22BF8E38BFE3F258BCDFFDAB2FFE4AF9B583E1FF0004FC258FF66BF89DA6FC69F127FC20D3697E6DFD85BE9B2CBF6E8658BF7B1CBF64965FDECD2F951795157D51AE786FC07F193C59E24D7BC13E15F1C788ECEDED6D2EAEAFAC74B9628AF2EE5FF96514B2FF00D32F2ABCC7C41FB3EFC1ED6BC27A0D9FC51F07EB9E0FF1E5BCBF60D2FE2047A34BF69F37FD547F6BF37FE5B7FD35FF0096BE57FDB2AFE6FC1E679953CCF1188AD5E9E2297FCBB47EDF8CA196FD470F4E34EA53AABF887F2FBF1A35EF1E78A3E22D9F85758F15781F4AD6248BCD8AEBC51617563FD9B17FCFD793FEAA2FFC8B5F787ECEFAD69BA2E97E36F86FFB7559F8E3C550E876177178374DB5F145FF00F656A52F9514BFEBAD65F2A587CAFF00552C52F952F9BFF4D6BF663E1B7ECE7F0F7E23687F19B4DF875FB456B9FB427C54D0EC2EFC391788356D7BEDD63672CB1795245169D17FAD87CAFDD79B2FEEBF7BFF002D6BE64F8B1F06FF00E0A41F0BFE15F8ABE1EFC2BF04EA1E2AF0AF892EA2B0BFB1FF008934B168FA7F95E579569FE93FEBBFE5979BE579B5FAD65142B5A9D53E3F35ACA7FBA476BFB3DFED9DF01FE15FECF7A6FC3DD1FE18F81F5BF1B59F88FECBE12D275CD1A296DB41B496D6297CDBBBB97FE5B79BF6BFF96BFF002CABF40BE05F8B2F3E287ECDFF000AFC1F6DAC41A25E5E45F65BABAB1FDEFD8FCA8A2F33FE997FCF5FF3157F3AFE13FD9E7E27785F5DD63E03FC4287E34586B125AC52DD797E08D66E7C9F37FE5AFDAFF7B145FBDFFA6BE557A17C07F8ADE2AFD9BFC7FA0FC36B0F8A9717DF0F64D66D2FF59F08EA514563FDA5FBD8BCB8BF7BE6F9BE6CBFF3CA28BFD57EF7FE594B5ED56CF953A9ECEAFF0010F9C7927FCBCA67EDE6B1F0A7F6C6F873AC59CFF01ECFC37F153C2B6FFE952FFC241E28965B99AEFCDFF96BE6FF00CB1962F37FE5AFFADF2A58BFE79574BA7F837F6C6FDA4BE21F86ECFF006ABF01F83FE07FECEBE17BFB5D7BFE11FD2754FED3B9F186A117EF638AEE58A5F2BEC914BFBDF2ABC1BE3E78A352F895FF00087F8AFE1EEB1FB547EC85A959DACB15D5BF85FC39A5EB96379E6FFAB97FD6F95FF7EABF3DE3F873A97C5A8F58D37E2A7EDD5FB7478C3ED175FBDF2F46D67FF44E9F7DF648BFEB97952D7156E23C2D3D028E555AA53D0FE93343F885A0F8B3C59AF683AC6B1A1CDE24D0EFFECB7FA6DAC52FFC4B7FE79C534BFF003DBFE5AD7BF491C3F6787ECDFEA6BF16FF00657F1C7C3DF811AE7857E1BDCFC42F8997FE15B7D07FB2EC352F1D697158FF00AA97CDFF009E5E6FFCB5FF005B2D7EB4E9FA868FAD69767A96959167245FBAB8D26EBED56D37FADFF535F4781C7D2C453F70E2AF87AB4FD0DD93FD59AB9A5FF5AE26E2EBFE78EA5FF6CE4AC88FC65A943AC4D67A24DE1BBF8638BFE5E25962AF42BB4B432B697E87D136FF00EADAB8AF107FC7B4D54A3F146B30D9F9DFD9BA1DCFFD73BA97FF008D57C97FB427ED69A3FC0DD1AF358F1E683A1D86831C5E6CB751F8A2C22F27FF0002BCAAE0F6E847897ECB4D28FF0082B67C540FC449F05A51FF0095EB6AFDD5AFE6A7FE09C7FB4E7C3DFDA0BFE0A6DE3CD63C09F68BEB3D53E0B6A17F15D6F8A4F262B6D7AC62F2BF75FBAFF97BFF00C855FD2B5767B5B9CF57A8566EADFF001E177FF5CA5AD2AA3A97FC785E7FD7296A8E73E5FD1EF6F3FE24FA6CDFF1E7FBD97CCAF60F877E77FC4E3CDFC3FEFECB5E6F6F0FFA1E8FFF005D65AF49F00FFAFD5FEB17FE8D96B9CE8AA7A6D14515D073851451400514514005145140051451401C178FBE7F0C4BBF1FF1FF0061FF00A55157F10FFB7278175ED4BF6A4F8E3E25B3F1E7C5CF0E5E2788B553E658EB32F950C5F6A97F75E54BE6F950D7F6EFE3FE3C2EC07DDFED4D3FFF004BE2AFE2E7F6CDF895A3683F1F7F683D1AE74DB9BFBC93C51AD45E5C7FEABCAFB54B5FCA3F4A9E20CCB0195E1EA65D52A53A8EA7D8EC7F4B7D18F25C0E3B33C453C6D3F68BD9FF009173F667F1AFC71BAF07FF00C237F0EBF6B4F1FE850C7E545F67B8D06C2FBCEFF965FBEFF555F7B7C33FD8A7E2778F3C4967E36F8C7FB607C5CD6EF6CEEBED5169363A0D85B58F9BFF004DAD2EA2BA8A5FFB6B157CBBFF0004F3F0EF86ED74BFEDEBF9ADFED9E6F9BE5C9FBDAFD6EB3F8AFA97FC2710F8574182DC68F1E8D35D6A9A97FCF9CBFBAF2E2FFD1DFF0090ABFCFBADE31E6780CCEF5711FBBA7FE13F5FE2AC868AA7ECB0D48C7BCF127C60D1758FECEF869F16BE15DFC36F17D97EDDE20F047DBA587FE997FC4BEFAC22FF00C855A56DAF7EDCB7517FC531F13BF63CBFFF00AFEF06EB317FEE4EBCF7C3F0C3AC6A179369567F6087CDF2AD6492597F7DFF004D6BD234B87C4BA5DE4D35B4DA5CD67FEB7FD5577655F4D9E20FED2F673A9FECDD0F87CD7C3DC0D3A6A9FB3FDE9F16FED29FF0F20F8A9A1CDE15B9F885FB1DF86ECEDE5F37ED5A4F85F598AE7FEFECB732D7E5AF8CFF0060FF00DABBC51A3F9DE28F8A9F08F55BDFDD4B15D477FACDB4B0FEF7CDFF00965FF2DABFA10F146A90EA1E74D34371A54D245E6CBE657CD3E34BF9F4FD1EF2F3CEB79ACFFE7A79BE6C55F93F177D30B8CE8E713F638885BFC113EC7857C3BCB2BD2F655699FCEEFC61F801FB4B7C60F18691AF7C51F8F1A26ABACE9717F65D879775AA7950F952FF00D75F365AF6CD2FF665FDA5B50F0FE9BA6FFC2DAD0FCE8E28A2B5BED36D754FB743145FF2CBCE8AE7CDF27FE997FAAAFD33F05FECA3AF78F35F875ED7AEE7F0E786E3BA96EBCB93FD6CDE6D7D8BAE5AE9BF087C27FD99E09B4D3EDA1FF97ABAFF005B2FFDFDAFA197D29B8A71F5295B190A7FF6E40FAACCB837867016C361F0FED2A7F8E47E21DBFC35FDA5AD6E2F21D63F690B7D561922FB2FD96FBC392DCFD8FF00EB8F9B73FBAAF67F86FE07F885A3F8A3588746FDABBC71F09668E5F36D7EC3A345E5795FF5D7FD57FE42AEABE224DAC5D6AFAC5E695796FF0064FF005B2FEEBF795DAFECFF00FF000985F5C6A5796DE35D0A69BFE7C752B5AF9FC7FD27B8E2952A956A637D9FA421FF00C81F6F57C1FE1F781FACD3C39BFE309BE3C788F438741F1B7ED8DF1A3C55E1B93F752FF66FD834CF3A2FDD7FCB5B5B6F37FF0022D7E757ED59F183E367C0DF8C7E15D37E0FEA5F12344D024D07FD3F56D265FB4DCDE4BF6ABA8BF7DE6FFD71FF005B5FA7DE28D3F53B5B887CE8744B0BCF362FDE5BF95FF3D62FF3FF006CABE15FDA33CEFF008599A3F9D67E4FFA04BFFA55735F51E0D7D24789ABE6F4EA6658CA988A6E07C7714783B93E2F2DFABE169FB267A4783FF690F83FE22F0DFF0063F8DBC49FB42695E36F2BCDF33C5DAA4B6BE77FD3587CA97CAAFCA4FDBC354D1E6F10683A95B5E78B26BCBCB5FDD5AEAD7F2DCC50F952CBE64B179B2F9B17FCF2FDEFFD35AFB475CF06D9F8B74FD1ECE69B4FD2BF7BE57DBAEA58A28A1FFB6B2D7E7EFED0737ECDFE04D1F5E9B558B54F1878F34F8A5F2AD7EDF2F95A95DF9BFF003D62FDD7FCB5FF009EB5FDDFC31C615B13529D5A2EA4EA3FB1F19FC35C5DC09532FC54F0FED3F768FDF9FF0082247C07F11FC02FDB87C0BA678AFC5F6DE25D47C41FB3A6ABE288ADE3FF00983C573ACF877FD16BFAF81D057F0D9FF06DD78B352F12FEDCB77A6EAB35E4D79A7FC0DD6A2964BA97CD9269BFB67C3BE657F717BBE5DFCD7F4EF86F83C551CBA9C31B539EA7BFFF00A51F319A54A73A9FB82CD54D43FE3CEF3FEB9D5BA82F3FE3CE6FFAE75FA39E69F3E467C9D3B471FF004D6BD0BC0BFEB353FF00B65FFA365AF3D93CAFECFD0BFE9A4BFF00B4ABD0BC00FF00BCD609E3FD57FED5AE73A2A9E9145145741CE1451450014514500145145001451450079EFC4818F0DC5FF614D2BFF4BEDABF856FDB1FC1B0EB7FB5FF00ED2B7B7337FA19F196AB17991FFAC87FD3E5AFEE93E24BFF00C53500C7FCC574AFFD2FB6AFE103F6F4FB1D8FED29FB46FD827B77F33C5FADCB2C727FCB19BEDF2D7F2BFD2971B569E4F87A54BFE5E543FAB7E89395FD6F38C45BEC53FF0023DDBE1FEB579F046CFC2BA0E8F0EA1ADE8DAA7FAA924FF9635FAC967AFF00876FBC11A3FF00C239ABFF00A5EA9E54B2E951F9524BFF004D25AFCEAFD9FF00C37F0F66FD9BECFC6DF11752B9D2B478F4BFB545711CBFBDB397FD57FA9AED7F664F8A3E1BD0B54D7AF2F3ED137DB3F7B6B71FF2D6F2BFC71F14F0D4EBAA989C3D3FDE53D2A1FD392C07B47FF5ECFD26F05CD67E1DD40DE78F3C49E13F0AE816F17D96292FAEA28A3F365FFA6B2D7D1565E1DF07F88ACE6D4BC37AF697AAC31FFCB4B1BAF362FF00C852D7CBBE1BF8B7F0C6D6F3FB4A6D62CE6D63FD57FC7AF9B2D9D749E24F88DA0FDA3ED9A3DA5BEAB79FF3FD2455CDC319DE5394E474FEBD87F69ED0FC973BCAB1F8BC77EECB9E3CD221864F3A6D4B4F861FF9E924BFBAAF9BFC3FAF7C25F0EF88358D4AE7CCF157893CDFDD797145F66B3FFAE3FF00C76B95F8A9E24D4AEB4BD4BCFBCF3AF2E3F755F31DBC5369B24334330F3ABF20AF56955AF53134BA9FACF0E70B54FAB2A756A1FA0579F1AB4793986CF54AF07F8B1F16BED7E13D621B0D36E3FD57EF64925AF2BB7D63CC8FF7DFEBABCAFE3678CACF47F0BCDA04379FF138BCFF00967FF4CAB6E08C8EAE2B37C3B6BDA7BE6F8EC930B84C354A9D487C0FA85978A34FF1259DCCDFE9927D93ECB1D7A4F85FC39A9785E7861BAF03687ADE857114B2C571FF002D6BE7BF86D6BAC58F84EF758FB1987ED9FBD8BCCFF9E5FEAA3AFB47E1DF852EFC43F0FECC5CFF00C24F35E5BCB35B457163FBD8ECEBE978BEB4166388F65AD3E73EAF052A9432BA7ED4A7AA5AD9FD8ECE187C37AA69737EEA596D6E65F362FF00965FE7FEFED7E60FEDE1F14347F857E2CD375E9BED17F35C6972FD963FF9ED2FDBEEABF49FC417F0C3FD9B670EB1712FEF7CAF2F52FDECBFF2CBFD57F9FF0096B5F8B5FF0005399A1FF85E1F0DE1D54DBEB7672784A597FD57EEBCDFED4BFAFD9BE8B7C3B4F1FC494F0D883F32F1678931396647531186FE214F54F8D167E22F0DE8379FD8F71F6CFB2F9BE5C9FF004D6BE15F12781FC6DF1E3E32780FE18F80341BCF1578DB5CBFFB2DAD8C717FAE97FCF9D2D7D45A1DDE8F75E0FF00ECDB986E219BECBFBAF2FF00755F1FEB9F16BC77F037E227FC24BF0AF58D43C2BE3B92D6EEC22D4A3FF8FA862962F2A4F2BFE797EEA6AFF5C326CA6A61B0B569E1E9FB2A9F60FF003BF30CDEB6618A5571B50FEA3FFE08F3FB2BEAFF00B1FF00FC151D3E18F8BBC61A178A7C6D7DFB38EADAF6A76FA74BE6C5A3CB2F88F428BECBFF0090A297FEDAD7F5F010679418AFE1DFFE0DEEF85FF197E1C7FC148358D67E3568FE24D2B58F127ECFBAD6BD6B71AB4BE6DCEA7692EBDA179573FF003D7FE594B5FDC332FEE766FAFD77C3CA4E9E5B0752A7B47AFBFDCE5CE57FB4DB93D9966A1BBFF533FF00D72353579BFC4CF1AE9BF0F7C15E20F156AB776D0C36F6D2F97E67FCB597FE59C75FA01E61E3326A9349AC786F4DF27F73245E6FFE42AF47F859A80B9D63C796879FB3DD4317FE42F37FF6AD7847C3BF1E6A5E22D466D3758F0DDC786EF2DF46D2AEA2F3258A5F3BCDF37FEFD7FA9AF65F83FA87F687883E277EE7F771DD5AC5E67FCF6FDD5739D154F79A28A2BA0E70A28A2800A28A2800A28A2800A28A2803CD7E25FF00C8B27FEC33A4FF00E97DB57F089FB73F8466F127ED21FB467F624C2FF5293C6FADC52C71C52C9E4FFA7CB5FDD9FC503FF14B0FFB0CE95FFA74B6AFE34BE36F88FC49E17F8FBFB5FC36DA6E87AAE9B79E37F1079525D5D7952C3FE9F2FF00AAAFE3BFA5FE67530B93E1EA61BF89ED0FEB9FA237FC8DF114FF00E9D9B3F02F4BF01EA9F01347F01F8F3C546F3C4B1F9514B631FF00CB18ABDCBE19FC12D7744F0DDE4DE04BCB8D274EB897CD964FF55F638BFEBEEBC4FF00637F08F83FC5DE2097C6DF10A1FECA8638BF75E67EF6DBCA8BFE5AD7ECC5C6A9E15BAF0BD9D9F8621B7861B88BCD8BCBFF005BE57FD72F2ABFC9BE35C255C4D4A8E954F67FF3F3FC67F44E639E54C055F650FDE1F947F16341F1569FA8691E30F0969BAA4DA97FAABAB1FF009FC8A2FF0096B0D755F0DFE3E6837DA7C367AF7EE66FF9E91FFCB1FF00AEB5ECD796B67E13F13FF6F4DA0EB92DE492F952DC49FBD92F3FEBAF9B279B5E7BE24FD9BFC2BF193C4FAF6A561FDA1E00F157EEA58AE2C7FD56A5FF005D61AFCBB039C6171187FECBCC7F87FF003F3FAD4F4F18F4FAD32E6B1AF699E27D466FECABC82FECE3FDD455C4F88E3874FD2E1BCB99ADE187CDFF009695C86ADFB23FC6EF0BC7FF0012DF1B787EFF00FEBA452DB49FF90ABC935CF82BF16AEA486CEFF5EB39A1F37CAF36396597C9ADA870AE5AAAA7F59FDD9DF81CDE6E9DB0D4CEABC61F16BC39E17D3EF20B6BCB7D5757F2BF751C75E1BF0CFE1EF8ABE2D6B90F89350B3D426F0DC7FF00939FF4CA2AF5BB7FD9A74287C5FA968573AF6A9E30D4ACFCAF364F2BECD6DFFB565AFA6E3F0EC3E12B8D07C1F34D670F86EE258A2FB55ACBFF002C7FE797FD32F36BEBE9E7581CB30D530B957F16A7FCBC30AF83A95EA7D6B19FF82C9B53F0BCD1E973186CEDEC218E2FDEFF00CF287FE9957AA7ECF575E1CB5B4BCF37C43E24F0FDE7FAAF33FE5DA6AC7F12FC578B4B97FE11AF1DE8FE18F0868324B1586997563E6FD9BFEB94BFF3CAA5D1F53BBF03E81A89B0F155B66E3F7BF6192D7FE5AD7E50F0F5A87EFA5ADFA9BD5C6D5C5E17EAD53433BE226ABA6CDE34BB9AC35EF3A68FCA8A5B88FF007514D179B17FF6EAFC19FF00829E497927C78F87B34D37DBE6FF00845FCAF2E3FF00B0A5F57ED56A91EB10DC59CB7FA759FDB24BAF37ED1E6C5FF3D6DBFE7AFF00AAFF00ED55F8C5FB6DF8A34D93E3C6830EAB667449A3D2FF0075279BE6F9DFE9F7DFBD9BFF00457FDB2AFEACFA232AB4F8956269FF00CFB99F92FD20E852A7C3DECEFAFB8789781FCEBAD3FF007C3C99A38BCD8BCCAF07F09F8F3C2BF0BFF6B0F863F107E20F826D3E25F85743D522BFBFD26FA59628AF3CAFFA6B17FDFDFF00B655FA29F0EED6CF50D0E6866FECFD574DB8B597FE5AFF009F2BF75FFA2ABF2EFF006A8F0BC3E1DF1E6A5796DFF20D93F751799FF2C65AFF005572CCEA18B55305537A87F9EEA84E856A7529EC7F5F3E1FF8E23E237FC14C7F662F8A9F0B7C776DF0D6D3C61F0862F0EC375F65B5B9965D3EEA5BFBE8E2FDEC5FF3F3A4C55FB6DF64FDA0F4F922866F8FB71AAC5DFF00E24361167FF2157F271FF04BEF809AEFC57FDA43F603F86FAAE8E9A27893C17F0D25F8BFFF000905C5D4B14B79A27F6F6A76B1D8793FEAA5F37FB6E297CDFF00A655FD806AFF00B3BEB1A879A60F8BBF1074507FE7C7ECBFFB56DA5AFD07C23A1EC725A74BDA7F0F9FFF004B3E97882AD3A98C550F2BBCD4BE38CD20B49BE32F89EC621FF2DADF46B0FDF7FE42AB9E14F085941A8B6B3E2FF1AF8C3E29EBF1FF00C7AFF6B5D7EEECFF00EB95A45FBA8ABD2F4BFD99A6B119D4BE307C51F12FFD7D5D4517FE92C51577B67F06F4DB5FF5DAF6B973FF005D2EAEBFF8ED7EB2B6B9E0FEE4F9A7FB06D3C0779E24D63C19E1BFB7F8F358FF0055636BFF002DA5FF00967E77FCF287FE9AD7D49F06FC21AA7843C176767E23BFFED0F125C7FA55FC9FF4DA4AEC7C3FE0FD07C37E74D6167043349FEB64AEB6826A3B851451418051451400514514005145140051451401E5DF14C05F0BBFFD8674AFFD2FB5AFE303F6B6D7EF2D7E217ED1BA74D35BD9C371E3CD6BCAB8FF009E3FE9F2D7F683F1526FF8A509FF00A8CE93FF00A5F6D5FC39FEDD963791FC55F8EB790E9A7C9FF84DF5BFDE47FF005FF2D7F12FD33292A981C1D39FF39FD9DF43856CCB1951FF00CFBFF23DDBE1DF84F5EF8A1E1FF0DD9D8786F53F0DFC3DD3FCAFB7FEEA5B6FEDE97FD6FEEBFE997FAAAFD78F81FE31F07D8E8107856C34ED2EC3C491F9B1451DD5D79B2D7E707EC5775A97C41F05F83E1D62F2DEC2CE3F3628BF7BFF003CABEB0F1CDCF827E1EFED31A2F86EDBFB675BF1BEA9E0DB5BFB5D2601FE8D34515D4BFBDF37FE594BFB9AFF003021F5D78EA93853FE19FB3718CF0D59FD5AA68CF7CBCF016830C7E4DCFD8F509BCDF365FF00A6D2D735ABDA6B3A178F7C09ABF86BC39A9EB5A5F9BF65D62383CAFDCDAFFCF5FDED6178C22D7BC1BAA6A5F6F9750FEC78FF007BE67FCB2F2A5AF1A8FE24F8AAEAF3CED2AF35CD2A1B3BA97FE5979B14D17FCB3AFC3F36CCBD866EF130A5ECEA53EFB7DC7065B91D5C452E5A753DA1F59F8EBC47A95EEABE4E85E0FB7D2ADBFE7A6AD7F1799FF6C628BCDFFD1B1578FEB9E179BC65A84DA3DB5DFF00654DE579B7571631795FBAAF19B2B5FB6DFEA3AEEBDA6EB9E29BCB897CD8A493CAFDCFFDFD96BD82DFFE11BF0DE9767A96930DBD86BD1FEF7FD5795E757CEE6B9D4F178E588C47FE4877E1F2E780A5ECF0EFF7816FF06B4DD074F87EC10F933795FBDF33FD6D737E28D2FC07E1BD3FCED7BECF61E5C5FBDF33FE5B57A3F8DFE3C782BC27E01BBF126A335BDFEAF245E55AD8FF00CF696BF233C61F11B5EF196B936B1AC4D7134D27FAA8E3FF009635FA14783D34AAE1EAE874E4AF175DFB4C51ED9F1275FD03C73E1FBCF0B43A8F882D07FAAFED1B7F2A297CAFFB6B14B156CF843C6A74BF0BE8FE16D7752BCF1AD9D9DAFD9BCCD5BCAF36EE2FFA6BE557896976BF6B90CB73FEA3FE79D6C6B1A0D9C31C3F66FF00535E9D1AB83547EA357F87BF9FDFBFE27DAACAAAFF001691ECD71756775243368F67E4C3E6C5FE8F1CB2CB17FAD8BFE5957E09FF00C1496C66B5FDA13C2B0CD0DFE95FF1219BCDF33FE5B7FC4D353AFDAAF04E97A0E9F67E77F695C7F694975FF1EFE6F99E4FEF62FF00965FFC6ABE39FDBE3F673F187C64F8E1E039B4BD7B4B8B478F4B962964925FF53FE9F75FF2CABF7CFA3167796E59C55ED3E0A5ECE7F19F9078E79163B1F927D5697EF2A9F9FBF0635E9B4B8E1D4ADE6D42C218E2F2A5B88E5AF92FF6C0F1B6A5AF78D34D866D1FF73FEB7EDDFEABCEFF00B655FD087C33FD867E12F84FC2F0EB17F79E24D7B528E2FF009692C5145E6FFCF5F26BF037F6D0861D47E2E6A5A3E89FF207D3EEA5B58BFEFEFEF25AFF0052B87B32C0E3E7F5DC29FC039CF0F62B2DFF0066C41FD51FFC1163C51E1CF19FED97F03B52F0ECD737E74FFD8EF4FD1AEA4925F33C9BA8BC476D14B17FDFC87FEFD57F5D35FC72FF00C1BE9A0DDE8BFB4F786E0BAB3B8B69A4FD9BBED5FBC97CDF3A297C5B2D7F63478E6BF41F0C6872E510E4DBDA4FFF004B36E205FED2BFC10FFD24B1451457E9E788145145001451450014514500145145001451450014514500795FC57FF9149BFEC33A57FE97DAD7F157FB72CB0DF78CFF0068D861D360BCBC8FC65ADC51491FFD7FCB5FDA97C5FF00F9137FEE37A2FF00E9CED6BF895FDAB3C2FAF5F7C54FDA726861F3A193C79ADCB17FE07CB5FC5DF4C4C2D3960B05527D2A1FD77F447AFECF32C67FD7B3DE3F670F0759F847E0868FE234B3B8D10FDAAD2589FF00D67FADF37FF237EEABE95D1BE32E8BA0FC6B3E3169B50F17CDA7D8452C5A2E8BA5FDBB539A58A2F2BCAFFA75B4FDF4BFBD97CAAF963C1DE36BCB5FD98F52D07ED9AA4D37D97CA96DE3B5F365FDD7FD3296BEBAF83F37C383F0CF41D7AD6CF4FB0D62E2D7CDBF8E48BF7B0DD79BFBCFFC8B5FE59F19BA993623FB49AF69EF9FD0D98D4A789A6E9D43DC53E207C4EF8CB6F3F8A755B1B3F82BE1BF37CA96CFCAB5D4EFBFEDACB14B2C5FF7EAB3B1A0EA1AA43FD950DC4D0C7FF4CBFD77FD75AA7AE6A1A96B1A7C30F936F0C327FCB38EB0A0D5352D2F439AF21B3B7FF9E5FBBAFC338AF88D63EB55C54D5AA5431CA72AFABD2FDD1EB3710C36B6FE7F950587FDB5AE0F5CF883E159ADFC986CFF00B57F75FEB3ECBFBAAF2BB8BE9A6D43FB63C4D7971359C7FBD8A2FF00965E6D72BE24D7A6FEC2F126B3FEA6F23B59658A3FFDAB5F1D84C0536D25D4FA3A5937DAA9B9F28FC5CF1943AC78A352861FDCE8F6FF00EAA3AE3F47FB1DD49E7572B1F93AA5E5E4DE75C7FADFDEF995D5DA695E5BC261E95FBDE370F0C2E169E1BAD8F570294FF787A6E9F1F935D5E97A29F13F88B47D07ED9F63B3F2BCDBAB8F2BFD4C55E791EA9FD976F34D7389BFE99FFCF6AF42F0E5CF88ACF4EF1069DE17D47FE27D731F957527FCFDFF00D32FFAE55F0B1C34E0FDA3763EA75FF9747551EA1A8C6F2E8FFDB1A1DF69B672FD96292DFCD8A59A2F36D7FD6D72DF183FE4A0786E6874DD3EC21934B965FDDFFCB6FF004FBAFDED539AFAEED64B2FB5F8574C8AEFF75FBCB797CCF3BFD57FADF37CAAC0F1E490FF00C259E1B9A186F2C07D83F7BF6AFF0096DFE95755FAAF86187BE608F96E29A1FBAF68761F183E2659FC35F817AF6A5E77FC4E2E22F2AD63FF00DAB5FCE2F8B3E1CF8C3E2D78F341F0DF82747D475BF186B97FF65B58E3FF005B34B2D7F4A5AC7C2FF0AF8DB40B3D63C430CF7F359FEEA28FCDFDD7FDFAAF1FFF00827FF80FC37E1DFDBF347FB069B6D9B7D2F55962924FDEF93FBAAFF4EF86F31C4E07866A63297D8533FCEFE3FCAEA62F3CF6750FD16FF8264FC35BCF82BFF05146F835AADDDBDDEBDE1BFD947C29617D2245E5FF00A57F6A7EF7FF002257F49C9F26CCF401ABF063F660300FF82DB7ED1FE4CDE6CDFF000CF7E1FF00363FF9E3FF0013996BF7A25E9F9D7F4C782B372E1FC3CAA6EF53F3CE2FD31CE9FF0080BB451457EB07CF8514514005145140051451400514514005145140051451401E51F190F97E066E9FF219D13FF4E96B5FC157ED79F11B58D17E367ED09A6D86A573617BFF000B43C4B145FF002D7C9FF4F97FF8ED7F7A7F18F0FE076C1EBABE89FF00A74B6AFF00396FDB33E236A5A2FED41FB5169B7FA0DC5FE9DFF09E789658BCBFF9EBFDB3755FCD5F48AC97EBF81C3D3E4FF9787F68FD0BB2B58BCD7134DFFCFB3DE3C19278F34FF05CDE3CF1B78C3C4B61A6C7FF002D24D525FF00D15FEAABF4CBF677F8A7A3C7E0FB411683AA5F5A6A16B15FD86A31FF00CB1FFAEBFF003CBCDFFBF55F8C3F02FE2F5E7C50D1F58F801AC59FFC243A3C717DAAC3CB9628A587F7BFF4D6BF5EBE19786FC37F0AFC1DA0C336B1AE6ABAC5BD84517D8638BF750FEEBFE7AD7F969E3D539E1297D5712BF7AF6FF06C7F4165B94BAF59FB2FE15CFB4A0F1909BC3779A96AD37FC4B7F7BE5797FF003D6B9FBAF8BBF0FBC17A0CDAEF8DB5ED33C3DE188E2965BA92F25FF53FBAFF00C8B37FD32FF9EB5F395C7C46BC1E4CD7F676F0D9C7FBD8AC63FF00963FF4D6BE7DF881E34F0FF88BC69E12F156B1691EAB79A45D79B671DC45FBA865FF009EB17FD35FFA6B5FCA9C33C391C462F93177F64BB7E5F3EE7D756E0EAD529D4548FACBE195D5E7C56F106A7A8EA1A0EA7E00F0DC9FBDD0745D57F777D3452FFCBD4B0FFCB2FDD7FCB2FF00965FF2D6BDC7C49E0DD0745F09F892187FB2FED7796B2DAF9927FADAFCE6F1D78EFC53F12AF21D626F151B0F1259F952DAC71CBE579DE57FABFF00B6DFF4D6B1AD3E3C59DF5C43A3F8CFED161AC47FBAFB47FCB2F36BEB71FC2BEDF11F59C0D3B25FF2EFCBF534C3F0A63FF77ED6A1E3FA7EA1343E25BCB387FD47FCF3AF42B79352BA9009A6B8AF01F1678CB4DFF84E352D4B419BCEB38EEBFD647FF3D7FE5A57B3697F10BC1F2697FDA5F6CB78668E2FF8F7FF0096BE6D7EBFC4B9062ABE169E2E9D23C0CB310F098AA982C49D25E6B1A0E8379A3E9DAC4D6FE75E4BE545E67FCB1AFA5BE0FC979AA6ABAC6A561A4687E21F2E2FDEDBFDABECD730FF00D71AFCDAF1826A5AC789FC2B797F37EFB50F2A5FFAE3FBDFDDD7DEBF06E3B3BAB79E6D63C2379E20D363FF0097ED3AEBCBBEB3FF00ED55F0BC5191D2A182A753A9F6F5E855852BA3175092187C53A9430CDADF87E6FB7FFAB93CDF2FFD6C5FF6CAA3F1E6A1F6BF16786E69B5283559BEC1FEB23FF963FE95754CD7352D37FE131D4A1D2BC47713431DFF00FC7BDF45FBDFF5B156578C269A6F14786FCE3A7F9DF60FF975FF00AFA96BD5F0F55B1F4BE4793C5D87FF0060B9F5D697FB9F01CC6BC37F61FBAFF8D8059FFD34D0750AF60D2FCE93C0FF00EBABC4FF0061BFDDFEDE16633FEAF46D42BFD30A95D53E09AEDFF24CFF003FF88FFE4707EA57ECAB1CDFF0FC2FDA97B43FF0CF5E19FF00D3A4B5FD022FF1D7E03FEC9DE4DD7FC16CBF6A4BBF27F7C9F00FC35173FF0061496BF7E2BFA4FC11AEAA70C60E6BB2FC8FC7F8BE5FEDF5028A28AFD84F980A28A2800A28A2800A28A2800A28A2800A28A2800A28A2803C97E347EEFC0537FD86744FFD3A5AD7F9B3FEDD975E77ED41FB4B43FDA5FF0033BF883F77FF0071996BFD25FE34FF00C88537FD86B44FFD3A5AD7F9AB7EDE175347FB527ED150FF00A3F93FF09BF883FF004E92D7E2BE2F51E7A586B7FCFC3FBE7E80FF00F235CCBFEC1D9E1BF00F54BCB1F1E5E6A561A9793791FF00AA923FF963FBDAFDBCF0AF8F7C49AC6870FDBFFD3FF75FEB23FF005B5F83FF0004EEBCEF185E63ECFF00F6CFFEBAD7ED87C2F9BFE25F0E2BFCD4FA5860A97D6A9D4A94CFE85F05D7B4C255FF00AF8773ADF8A2F2F6DE1B3486E219BFE5AD78B78B3C9F2E5871E74DFF003D2BD53C497DE6493436D5E33AA69F34D24DFF001F15FCC1C3D4A8D369EC7F40E5742918D71E229BED10CD0CDE4CD1FF00CB4AC2D721B3D6BF7D7DF689E6FF009E9E6F9550DE58CD0CB8A86493C98EBF4BC3D0A74FF794B73E86860295B6396B7BDD0B47D521D17FD121B38ED7CDF2FF00EDAD664975A3FF006A4179617861D37CDF37ECB5B17B6D6775279D73676F34DFF3D2B95BCB5B3F333359DBE2BF4CC9F15382E7A733F3CE20E03C3639DF114CF5A93C7969AA6A967A8DCCD6FE75BC5E55AFEEBFD4D7B57C3BF894615FB36AF04F0E91279BFF001364B5963F265FF9E5E6C55F1AC73431C7887ECF0D7BFF00C0ED5F52B5BCD4A1D07C6DA2695A94917EF749D5A2FF0046BC8BFE994B5F1DC4DC3186787BB33C4E0153563E904D565BD921861BCD13C53A6F9BFBA923FDD4BFEB62A4B893FE279E1B3F63FB07FA2FFED596B96923F2754FB66ABA0DBE9579E6F9BF68B197FE9AD5B8EEA1FED8F0DC36DF68F27ECBFF002D22FF00A6B2D7C5706607FE14E9FB23E138F7FE45A7DEDE1FC5D781E6861AF25FD85F4B866FDB62F352FF0096D6FA35DC55E9DE16F3BFE10FED5E63FB0A5F4D1FEDA9790F9DFB9FECBD425FFD155FDF5C43ED69F02575FDC99FE76E78BFE167E67E9BFEC749BFFE0B51FB5E4DFE91FBBF819E148BFF0027E5AFDFA3F7FF001AFC0BFD8BB5086EBFE0B21FB69429379D341F06FC28254FFB7FBAAFDF43F7FF001AFEA1FA3EA7FEAA60AFFF003ED1F8E71B69995425A28A2BF683E5828A28A0028A28A0028A28A0028A28A0028A28A0028A28A00F21F8D7FF0024F9FF00EC35A27FE9D2D6BFCCD7F6EC9A6FF86B0FDA13F7307FC8EFADFF00E9D25AFF004C4F8E3FF220CC3FEA33A27FE9D2DABFCC8FF6E8921FF86B9FDA17FE3E3F77E32D6FFF004BEEABF2AF12695DE1FD4FEFCFA0662152CD3319BFFA079FE4789FC1393C9F186A5FB9B7FF0032D7ED27C2BB9F3B4B86BF127E09EA117FC261AC45FE91FF006D3FEBAD7EC97C2FD43CBB087C9FF9E55FE70FD2B306FDA23FA03C036AA61F13FF005F3F53DCAE3EC7E5CD37935C4EAFE479737D9BA56F5E5CFF00A3FAD79EEB1A87931CC39AFE30CAA836CFE84C0D0D4E3F5C93C9F3BA66B83BC9BBD6C6A977E749371835C7DC5D57ECF91609FB33EDA86C437975FBBAE3F50BAFDE5695E5D571F7975FBCF4AFD330180D0F17132B9A7E71F7AF7EF841FDA57D67A959C3A47863C6DA6C7FBD974DB89628AE6CFF00E9AC52D7CD11DD57BCFC2FB6B392CE6BCD6FC2DA86AB651FEEA2D4B4ABAF2AE6CFFE994B17FCF2AE4E25A0960CF93CD7F89ECCF7EB79ACED6F3CAB6FF848FC37379BFF001EF71FBD8BFF0022D68DBC9E66B9E1BF3AF3EDF0FD83FD67FDB596B908754F32EE186DB5EB8D57FE99DD45FBDFF5B5BBA7DD4DFDB9A0F9DF64F3BECBFF002CFF00EBACB5F9BF05D0FF00853A773F32F12BF7796791FA13E1FF00F913A1AF30FD86E1FF008CE0BCF48F41D425FF00C8B157A1785EEA1FF845FC979EB95FD84EC6183F6CCF125E4331FF00900DDFFE8D8ABFB4B8DAB72701E23B721FE7466B4BDA67773F467F6139BCCFF82CE7EDDFFF004CFE10782A2FFC9ABAAFE846BF9DCFF827F0966FF82CAFFC146A6F28F951FC30F0245149FF008135FD11D7F56780BFF247E5FF00F5EE07E37C6CBFE14AA0514515FB21F2E145145001451450014514500145145001451450014514500F6B9E2BF1CD73F0FD9F1FF318D13FF4E96B5FE5F3FB6A6BD35D7ED61FB4E59CD67710CD1F8CBC41FBCFFB7FBAAFF507F8E27FE2DD4DEA359D13FF004E96B5FE615FB646830DD7ED41FB4279BF68F36E3C65E20FFD2F96BE0B8EA34DC29FB447EF5E00E27318E32AFD49FF00CBB67CC7F01EEA69BC51792CD37FCB2FFDAB5FB55F0CEEBC9D2E1C66BF13FE09E8B79A7F8E352B39A1B8F3A38BCA97FEFED7ECF7C3BF3A1D1E1DF0E2BF803E95F428D4AA91FDB7F458F6BEC2AFB5EE7B35E5F7FA3CC6BCF754BAFDDD6F5E79D3475C4EA1E7E73E4DC62BF8A724C07EF0FECDC0D15738FD4263EF5C7DE5D56F6A9E77FCF1B8AE3EF3CEAFD9F29A14FA9EED456336F26FDDF15CADC49FBCF5AD8B8FB67FCF1B8AC1B886F3FE78DC62BEDF0540F0711409BCEFDE57B6FC2F7D3619FCEFEDDD53C2BAC49FBAF33CAF36DAF22FFE3D5E011C731FF9635EE5F0BF50BCFB3EA5A3D86B1A5FFCF5BAD3752FF55FF5D62AF3F8B30FFEC7FBA3E22BBBE27F787BF4934D35C4535FC3A7DFC1FF003D2DEB6347FDCEB1A0FEE6E2DBFD17FE5A7FD7596B83D3E6F2F508BC9D3BEC737FCF4B797F775E91E10D2E6D42F34DBCFB659C30C717952FDAA5FDECD2F9B2FF00CB1AFCF382A87263A9B3F3FF00165AFECDF667DCBE1F866FF844EB33F603866FF86B8D7A6961B8FF00900EA1FF00A362AF42F05E97E6785FF7BE47FAAAF31FD9EFE23683F0A7F680D4B58BFB3B89BFD025B597ECB17FCF5962FF00E355FD37E21E69FF00184D7C3533FCFE59254AF9E687E8BFFC139BCA9BFE0AFDFF00052C980FDF47E03F0245FF0090A5AFE8647FCB4AFE6BBFE093DF10B47F893FF0539FF8294788F478AE2087FE112F05432A49149E674BAAFE967FE5A57F63780D8774B847054EA7FCFB87E87E0DC7F47D9E6F5E992514515FB31F1E145145001451450014514500145145001451450014514500788FC6AD39AE7E1F5FBDB2094C17FA55D4BFECC515FDB4B2B7FDFB8ABFCAEFF6E4F06F8C2EBF6A4FDA12F20D7AE341F2FC65E20F36D6D6597F7DFE9F2FFAEAFF0059FBDB686EADA685E1B79E1907CD1BD7F365FB70FF00C1BC5F0AFF00697F1CF893E267C1AF8CDAE7C16F16EA1FBDBAD22FB4F8B53D2A697FE997FAA9A2FF00BFB2D7CE713E0711569FFB39FA278699F65B82C4D4FED2753D9B87D83F865F807E22D6347D56F3ECDE24D3EC2F3FE5AFDA22F37CEAFD2CF0FA78ABC45650CB73F122E21FFA671DAC55E89F157FE0DA6FF82AE7C2CD66EAF7E1AF877E087C7DD34FFAA1E1FF0016C563288BFEB96A9F65FF00D1B5E503F624FF0082ADFC1EB796D3C59FB01FC7BBF82DFF00D6C9A4DAFF006C45FF0092BE6D7F32F8CBE12E3B335F5DC153FDE7FDBA7F4B7825E3365994CBEA588A9FBA7FDF91DBFF00C23BA943FF0033E6B9FF006CFCAA8649AF2D7EFF008DBC5137FD74BAAF07D72FFF00690F0BC9343E33FD98FE3C786E6FF96B1C9A3570727C5AD78C9E4DFF00C31F8B9612FF00CF3934696BF986A78419CD3D310BFF00483FB572AF1CB86676FDEFFE967D2D79AD7FCF6F126AB37FDB5AE72E26B3FF0096DAC6ABFF008152D78649F102F26FF990FE2A45FF0072BDD7FF001AA23D62F3548FF73A3F8E21FF00AE9E1CBF8BFF006957AD43C37C5D257F64CFA27E36643FF2EAAA3D82E24D37CB9BFE2717B37FDBD573724DA6CDFF00414CFF00D75AC1B7D2F528FF007D343790FF00D7C5ACB156969FE12F156B47FE24FA6EA97FFF005CE58AB5FF00576BD35F0FE07156F167075295B997DE8D8B7874DFDCF93F68AEC3C37E4BDE430CD67E743E6FEEA4F37CA921FF00B6B5A5E1BFD9B7E39788ADE19B4AF86FE38BFF00FAE76BE6D7D6FE01FD8B3F69EBEB5B3813F67FF8D729FF009F8FF842354F2FFEFEFD9BCAAF2B1DC2D9854A5FECD4AA54F91F36BC4CC9A753931B5A9D35DEE79A681A5CDF6CB3F2752B99BCBFF967715EFDF0FF00EC9F6CD36CEFEF3C9BCF2BCA8BCCFF00AEBFEAABE87F027FC1373F6E0D56E2CCE83F013C61E479BFBDFED2BAB5D32287FE9AFF00A54B14BFF7EA2AFA3BC3BFF0457FDAC3C4FAC59EBDAF6AFF00063E1DCF6775F6A896E2FEEAFA787CDF2BFE797EEBFE5957B7C03E0F6658BC52A98EC3D4A74BFC07E21E2A78C9952A5ECB0589A750D7F87F37F6849A3F8274F9B4F9BC47AA452FD82DFCDFF8FCAF947E3C780FC49F0964F156BDA578DBE1FDFF00C548FF00756BE178F548A5966F37CAFF005BFF003CBFFB557EA9F853FE0893E24D5EFAD352F8D9FB667C43BF86313462C7C17A35AE90628A5FF965F6A97CDFFD15157E817ECDFF00F04BBFD8D3F658D560F16FC3BF850758F884BFBD3E24F115FCBA95F79BFF003D62F37F7514BFF5CA28ABFB0F27F09F02F033C355A1BFF39FC5D98F88CFEB2F114AA6BFDC3F31BFE0853FB19FED1FF03BC4BFB5B7ED63FB4CD93787FC49F14352D0F4FD074968668EEA1B0B18EE7FD2A6864FF550CBF6BFDD452FEF7F75FF004D62AFE95AAAC1088B18C5114DC3D7EBD94E514B0F86A786A7B533F2CC7E3EA626B54C4D5EA5AA28A2BD938828A28A0028A28A0028A28A0028A28A0028A28A0028A28A0028A28A003C8F7A28A28021F297FB91D559AC6D6E90C573676F343FF4D22AD0A2B93EAB1EA8AE76B6671171E02F04DD7FC7CF843C312FFD74B08AA93FC2CF87A071E05F04FF00E0AE2AF42DEBEB46F5F5ACBFB3E8FF00CFB46CB115BBFE270B6BF0F3C196A7CDB6F067846D26F54D36315D2C5A35847FBA4B3B78A1FF0062B577AFAD1BD7D692CBA8765F70DE26BBDE4FEF2A2D9DB871E55B8F2AA7F297FB91D4D4575AA115D0C39DF5641B07FB153C5FC34515B09BB851451412905145140C28A28A0028A28A0028A28A0028A28A00FFD9, '', '3', '3', null, null);
INSERT INTO `menu_item` VALUES ('28', '2015-08-19 21:10:20', 'KENWOOD YULUPA', null, '0', '3', '0', '', null, '', '16', '3', null, null);
INSERT INTO `menu_item` VALUES ('29', '2015-08-19 21:10:20', 'LEMONADE', null, '0', '1', '0', '', 0xFFD8FFE000104A46494600010101004800480000FFDB00430006040506050406060506070706080A100A0A09090A140E0F0C1017141818171416161A1D251F1A1B231C1616202C20232627292A29191F2D302D283025282928FFDB0043010707070A080A130A0A13281A161A2828282828282828282828282828282828282828282828282828282828282828282828282828282828282828282828282828FFC00011080032003203012200021101031101FFC4001D000100020300030100000000000000000000060901050702030408FFC4003010000103020306040505000000000000000100020304110612210507133775B3415181911431536171152226A1C1FFC4001A010100030101010000000000000000000000010304050206FFC40026110002020102040701000000000000000000010203110512041321314142617191A1D1E1FFDA000C03010002110311003F00FD5088880D0CA3E071642F1A435F0961F2E233507D45D6F947F194F15351D1CCF7E59DB54CE00B1399FA9CBF6B805781C4352D0247ECDE142E176B659ED291E790036F52B0F3EBE1A528D8F0BBFCFF00533DA8B97624774BA8B5562660CA191CE2422E636345C7A95B0D8BB54D54A2193F71730BD8EB653A101CD23CC5C7E41514EA355F3D90CFBF87EFD132AA515965786F639A78CBACD677DE89BD8E69E32EB359DF7A2DE56594A2C220355892385F470BA76073639D8E17F03A807FB5A5A891CC6DE9E631BC8CE5DA5CADE6238C4BB1AA5A75B06BBD9C0A87CEFCD016BB3666E8D23C7F2BE7B568BE6A97A1AE86B6E19F056D4C71D1D43DAD74950E616B72B4B9C4FD80D4A95612A195B1D3D44AC7B036324676E5717BF2DF43AD80681AFCEE54630D13262EA26137CA5EEF6695D3D5BA5F0FBD735BEC45F3F2A2B5F7B1CD3C65D6AB7BEF44DEC734F19759ACEFBD1770CA594D962C8B37407C5B640FD2AAEFF4DCA1D3C4CE0B8EBAEAA63B663966D95571D3343E6744E0C6936B9B682EB9AD5EDFA7A76706B9B3524E06B14F196B87F87D172752A6736A5145B5492E8CF6E123FCDA007E9496F65D4972BC0F0555662B82BE1A69450C71C99A77B4B5A491601B7F995D5168D3EA9555626B1D48B64A4F28AD6DEC734F19759ACEFBD137B1CD3C65D66B3BEF45B8ACB28444403C160B5AEB870040F308880C859444056B6F639A78CBACD6F7DE88880FFFD9, '', '3', '3', null, null);
INSERT INTO `menu_item` VALUES ('30', '2015-08-19 21:10:20', 'MEAT BISCUIT N HASHBROWN', null, '0', '2', '0', '', 0xFFD8FFE100C945786966000049492A000800000007001201030001000000010000001A01050001000000620000001B010500010000006A00000028010300010000000200000031010200150000007200000032010200140000008700000069870400010000009B000000000000004800000001000000480000000100000050686F746F46696C7472652053747564696F205800323031343A30363A32312031373A31343A343200030000900700040000003032313002A0030001000000C800000003A003000100000096000000FFDB0043000402030303020403030304040404050906050505050B080806090D0B0D0D0D0B0C0C0E1014110E0F130F0C0C1218121315161717170E11191B19161A14161716FFDB0043010404040505050A06060A160F0C0F1616161616161616161616161616161616161616161616161616161616161616161616161616161616161616161616161616FFC0001108009600C803012200021101031101FFC4001F0000010501010101010100000000000000000102030405060708090A0BFFC400B5100002010303020403050504040000017D01020300041105122131410613516107227114328191A1082342B1C11552D1F02433627282090A161718191A25262728292A3435363738393A434445464748494A535455565758595A636465666768696A737475767778797A838485868788898A92939495969798999AA2A3A4A5A6A7A8A9AAB2B3B4B5B6B7B8B9BAC2C3C4C5C6C7C8C9CAD2D3D4D5D6D7D8D9DAE1E2E3E4E5E6E7E8E9EAF1F2F3F4F5F6F7F8F9FAFFC4001F0100030101010101010101010000000000000102030405060708090A0BFFC400B51100020102040403040705040400010277000102031104052131061241510761711322328108144291A1B1C109233352F0156272D10A162434E125F11718191A262728292A35363738393A434445464748494A535455565758595A636465666768696A737475767778797A82838485868788898A92939495969798999AA2A3A4A5A6A7A8A9AAB2B3B4B5B6B7B8B9BAC2C3C4C5C6C7C8C9CAD2D3D4D5D6D7D8D9DAE2E3E4E5E6E7E8E9EAF2F3F4F5F6F7F8F9FAFFDA000C03010002110311003F00F04D52D0C7334583B700A9F5AA86DCADDC6FB494270D5B5A9998D879C402D1B73C763D68F05D85DF893C5365A1D92079EF2508A31F77D58FB28C9FC2BE62546AAAEA11EA7DCD395295073E895CEFFE087844C90CFE29B85260B2E2D4639672472BFDE6E4281EADED5D46AFAAADBDA910ECBB9E662F34D9211E5F4423EF6000A00F41EB5E826C2D345B1B5D034E5822834989732CFF002C51BF4323938E413C027966F45AF3CF184D761E07F0DDC456D24972B6D7973791325DD94FB8B059221D637C052AA0000EEC90735F574F09EC69F247E7E6CF94C4E320E4E53EBB2F239BD7EFAE219E6335C456F6E92C4B8999622BB9B0A1872DC938E40E9590BABDA25EC70CF7D04A648DF642D1C8C0813F9670060EE0FC71CE07A55CBFF0FE21D52C6F6DE0822BD9D6E9EDC399DED9B787642A06CC6FDFF33364A91DC56747A1E916CF66C16E64367209AD964B988B2812BB81F7B9FBE475EC2BCFAD4F5D474EAD6947DC8A48E9344D460BEB2D92AC1A959BAA87F9F798C119009201071DB071ED5C07C63F87061B37D674192492CE3F9AE2D01FDF5BA9C6597B95C1FCBD4574B059C76496A90C2DE459807CD0989EDE5690B3CC23008624606EE40E6BA9D46EEE2D6DEC2016F1DCC061696E65F37E68506D47DB8E0FCEDC8E98DD5CBCB634FAC492B4B4F43E5B8E548FC50FA6DED9A5C436AFE7D9400ED46F97EE1EE5580FCEBADD1B5A860D416DF43BA7934AB685249A6F2B0213C828C5B9C6DF94A8E49031589E2D9D2DFE226A3A1DCF8763D425B2BC74B76F34C4C10F2A0B0EC0115DB689A0CA96D6AF7505BF928778B284ED48CF6249FBEDFED1E9DABBDBB455CE55797C26058A40935AB3C3B23B2F9B4ED3D972477334BDB792460761EF5DF7C369E091AF75AFB2DB4135C208CC3182ABE6E0EE65CF0338FC08F7AE7FC8B23AAF9E54CA71F744A325BCCDC471CEDC0C63AF06B5B451672E9F3DA6D64662AD00407F7A1B90DF4F53ED5C9524E475D3A128AE67A6C55F895785ED2D5A48E4F32425C1770C42F4E4800718AB9F09757F2755B38CB002493CBE4E3391FF00D6AC7F1EDEC5A96B9A7786B4D617171248B13608E589FBB9F5EF5DAFC37F84DAFCF7293DFCBF6058670D800348C54F61D875A20ECAECC6B3E67A23BD37F02FDE752476CF35A1A39D46F89169652903F8994A8FCCD6E687E1AD174DC1711B4FDDA76C927FA56DDC5E25B420DB38F3060A93F7060FA5613C552A57939046854A9A24737E11F87BAB3F88F57D56FF0050B2B48EF5A2D88C59D976A9049E2BA51E18F0E5A11F6DF1049231E8234033DBEB54E4BE5752F35EDC7AB858CF27F9553BCB8B7312B09240463057E5FAD7953CC20E574BEF3D1A7806959CBEE3666D13C181820BFBE0E7A36060FD0E2A24D17C26D22C30EBD279EC701245539F61D33590EF737B1C82D17CC10C7BDC7036AE40CE3BF5A86097CA9F2A8A2656E246396271D41FD28598C63AB826872C174E66742BE1D781884D8C067F11573FE11CD4A045B9485E103949506E1F8E3B572963AAEB30BB4E97842C8FBCC6EA086E38C92381F4C569D8F8DB56B6B91B1AD620BD4042327DF07FA57AB4334C0B49A8B8BF2D8E1A980C4ABDDA68E8F45D7A64B9FB1DD058E7E003D9FDD73D6BAA5B933F2CC0FBFAD71B61E2DD03C430245AAE9D15BDD972164DBB7738F47E87F1C1AD11777365BB6133440F28E7E73F4AFA9C2E2E15E0A5195D1E16230F3A73B347413A064F5E68ACDB0D5EDAE8155930EBF7A36FBEBF514577DD1CCF43E31BBB5902CF1491901DB078AF54FD8C7C18F6916ABE319E10F3BCAD61A5871DCF2CC3DBA0CFA035C9EA5A73347E69043260499E3AF435EF3F058BDE7C2ED2EDFC31716515DE9A863B88EF2367413163BB76C6041C10437FB47AD79986C2C5E23DA35AAD8F6ABE3A51C2BA6B66FF000337C7172FA22D9C054C90EB13DC4521B84134733FDD50EBCB9E11982818258F4C0AC3D4340810BCBA6D94CE6383F766475696DA173F2DBC4EC37A8206F2AC728BF28C6EC56CF8BB52925F85B77E33D67C39A749A9E8F72CB0C76B34826B66F3F64AA1CAEE560C5881C8391597F123C47345E0083C4FE1CBF4B7B692F913539AE6D7CF9AD94911B964E0EE460A0A9F5AEBAB6E577DFF0043C686293AAEA495DF4316F3445B44F2E4F25AE65F93CB67C274E76AF53D067AF4AE6B5382DED34E33359DB4D0C5099A49C26D5555058ED5FBC4F1D38EBD6B43C1FAEC935F6ABA7EAB22CD300F3E9B7726986CE4BF84265D8291FC278CF5239C5703F0A6F754D3B4DB282F2CAFEEB45D4547FA44901DB04EE4F0A392D1B7AE31926BC9AF14CF5238D7234A7D6A4D53E1D5F5FF00936F6F31B432DB4705D092616E402C4E3EE9DB9E066B79F4F89AD6DAD3C2B15A4315ADB88A58D9B6C46DE7C306523396057760FAD65787FC34CBE20B6B997C37A468F1D83C923496D2866BC56565D9B40FBB8396CFE15AFA05BA694ED69A5D8D9D9583B6EFDD360BCA029231EDB877E3815C0E28B4A7269B3C9FE23C1616FF0014F589A430AB493AEEF308E7E45AB167AA5841685BFB66DE2083E54790301F403915E7FF001E2F92E7E26EB372B8DAD74513E8A027F3535CC5BDCED009E314D45B476DA3176BD8F49D435BD12C497B79FCF72061A28DBAE49EA4E39DC69DE0C8FC63E3DD5468FE1DB430C27092CEA4E2141C61DFB7FBAB59DF04FE1D6BBF12FC52B61A7E61B28007BEBD74F96DC1FA7563D96BED7F873E02D23C23A141A268966B1468A37C8465E56EEEEDDC9A52828ABB14EB5DD93B9C7FC16F831A6F8796391215BCD4106E9EFEE107CBFEEF65FE75E91A8DBE87A7462133032EDC11D738F61DAB46F967B6B216B04AE91E72554004FB935897160A14B85C67DBAD7CF6371D277840ECA18657539B32AFEEA22FFB98CC5EFB77161F8F4AAB717C162DA968E589E599B8FCAB5A4D38B216D9823A8DBD2AB0B20A8C0C63693CB11C0AF1F964F73D44D58C9B8BE42AC8876B1E8BB739FC6AB3DD3328475240EE2ADDF40B15C165D83CBC6D755FBC0FA0AA1793053B5B211B8C08F152E25A57D8789AD9CED1148A57A966E0FE5500BB95E6258B49E5AEC538C719CE38F4AAE8E5A7DA483B38036E0FD6B46DEDDDD59B61E47A538CB4B09C6DB958CB34E8221BA36F5C524F2485C34EECEF18F94EFCE7FE0479CD691B6C152C39E073F4E94C9EC647668FCA3B940621B8C03D09AE88424FE1279E29EA66C92C979013262551DD80DDF89ABFE1FF00175E69B69F67B88A7BB8139570DBE445FA7523F5AAD142D1094300CBC96030C076C9EF5937D3C30A9DAAAD11FE26881CF6C827F2AECC2E26AE1A5CF093472D7C3D2AF1E5923BA5D474ED6AD92E6DAEB70232934248643EC7B7B8345793E9BAFDBE8D7CCF6CE1619241E62763938DDC7A515F51433FA5285EA3499E0D6CB1C2568ABA34EEE06F385C4917CAE3F79C70CA78031FCAA87873C5F7DF0F35F1AAC64BD91758EF20DDFEB222D8040ECE3B1FC3A1AE26E3E206AFAB6E4B26B5B0849E0EEDEEBF527A5646A9329B6B89F57D60C865421CDC3E32073815ECCEAEB781C905ADA7B1F5B6ABA7E8BE37F00EBB75A2EB8058F89D2366658B22DE54DBBE4C6739211772F50573EE794BBF0EF86A0D5B53D1AC24D522B4D520920D42DAE4B48BA84B83FBE89DDB76F518F980DADD01240AF9EFE0DFC4CD67C137697FA64AB73617401B8B391BF773A838DC3FBAE074239F5CD7D176DE25F0B7C43D12DB52B5BC94C56520965B57C97B763C1575EE00FBA4640EB839AAA58DA75B47A489C4E552A3EF53D53D518DAAE83A5E9377A7DDEB3AC6A9ABCD0DBBDBDA497050242ACA11FE55006769032727AD6297BA8F4BB5B2D17457B6822431AA7648F1F2ED278C86E307AE2BA4D506B893411496B67AA4B701E4536B21CC3C12149C7A14505B27A9CE38AC1D5F59BEBBD34BDA585C4921BB6B7F204F960CBBF1BB60527253039EF58D58F31787AB460ADCAF98C0BE865B37FB5EA97D139465F3988DAB131E1533FC39624607AFB5436772904177AD4C02A32B5D862E8E36AA938050ED2A48500F078E6B4F5CD3A4B964C487ECD750234F6830BB3E5C95C9E47CDCEEE0E463BD71FF001B3528EC3C1ED610C919935191532A31FBB1CB60761C015E7CE091D8A52AB5136AC8F12BB4FB7DF4F773C2D3BCA5E4299C12CDC8CFB649AEDFC31E06B7F1A5CE9FE1FF000EF82A5B3BF9DC092F1E72428182EC79E14727A573DE15B5371E22B78F697DEE14FB0CF5AFB8FE07F83E1F0F787BFB525B4FF4FD4631B005F9921CF007BB6335C918F354B3BA4B537AFEEAF334FE117C3CD23C19E1287C3DE1FB42D1DB2B4B75727EF4EFDD98FA9FAD767A4E9D0416C586599867E6EB8F6AE2BE33F8DAF7C1BA645A36872C4BAB5F219AE266883F9319185DA0F04939FA015D77C35BF6D5BC11A6DFCD2ACD2CD6A9E6CA083B9C0C374F7CD6D297B4BA5B1CAE3C969333F51B726471C924F19AAB25B1B4B641249249BB32C8186E31A9C6173D87B76AEC6E2C9245F31554B0E99ED591AC5AC82DD958173B4E727AF7AF02BE0270BC8F4A962949A89CC5EDCF9B1F9704614138DA3922B0F5BBB8AC21C4D16F030645EBB803D00EE6B7ED6CE77BC0CB1B21071F2FFF005E9754D16196E5A6972E63EAB9FBA7DC570469C9DDBDCEE538276B9C55BC534D78F732C4B05A33868E220B328C7AFD4F4ACFD4910C84EDDDBBA827007D2BA7F102492DC7970AB0554E70318F7AE7B5663676CCEA016C7CBBBBD632A52EA74C268A7696E124C3140ADF74B119F5ED5ACB7290589804F1ED56DDDB3EFCD71373AABDC5F5B2471B34934855140238E324FB0C8FCEA59A79BCC59551842483F337245671A734F6D0B6AFB9D44970B2DCAC6BD090402718ABDA7EB705A46D04CAAF1CB855666E430273C73F29F4AF30BBD62E45F18C16264CA8D8DCE0F4AA5A9EB2AB6CD187937AA6DCEFC05E3A9FF3DEBAE1271774613A69E8763E27F11D8C17B73F63942AB0C285880738233F28EDD7F4AE235DF1296BC313488CBBF0011B76F7AC2BBBC1148F712DCC659331AB13B8F6F9B3F95739AB6A725DDE329557607E523A536A737B680B960757A44F1EABE2FB48D9576427CE3B785383E9EBD28AAFF0F224B290C92732328196ED4577E1A9C630B3479789AAE553DD6798F853C29E34D7403A7A3DBC44E3CCDDB7F3279AEFFC29FB3DC9A8DC2CFAFEA6F3646596305B9FA9AA5E00D4EE2CA431A2484B1C7CBD3F115EEBF0F2F2F7ECB1BCD13206EEDC57D9D154D9E254533CFF00C79F08AC7C39E0886E346818436AFF00BD5CE49DDEBF95798697A86A9A26B46EB4BBD9ED6E1063746F8DC3D08E847B1AFB1123B5D46092DE70B2472A95753D187A5786FC56F84B79A66A12DFE9AAF7564DF312AB965EF83DEB831B859F37B4A67AF96E321ECFD8D6D8AFE15F89505CB429AF47F65B81C1BB8436C73EE072A7E9C57A1E833C777626FC5E437168CDB4CA973B867AF383C75EF5E15AA5845122AEE0AEA30C18E31F9D50B1D46EF48BAF3F4ED41A07CE488E4FBDF51D0FE559D3C4D5B72CD1AD7C2D16F9A123E86BFD3E0701A1911CB1C22AFDDCFF007BE95F3DFC61D51F5BF1B4DE518FECD639B78C8F6EA7FCFA574DA6F8BBC73AE5BBE9BA268D7177713218C5C5BC05700F53E80FBD74DF0D7F671D7753B886FF00C6730B2B72770B188EE6639CFCE6B4AADC97BA8E38C941EACC5FD92FC027C51E3DB6BDB98992C6D98CAEEC38755EA3F1E9F8D7DADA3047BE7628AAB02E467EE8ECB8FD7F2AE73E1F785B4BF0CE8D241A7DAAC5BD446A578F954E715675FD424B0F0ACD246BFBCBAC92A07CDB402383594A3C90B3DD98B9FB4A9CDD8F0CF8C9E2D8747F889ACEAFAD5F06B4819923BA8C078D447C2A00338E3823D7AD7A27C13F885A47F607F659F22058A52F1EC23698DBE60547A64906BC2FC5910B3D5ACE3B487167AADD3C6E97CBF24AA739E0E72DC12077CD67DAF8734D8757B5BDF0E6A935B4134F9FB2C043C07631470B9195E32081C5654DB51D0EA9D353B1F5A6B1E31B3B3B7172B728610465872307A568FF00C245A649A6A5D5C491C6C70444E48247A81DEBE2AD2752D56E7C34B0DA5DCD159B44C2440E4AA5CA31DE9827863C11DB906B6BF670F8B1E2BD3BC5571E08F14D94776D65197B29E53FBF099CAAE5B8650318EE413E9571BCF49EC73CE8386A8FAF74E96D6FEDD6E6D648F61278C63FFAF4EBAB35962620063DCA9FE75E2B7BE2ED42DD1F51D304904EC5A3953CE261DC490370C7D30462B5BC29F11EFE2D3231AE5D069D06D95044426738CAE327AF1CFBE6B0960A9B6CD13AB1576765AD581488E06D5218393D4570DE29B45609198D5BCB1C83DEBAC4D786B3A585B5952597CF68822BE769C670DEF8AE1FC5BAD456539B6B8004DC707B735E36269D3A72E53B28E224F738ED6277D3E7795635DE7FD58C74CFA1ED5CEEA3AA6A178BF64B65740806F72F9E9D456FEAF776F7B7E511E3774C33C68C1980F751FCABCDBC73F167C27A45E5DE9565697B7B7B1B6D0B6F0040581E4124F4ED919AE7A78695495A28ED78B515A975A376B9261732AC48BE749921475A5782779712A46636CA71D723D7F43551BC75A2DDE8AB7B0AB43334619AD6052E739E858ED03AE304E6BCCBE2D78EAFE79AE742D3D66B5DCBB6EE47C090E46E2A304E3B64F535D14F015DD4E5B5BCCC678C8F2B9DCEB6EBC41E1E6D724D1CDCA4978B959A72C0431648C6D6EE47249AD8B7D06E6782E574AB7F3DD213246CC762BF4C1DC41C75CD782E85652DAE3F7A8F23C64C687395CF193FD2BE8EF80B770E8FE0CFB5EB97E2313DFB8984B36E7C3228DC327D326BAB1985545274DEC7353C4549A323C3CDAE46E926A7125B8DBB1A3690348581EA0818C7D68AC2F1EF8A75A9F57367A459C56E198ED927601B6838CFE3C1A2ABD9B96B7B0BD9C9F43D27C2BA8F87BC3F698B6B2FB5DC13CCB38E455AD4FC61AC5F3E23DB145D950638AC6B0B4249E065BAE6B6AC34C565E57A8F5AF6DE25BDB43CE7493D59D9FC3CD4AEEE760773C7BD7A2D9C724C9CA8738EFD2B82F86761B6EB601C7D6BD5F47B758E3E17B735D34EBF344C650B3D0C3B9F0A69DA87CD7BA55A4CDD77490293FCA9D63E03F0E5BCBBC68B62AD9E316CBFE15D2CB2A4499E719A856EC31EBD38A52A9AE80AFD49B49D2F4FB58D160B78E20873B514015A0FB150B00A188EA077AA16F3333707AD4D70E04B0C22405A470BD3DE947DE63D8BDA8B34562133C88F3D3D6B99F89AE468F346BBD42C7B415EA323A8FCEBA3D74833941D080A3F0AE6FE2024C74A7691DB0C0640435CD59FEF122E9276763C7649A78F4C6D2B50486E6DA18D99259620C5463AE3B915CAEA771611E87B63B45D3651304827B71FB989C9DDBB93C063D78EA6BACD524482E159C168C643AE7AAF7AE6BC47A78B09E68FCE0A59F72C6916E2DD39C7423A54D48EBA1DD87A8DAB3390D534BBC8FC5F8B668E1B2D4C959777CA639426E59531D0E78C77C9AC6F1F6957571F12AD3C43A0DE3C92E9CB1B5D151F70236C2E0752A1B86F4C8AEEE3B98661E4B48B2DD58DE0936C8BB5C20000703A75DD9EF593E1AB0B9B4966D5CE526B9B536E84AE55A37919DCE077E547E06B252517A9BCA2E4CE86CFC4C2469ECAEADCC3324514D248C43452332E7818EA08E9EF5CFEBBE3C3A6DCCD724436D6D71212A162677C0C0E99F9793FD69FE2C89A0F0BCF1E9570CD247858D09C79E0E3E5254FC8547CC49E98F7AE0B5F874796F2DB4BB5586E6772155F71F2636F5048CB6E3F5A6A7CCC27A2B23D0FE1CF8BB5A86297598350FB2417A0F90ACC1CCBC7FACDA0707B71D40393C8ACCD5350D7AF92ED6F7C47609F6A24473410B452EDF5CB13CF3D473577FB12E669EDF50999E14B6B62B05AA206F2B3B46187D54D54FB6C5AA4F3E8D2496D9B9F316DA76565667DB9036E390B8E48C735CF5A319CB65708C172DD9E7D2E8EFE18D7BCDD37589A38BCC07ED692EE68D80C867079386CF3DC533C55E16BC9AD350D56CE28FED769FE97938C6DDA4EE52A39570381D411835D0DEE972E94AF6F7B243717BE5346DFBBD823C1072339DD900E3B107AE4552F0A6B1F64B5D46C6E26DBB2DD63471C285662E3F0F9B6FE74E3575D16A4CA945BB32C7C3ED4D7554B5D45ED2DD8B6567B775DC0381B4875EA3AE4135C77C67D16DB42D7EDC18E69EEA656713800248BD0023A861C7B608ABB67A9C4F6AFA6F872C64827F33324D9F2D6263F7B2472C78C63DF9ADFD5DB4ED6A08AC6F65F2AE6360565DDBC231001C9EE38C7E15B39BB5D99F2294797A9E63A35979D7524F248779400C69D42FAE7DABAFF000F6A36536A4DA7EF985E220709281B18FAF3C838C5489E171147777563A807960493E55C02E00CEE03BE3BD636ADADECD3E79D962491A0DBBB68F319B006477FC2B9DCA3566525C8AECB0B69A978975013E8B6D2C179692B869659C448A7D0E72314559F873ACC72DBDB59C56D1266266792519381D48038CE7D73456F1835A585A4B5B9EFD61A7AA906B62CADB6741525A5BAE474ABC91A2A818AE7E739EC6D782DE381D8919248C575A3592A7E5C707A66B81B43E51DCA48E7B5581772F2371E6B58D6E55644382675B75AAF98C773609ED9AB1637795507AD72362DE71C966CE7D6BA5D222C6DC64FD6B58557221C5237EDE66D9B8838A5D25DAE3C49691367FD683F973491A30B5395C0F5A83C31216F175993D049CFE55DF455D98499D06B84B5DB64639FCA9BE2AB132786BBEC6036B67826975D245F38C1C138A2479AE3C373AB302B0B802B8712FDFBF99BD1D8F05F1EDB35B2BE370C03C815C5C5ACCF7FA44897A42358B08E3B8039619E147B8FE55EB9F1034D59A172070CA45780DEDDEA1A36B7749696D2EA168DF2CB040D92BCFDEC74391C60FD689D5D2C74505A977C493C106B4FA858DCC7711DE59A170230DE4BEE09D7B641271DC823BD56D32698C707872F9F6DE471BE27B553B1064EC8D9BF872B93C6719ED4436D752C2DA94C3C8B8B88C7D9E18D37881B1C2B0EE4827E99A4F0C477ABE1CBC8FC4374C6613B343280A9F6718C16C9EF9CE07B9AE47562E5E87A118CADB153C57A2CD0693A7E9B617F1DB58946FED3BB95B69DDC1DC4E72F92C785E4D3BC2165E139F56B146D665BE75458ADD5A136EAE49620EE6C7F7B38EBD053ADE3F0A5E4A6D9644D46E6204C660C8788000F2FD36F033D7A552993C33A9EA2D6367A84723E9CBB6E628A564299180E1BB804F6CE7D6AA2DC5DFA113474F79ABFF60EBEC9776F1A3EA88CB0624CAB00490AAC33C83DBAD71DE302350F17680CC91C333AB4CC164657C8500B0F62D8C0EBC556F1BE94DA9E876F736BAA796D6AA61977292D13AAEE490F71BB6E09FF001AE5AC3C546D35E65F11E9EE6484A79774AC580F900438FBC0631D0F1DF35A41296DB99CE7CAECF63D6B52BBB4D5ED1E2BA8F334127949718012E0F7191D06EC8E3D39E2BC27C63035878A4C505FCD1C13401F00E5A239236FE879AD5F17F89B5AB3F226B58166B26663E7A444A8C9E507603A7B9C5456BA4CFE2899EF6344B6BDDA1A205B28E7DC63041E071D29469FBDCC455ADCC9452D511F8696D7489E0D4274BAF259F74EB92D96F423BFCD8C9AE87C3F126BBE279AF9209ACB4B81C848CA1041206F6C76C9C9C50DA72D87956979FBE270B28550110E3207B9CD5FD3AEE7B0845BE91232DB5CB22B79A7770796CFF4A8AB371567A89474F74F457F05E8D1C508B5474886D22212900E472791F9FD6BC7FE3C7879ADA6B3D32DADA16BB8DE4964684052B170A303DCFF002AF74B267B5D33CC9364876EF393D38E39ACC9FC35A65D6A1A9EB77F2234AF0AAE76E44642F186EDCE47BF35E7C6B7B3C4730DA728599E07E1989ACAC3CE10984C6843EE3908BDF8F73457A87847E1D4BAB78A63BCBD5DD628A5C0E46EF404515F45469CAB479D338A75D537CA7B55A00DC54AE194803A77A860F946475F6AB4FC91C76AF1626AC5461D01A7AB020FAD4270A3A6296DF25871DEAADA88D7D16360C31DEBAED215C6DE0573BA24585527F335D768AA3E5CF22BB2840CAA32C5E6FF00B291B88FA553D09C43AAC527F76653CFD6B53540A22E0000FB7158C460FCBC13DC57AD864BA9CB519DC5F5B24DAA2C2E48136554FA1238FE555B4C89BEC17B60E3F7AABF9E3BD58B998CDA65A5F4670C115F70E79F4A6E897D1DC6BC669902BC8B8651D08AF3B191719B7D0E9A12BA380D7AD52E20682440CA46083DEBE7FF001FE9FAEE95E3792D340B710DA491EF662C1870724A80739F6AFA27E2BC074E173124CD07CA596443B481D4115E0BE257BA9AC65B82EA248B73191073F302324F5F6AE4941CA37B6875E1DA5369B3CD7C65AC5FC52DADC4D73398A6611C46C9C2C6AC491939190491D0F4F5A487C370DD4B6F71706EA777C978E666DA303217BE4735B13D8BCBE1AD415A5B7682D2E2DEE21F306D3B5325F7B11CE3391F8D32FB5EBC82FDADE4925767204505AC21C08F03966F53C7D338C62942D15648ED777ADCB3A16896F63A7DC4D0DB84CBBC7188E1C83918656F419EDCD63C3A7DE68D2C90E99A7C57D36A12279F337C8A910E082C79639E7FA56BDF5DCB66B15F34B2DB5B5AFEF65919977E32393BB8EFC81CFE38AB1E16BDD5BFB6269A6B354B79D374325C9C64919050AFDDE083CF63F8D6756EA2DB0825B5B53052EE7D335D9F4FF1069FE4C37B135A4D32065564CEE0DD0EDC70413D4FA56178C7C3D24D6B24B13C7710CA8A8B7D11CAE380370EC47715DCEAD2CF3EBB0BDC5DD98403124632CCE3A0C12463F9D317FB39A1B944D1E2895940330930D3328C67BE719FFF005D62AAA9454D68D0F96D78B4715E07F0FDDC1A1CCD7B7092D8CC0C7343229C4A878E3D39190473C5605CDE5D784AEAD1ACA44BBD1AE83AC2C9C9B77079C9F5EF8EF9AEFBC61712C7A3269714EAF1B2032451F2581F9B24FD074AC4F0269BF69D0750B39EDA27861944B16E5078CE41FC3D6AA8D6949394B6339D34FDD4456BE5EA110B959E1692287257700B70BD78CF46E7F4ACFD317FD2DA233C8C369555908E87A67A738A9ACB4AB4B3D74FD9F527304CCE6589C028ADC8C0E3E5E7BD747F0F7C45AD7866E5AEA2D914D391C5D5A24A8D8FBAE030F95B1DC115188AA9439A2CA8D3BB57DCD5D1F535BFB48F40BA9CC71C7B3CE5E8EEAB9E0938C57A543A1DDEB9E1D9BC882DADF4D850452DDBC985671CAA28FE26E4718E3D6B8B6F10EB1E26BB171AE5E1BB9739C98914F3C7602BD03C0968C20821DCE523390ACD9C1F5FAF1D6BCBA52956ABCA87552846E6CF86B45B7D3B4D4C905D87CDC7268AD88089A509C10831457D8D3BD38289E1CD2949B3955C8E7FAD4CB21C739A8217DE3D2A54207A1AF1E29A3AD8E6F9C2E3B1EF53DB73285A855867D2ACD88CDCF4ED54B7259D4E8709F2C0201C75E6BACD2D9522DA231D6B99D0892BC0EB8AE9F4DC2C64B750335E8D15A1CF2DC9B523BAD4861807A0AC06665F9BD05741AB0FF44DC873C74AE7CB0560AC3AF6AF4A91855DCEB7C1B30B9F0F3DB13F3404ED1FEC9AA173E641764A314743C1154BC297EB63AD471B1CC737EECE4F4CF43F9FF3ADEF115A1DFBD4639EDDEB3C553E68DC28C9A660FC5ED34EA9E1286EFCA324F0100B06FE03DF15E0BADE97999EC6EA7FB3C77395DC1F1B867A7E95F4E786AE237B3FB3DC618852A55B90CBE95C17C58F05DBFF006799AC31E5CA098990FCC87BA9AF368D5E5BC1A3BED6B491F3AFC40D6AD74EF04BE937D1B48D196B6B758A2389C703AF04E4139F73ED5E37A06B3E209EE3FB15A758ED221215574FDF2A2024213EBDB9FE95EF3ADFC3BB936D3B42D3C52487764364E41CF19E9CFA62BC975CD1ED61F1D5BCBAEDBB6996B1AF972CF6B1926593A65F9C283DCD38C229EA6B3ADCFF000E86C5DDB26ADB6D5EECC3613DBA22DAA3076C003073DB240278AD8D5DAC34BD3A2D3AC01923822F2910B1C0180067DC11D6AEF86F439E4D72FEF20FDF59D9A470C524781BC0EC36F38E0F3F4A97C71616FF00D8D36C920B689812E19725723A923935C38A926F9123BE8A69DEE73BA5D8DC24E2F6E1BCF2E090CE719C7047F4FD6B3AF3517FED683CF96458A2765603EF630707D3153DE5D5B59E830D9E997135EDC821406ED8E377E3E958D7161A9476DE76A08D6E9D4C7D7A9C741D3E958F259E9AA349CBBEE4BA45D497D7FA95C48812DD6418693396181C0FA76ABFE0FD6A293555D2D4B48855A233E00D840246EC707E5CFE950CD736D0DBCD15B5E4220099C38DBF3E063AD41A35FD8E956933C57115CDC4701C08E3FBAC4804E7B13D33E95A29C55DDBA1959DF723F12C889AC5ED841087F3123F39F6F1BB033C76E9FAD756BA04D67A0D94FA9EA51497D700489651FCEF0424654C8DD89C70BC903AD71B60F7D2EA2976B66D7525CEE7F2613BE478F7127217257EE9C6707033C5775E18D0B5D1690DFEA902DB7DA1F0B6AE02CAC08C8976F5DB8C004F5ED9AE0C529F2591719A4687856C2437A84AD7A8E86BF66B5558C7EF580FA63EB589A0E9C90A8775C638181C935D668B6AC31348318FE1AEBCAF05ECE3ED25B9C18BACE52B234F4D8B641B8FDF3D68A78F6E07A515ECF35CE0387B66391C9AB0AE7D7354219971F7855885F24B02091D315E5B763A4B51365F06B4B4B5F324CA8C63AD65C5B109727E661D2B4742667917CC18E78FC29C5DD899D8E8202A29C0E462BA6B388ED1939DC2B9AD2147014F23AD74762C4280057A949591CEF72E5C424DAB57317687ED4C5BA0E95D5AC87ECEDED5CC6BCA4DC8600E0F7AEEA4CE7AA42842AF998524823E63D4D76BA15E2EA9A4849C81344BF3E2B898937BA81DAB4AC7527B0BA8CC1CA8FF0059EF5D3C8A4B53052B32F5E892D6E0CA8481FC43D4565DD1B86CA30720F20004E2BA7BE586FED7ED70382AEBCE2B1AD2436975B5BEEB1C37B8AF1EBD2706DA477D29F32B5CE5F52B3756F9948246795C579F7C4DF07DAEAB6136213BCA601DBD335F44DD5B5AEA5622D9C2B201FBB71D45715E24D025B3662FB9D0B1C123B570AA916F5DCDF96DB1F34F87627D2843A5CA4DAC81B6F9BB30C100C70707AFF4AD5BCB9D32D0399ED45C35C218DC9F98C89DB07F87E95E9DE21F0B58DEC6E5A211CA7EECA9D57DEBCCFC55F0CB585124DA4EA9B1CE4FCC38CFAD4D64E4EF1763B2857495A4717A3E9768B773DDB2FD96C91B876EA739CA8F71C7E75635A9AD64891BFD6468ADB0B29507200C60F7FC2ACD8693E2BD276C575A11BA883F2633CFD6AD6A56D70F12DCFF0063DF89548243C5900E7BD73CE0F4D4E9FAC419C84F6763FD98564B68DA5B8520330CE0FA735CE58CB736F20B782D566F3DFCA72464A82C31B4F6236FDEAED34FF0E6BFA8DE169B4D96DA3662DBA65C9EBD00EC315DB787BC0D6F0904E9E6590F24B28500D66A53F862AE632AB4EE731E0AF0F5C43AE8B863232C52ACAAF6F2B23193AEE126323E6EBD8E2BD134DB190DC3CD712FDA2F25937C8CCDB9989EE4FF00215AFA5786E440A182451F036256FE9FA75B5B26047F30EFEB5BD0C2BE6E699CD5710DE88A5A4E9AC196599467D3D2B6D5405DA318A42148C6D2BDB15734CD3A5B870B0C6C1F192FED5D8E7CAAC8E7E56F526D034D7D427E46D853EF3671456B695736BA4D986B89848CBB86D8FB9CF523E945734A7524EF136846296A787452868C36DEBD8D58B69BE6C04038ED4514A44970316755FC6B73425DDB0FF9E68A29D34AE26761A5EDDA1883CE2BA2B42582E71C0A28AF569A39D9A169FBC0A7A0DA723D71597E23850DA865183CFE868A2BB296E61511CF094C72F1D8E3F41FE35279842E4F34515D68E634BC37A9496B722DC02D04EC03293C835B3ABDA2E3231F3A861ED45158E222B92E694BE233EC6EA4B393862E8A7EE93DFD4574CCE2EAD8453A070E99048E40228A2BE7B1514ACD1EAD26723E2CD1E2B49CB46C319C6315CDCB02863D0D145453D6013D1E8316DD33BB1C9EDDA982D2123919C76228A2B4693445D8D3676CADC46327D0539608D0F1907DA8A2AA9C524C5714AAAF6A1B800FBE28A286248DFD0F41599A29669432905B6638E2B5F5DFB3E95245F6787F7CCB846CF09C71C5145714E4DCECCEA8A4A3A1C27882F2E9AF9CBCBB9DF92D8EA7B93451456E91CCDBB9FFD9, '', '4', '3', null, null);
INSERT INTO `menu_item` VALUES ('31', '2015-08-19 21:10:20', 'MICHELOB GOLDEN', null, '0', '2', '0', '', null, '', '1', '3', null, null);
INSERT INTO `menu_item` VALUES ('32', '2015-08-19 21:10:20', 'MNT DEW', null, '0', '1', '0', '', 0xFFD8FFE100C945786966000049492A000800000007001201030001000000010000001A01050001000000620000001B010500010000006A00000028010300010000000200000031010200150000007200000032010200140000008700000069870400010000009B000000C3C4C5C64800000001000000480000000100000050686F746F46696C7472652053747564696F205800323031343A30363A32312031363A33343A353600030000900700040000003032313002A0030001000000E100000003A0030001000000E1000000FFDB00430001010101010101010101010101020203020202020204030302030504050505040404050607060505070604040609060708080808080506090A09080A07080808FFDB00430101010102020204020204080504050808080808080808080808080808080808080808080808080808080808080808080808080808080808080808080808080808FFC000110800E100E103012200021101031101FFC4001F0000010501010101010100000000000000000102030405060708090A0BFFC400B5100002010303020403050504040000017D01020300041105122131410613516107227114328191A1082342B1C11552D1F02433627282090A161718191A25262728292A3435363738393A434445464748494A535455565758595A636465666768696A737475767778797A838485868788898A92939495969798999AA2A3A4A5A6A7A8A9AAB2B3B4B5B6B7B8B9BAC2C3C4C5C6C7C8C9CAD2D3D4D5D6D7D8D9DAE1E2E3E4E5E6E7E8E9EAF1F2F3F4F5F6F7F8F9FAFFC4001F0100030101010101010101010000000000000102030405060708090A0BFFC400B51100020102040403040705040400010277000102031104052131061241510761711322328108144291A1B1C109233352F0156272D10A162434E125F11718191A262728292A35363738393A434445464748494A535455565758595A636465666768696A737475767778797A82838485868788898A92939495969798999AA2A3A4A5A6A7A8A9AAB2B3B4B5B6B7B8B9BAC2C3C4C5C6C7C8C9CAD2D3D4D5D6D7D8D9DAE2E3E4E5E6E7E8E9EAF2F3F4F5F6F7F8F9FAFFDA000C03010002110311003F00FEFE28A28A0028A28A0028A28A0028A28A002B0355D734BD2F4DBFD4F53D434ED2F4EB700DC5CDCDC882041EA653C0AF8EBF6DEFDBABE107EC3DF0D878DFE22DF26ABE24BB05340F0F5A30375AD5C7230383E5C5EB29E3EB5FC7D7ED33FF00051CFDA5BF6A8D44789FE22F89F54F09F803ED98D27C0DE1EFF3FBD97FEBAD714F1ABDA7B282BC8C3115FD9ABD8FEBF7C53FB72FC234D597C31E0474F1F78981CEDFB4F9169D3FE7A88E597FEFDC46B37C6BF1EB51F0C7877FE12AF8B3F193C2DF047C2DCFFA65D7D8F48B53FF006F77D2CDE77FDB2F2ABF90ED1FE387FC2A0D374CFF0085B5FB46695FB11E9577FF001E9E1DF046950F8CFE286B9FF6F72C5FD9FA2FFE429ABDCBE12E83F0D7E26EA27C77F057FE0983AA7C6FF14E4FFC5C5FDA93C5579E2BD52F87FCF7FB25D79DE51FFA65E5579F5316E2EF52A28AED15CDF8DD47F14FC8E0A78B9495EC7DD3F1EBFE0ACFFB0BC3A56A5A3F857F6D8D47E29F898741E11B9F1278907E5A5C535A57E2E7C42FDAF753F1CEA6354F0D7863F6A8F16695FF006255E7D97FF26A586BF513C793FF00C14C7FB37FE117F0DFC50F007ECF7E15FF00A047C3DF0AD9E93F61FF00AE3345179B5F06788FF618FDA17C73A97F6A7C48F8F1F153C59AADDFFD05B5F9A7FF00D1B5CF2CC708FDE777EAD2FC1276FBC974A4DB723ADFD98FE34F8E74CF12699FDA5FB39FED7BAB7FDC8135FF00FE8A966AFE807E1BFEDA5FB3D697A6E99A678DB4BFDA4FE13FFD3E6ADF0DBC61A15AFF00DB7BCFB0C317FE45AFC3DF833FB1378E7C0DA96998F1E78AB493FF003F769755FB81F0BBC19F127C39A6698BE1EFDA7BE296963FE9F2EA6BFF00FC832CBE5572E2335C3C5DA3CC9F93FF008074E128CEF647D8BF0E3F683F863F13B4E3A97C04FDA2FC27F1105A737567A56BD67AEFFDFF008BFE3EA2ADDBEFDAF3C33E04D4CE9DF159534DD3472BAC69A49B607FE9B4473E4FD04B2D7C01F1ABE1A7C4BF1187D4FE22FC1DFD9BFF006C5FB3126D2F2F3418ACB5EB0FFA6F05DC7E5793FF005D6197CDAFCDAF1B7C62F867A9EA5A9F80F52F1E7C54F87BAADA7FCCA3F136EA6D77EC3FF5C75797C9D6E28BFEBAFDAE1ACA9E6F77FBAAB6B749A7FF00A52BC7F13B65CF1F8A3A791FD60F82BC77E06F88FA39F11F827C4BA378A7476181736971B80E39C8EA95DDD7F0F5E12F8A3F1BFF0066AF111F8C3FB3978EB537D1ED7FE42F646EBED1687FEBF61FF9E5FF004D6BFA66FF00827F7FC143BE19FEDC3E0C274D54F09FC51D2C6DD5FC3E7A8F49A13DE2AFA1C3663CF2F67515A5F79146B29ABA3F47E8A28AF4CD428A28A0028A28A0028A28A0028A28A0028A28A0028A28A0028A28A002BC87E33FC5CF0BFC12F857E37F8A1E33BF4D2F44D1AC2E2F677F68C1E9F90AF5EAFC2EFF0082ECEADE26D53F66DF0DFC19F0E6ACBA5C9E35D6ADB4563FF5D6EED61FE53CB5C199E21D2A129C77FF0037603F9B4F89BF133C4DFB6878D7E267EDB7FB47EA9AA691F0AACEF6E6CFC3B67F6AFB3FDBADA2FF0053041FF3CA2FF9EB2D7E78F80F5CFDA17F6D1F8B5FF081FEC97A5FFC227E15FF008F3BBF177D93FD1743B6FF009E1A5C32FF00AAFF00AED2FEFBFF0044D7D0FF00F05028353F8BFF001FBE19FF00C139FE09FF00C4A7C01E13B2B6B3D5BEC9FF003F32FF00F6AFDF4B5FB61F067F657F0CFC0DF827E19F80FE09FF00894FF6B59FDB3C597769FF001F5FD9917FCB0F3BFE9AFF00E8E96BE2F0F8EE48733EBB27F9CBBB67355A49EE7C3DF007F611F037C33D4FFE2D2EA9FF000967C54FF98B7C45D5AD3FB5AEBED3FF002DBEC5E6FEEBFF00214BFF005C6BF53B4DFD90BC0DFD9BA67FC2ECF8C9F1FBC59FF5F7F12AF342B5FF00C04D1E5B4B4FFC855F437827C1DA678674DD334BD374B1A4FF00D3A5A7FCB8FF00D30AEDEF3AD73D5AF396EFF04FF32541753E53D1FF0067AFD9E869DFDA9F04FE287C69FF0044FF00A04FC54D6356B5FF00C8B7D3455DB7F6AE99E19FF895F89354D2BFB57FE9EEEA1B7FFED52D725F1E3C0FA9FC4CF86FE26F0BFC25F1E7FC2A8D5756B3FB1FFC247E1EB5B3FB57FDB1F37FD6CBFF00DB6BF25F5EFF008250FED0BFB42FF66785FF00E17C7FC225AADA7FA67887FE121B4FEDDFF84ABCAFF8F49FF7B73E6C52C5E75DC3E57EF61FDED73E1A70AD57D9F3DBA6DAFDD7FD4DD5276BB3F657C37E3FF0CEA78FF895F8ABFF00055F6FB5FF00C91F3ABD6B4DF1C69871FF00134D57FF0005579FFC6ABF1F3C13FB16FED0BFB33F82753F0BF86F54FD95FE217C54B4FF0097CB4F86B0E85AA58FFCF19E7D46C6E6197508BFE994BFF7E66AF63F89DF1A7E2FFC33FD92F53F8C9FF081EABFF0BFAD3ECDE1BFF841749F3AFED6FBC4B2DE450C3E47FD3AFEFA1BBFFAE35CB8C73A52E4A2B995ED7DBFCCD69415AED9FA65A97C70F0378674DFED4D4FC77E15F09FFD85B5586C3FF46D7CDFF1CBE1CFC20FDAAFC13FD97A91F0AFC42D2BFE5D2F2D2EBFE3C7FE9BD95DDACBE6DACBFF005CA5AFCD6D3743FF0082986A7E36F841E28D4B4BFF008955DD95CDE788748FF85A9F60FF0049FF0096304F345A1F9517FDB2B597FE9B79D5D6FC07F865E06FDA134DF8BFE3DD4BC07E2AF821FB49F823C4B73A3EADABE93E4E93E28FB37FAEB49E7BBB08A18B50F36DBFE7AC5E4CD345FEA61AE9708C55EA495FCAEFF3486E325F09F9E3F1834AFDA17FE09EBF123C33E3CFF849F55F885F05BED9F63B4D5FF73F6AB1F37FE5C6F7FE594B14BFF7E66FFA652D7D43E1CF1C697F08751F843FF052BFD933531A57850DE5B597C42F0E5A7FC7AD979BFEBA7861FF009E5FF4C7FE58CDE557EB978C3E0EE99F133E12F89BC07F1207FC2C2D2AEECFEC7AB5DFD96183EDD6D2FF00CB7F262FF96BFF002DABF01FF61BF0E6A7F087F690F8E5FB11F893FE440F1BE8DAE68FFF005E3A9DAFF9F37FEFD574C7189A493B58CD46C9B3FD023E1878F74BF897F0EFC27E3CD2820D3354B45BB407B7AFFE3E0D7A557E5F7FC12DBC7FA76A5FB377813C07A8EA2ADE29D2346D34FD94FF0005B49656DCFF00DFDF3ABF506BEFB2EC47B5A31A8F76B5F5EA119A96C145145769414514500145145001451450014514500145145001451450015F835FF052FF0088FE05F891E36F86BF0C74CD446A1AA787F58B4BBBBB85C6D1722F2DA686118FFA696421FF00AEB723A57E907EDB5F1ECFECEFFB3BF8DFC6F6F7F0C7E27BA3FD95A26783F6A981008C778A312CBF488D7F109F16BE3F7FC233A97FC251E24D53FB5BFD37FD2FED777E47DBBCDFFA6DFF002CABF39E32E2C861AB430295DCB57E48FCF38BF8E69E5D89A5864AF27ACBCA3FF07F436FF65DF0E67FE0AADF17FF00E124FF0090ADDF89B5CBCB4FFC03FDCFFE439A6FFBFB5FD09EB1A5FF00C4CB4CD53AFF00CC1FFEBC7CD862F27FF22C30C5FF006D6BF9D2D7B5CD4BC4DF167E10FED69F0509F1678FED2F3FE26BF641FE95E2AB6F262FF4E8618BFD6EA117D8ED22BBD3FF00D74D0F9B343E6FFA987FA00F863F18BC0BF1CBC11FF09E786FFB2B56D2AEFF00D0F56D22EFFE5C7FE7B413FF009FDF57989A518A7B5959F73EF29D48D58A9C1DE2CF6CB3BEE2AB6A5C69BFD978AF258755D4F4CF4C7FD3DFEE2EBFEDBF9BFEB7FEBAFF00E4696B1351F89BA9E7FF00B93FFBA6AE52B88F857C37AE7C72FD9EBF690D4FE17FC5AFED5D5BF657F166B373E24F0F6AFF00649A7FF841F539669669A0F3A2FF00556BE679D2FEF62961F265FF00AED5EC7FB4B58EA7A9EA5A678F3C13F14355D5B4AFB15CD9DDF8BBC11F63F12DAFD9A5F2BFE5EEC353B4BB8BFD4C3FF2CABE87D4EFBFE126D37FE457D5756FF3FF003DA5FDD57CF1F153F61FF841FB42FF00C4CFE24780F4AFED5FF97BBCD27F7F757DFF005DAF2EA2F365FF00BF549C29CA51738276DDABAFBEDB9D14AA250706FA9E5DF067E3F7ECCFF0CF52F136A9A97C51F1FEADE2ABBFF8FBFED6F056B105AFDA65F2BCE9FF00E3DA6F365FDCC30F9D2CB2FEE62FDCF935F43CDFB467ECCFE26D374CFED2F8A1E01D27FB26F7FB62D3FB5AEE6B0FF49F26587CF9BED5E4FF00CF69ABE679BFE091BFB20EA7FF0012BFF845FC7FA4FF00DCC1FF00DAABCB7C49FF000462F81BE26FF9127E3C7ED51F0F755FFA84F8AA183FF45450D6AF0D879B49C9AFBBFF0091146AC9F6FB8FD20B3FDA4FF67AD4F53FF896FC64F857AB6ABFF2E96769AFD9CF75FF007E6297CDAF977F69CFDADBC33F0CF52D33C07F097C2FAAEADFB49FC4DBDB6F07E9367FD957961F61B5FDEFFA74DF6A8A197CA8A39AF26AF976CFFE090BA9F867FB4F4BD37F6C7F8FDFD9577FF1F767F6ABCB0FB77FD76FB2DF7952FF00DFAAFA27F669FF008266FC0EFD99FC6BA97C4FF0513FF09F6AB666D2EB56B4D2BFD2BFF02EEA59BFD6FF00D72AC2A53A7777936BA6DFA22E32B1FA4FA6EABFF213D2F4DFF974B2B6FF00C8BFEA7FF44D7E03E83AAE99A9FEDF9F133E327FCD2BF09DE6A7AC5DDE5A7FC7D7DA6EA196186087FE9ADDF9DA77930FFD358ABF4CBE3F7C62F0C7C33F04EA7F0BFE1BEA9FD93E2ABBFF0090B6AFFBEB8FB0F9BFEBBF7DFEB6EB55FF00A65FF2C7FE5B7955FCEDFED65FB45F86BF669F0E6A5E02F0CEA9FD95F102F2F7FB62EACFED5E7DD687E6C3E4FF006AEA9E57FCC57ECDFE896917FCBA43FF007FA5AC260EA4E5172F85796FE87362B1D4F0F4A53A9B1FA85F06FF00E0A643E07FED1DE07D4B4FD4F4965FB65CFF006B59FDAFFD17F7B37933410FFD32FF005DE54BFF005CABFB66F87BE3BF0DFC4BF067877C77E0DD41353F0C6AB682EECDF1F794FF00935FE3A9F0B7E25EA9F12BC49E25FECF046A96B65F6CB3B4FF00A76B5FFED5E74DFF006CABFBEEFF008372FF006D193E307C32F1DFECE9E21D55755D57C3D8D634A27F86D72219A2CFB49E51FAC9257D36538A8D3C54F0F1F2BAF36AE9AF27AD9F5B1F0F91E71378B9529E919FE0FCBD4FE9FE8A28AFB13EFC28A28A0028A28A0028A28A0028A28A0028A28A0028A28A00FE6E3FE0BB3F12546A9F04FE1A2F4B7B4D4B5ABAFA4B20821FFD11357F0B1FB6B7C6E6D4F52FF84134ED4C95B4FF008FBFFE315FD757FC1CB5E26D4FE1BF887C35E3BD388DE3C06CB6E074062BD97FF8FD7F9FBDD6ABA8789BC44C181DDFF2F26BF9AF33CBEAE27883155EAFC30692FF00C051FCBDC49829D7CFF135EA7C30697C9453FD4FAD7F672FDA9FE25FECCFA6EA1A9E478B3C037777FE99E1DBC3FE8B7BFF004DA19BFE594BFF004D6BFA44FD917F6EEF841F1CB53FED4F0578F355F09FC54FF97BB3BBF27FB52FBFE985EDA4BFBAD562FF00A6DFEBA1AFE55BC460EA7FD95E16CE3ECB5C943F0CF54246A7E1C66D33531D857DCE5B384A87BCED7D7CADE87A9C2DC7BF53A7FED2D462DDD27B5AF65F91FE91FE03F1C7FC24DD3FB2B55D57FEA13E74FF00F9292C5F6B8BFEFD793FF4DABB6FED5D306A5FFA575FC0AFC1FF00DBA7F6F6FD9EF4EC2EAFAA7C42F0AE9367F6B367E23B5FED5B616DE6C70FFAEFF5B17FAE87FE5AD7E9C7C2FF00F8387F533A7697A57C5BF83BAA6A6B6A71BB4AD561BF03FEB8D9EA7179517FDFDADFDD6FDDDBCADF9368FD8701C6197E222A50968FAAB35F7A67F565FDA9EFFF0093544DAE57F3CB67FF0005C5FD90BC4A34D3E24F147C68F87A47FD403FF9065F2AB2F52FF82A87EC83A97FC837F6DCF8A9A4E95FF3E7FF000855E4FF00FA3629AB47854F795BE4FF00C8EFFED9C3BD54958FE897FB5753FF00B04FF9FF00AE5589378E34CD33FE267FDA9FF5F75FCF1DA7FC155FF641D2FF00E427F1E3F693F885FF004E969A55E587FF0019AF5CF0AFFC16BFE1AE9BA97F65FC01FD92BFB57C55D2D358F10DAD9DBDC8FF00B6D17DAEEAB9EBC28D25CD52A597A3FD6C7939C71D65781A6EA632B46096AEED7E87EEDE8F36A7E261FF00144F85FC55E2CFFA7BB4B5FF0045FF00B6D792FEEA2FFB6B2D7CF1FB457C4DF037C20F0DEA7AA7C5AF8C9E15F84FE15FF97BFEC9BAFF004ABEFF00A61FDA3FF2CBFEDD3CDFFAED5F0278BBE3BFFC150BF6AAF05EA5AA7877C51A57C3DD273FE8BFD9369FE95FF7F6EBCDFF00D155F9E9AB7FC12D7E2F7C5AF1B483E367C4FD5FC5DF14357FB48D2ACEEF54FB7EA97F73143E7793FBC93F75E6F93379517FCF5F2FF755F278AE39CA284B9613E6974EAFE4BABF2EA7E13C41F4B3E17A128D0C239559CDA8C6D1766DB4925A6ACF08FDAB7FE0AD3E192353F01FEC75E181A3AFFC79FF00C25F796BFE95F66FFA72865FF55FF5D65FFBF35F83BE289BC49A96A7A96A9E24D4F557D4EE8E49BABAF3C9FF00AED37FCB596BEE9F891E00F0B78187F67786F4D00E7FE3E6EABE19F1AD7AF957152C5CB9A8EDDDE8FEE1643E2454CFDC6AC53507B5D6BF774333E19F8DF51F865F167C11E3AB02C0693ABDBDD9C0FF00977EB2FF00E43F36BFAE9FF821B4BAAFECFBFF000586F0EFC2DD2F03C2DE22D13545B3FF00B06CB652DE43FF00A27FF2157F1B5E57BD7F79FF00F0478F865FF09CFED85FF04E6FDA338FF4BF867A9D95DFFD7D5B59F93FFA2E186BBEAC1D2CCF0F8B8BF8D384BB5B9A2E0FD54A4D2F29CBAD9AFD1B0335F5CA3CBBFF00934CFEE428A28AFD78FD9028A28A0028A28A0028A28A0028A28A0028A28A0028A28A00FE69FF00E0E3AF82A3E237ECFF00E03F14C5C28FED1F0E5C9FFAF9804D0FFE889ABFCCEE0B1D4BC11A9EA0BAA646A56A7FD2AD7D3CBAFF005A3FF82D2DB697A97EC5BAC695A9000DD6AF68B67FF5F1CFFED3F3ABFCDE7F6B7F835A7788FC39A578A7C35FF23583F65BAFFA7E3FBCFF00C8BC57E1BC455E386CEE549FC15F92F6E8ECFF003B1FCF1C738FA582CE9D3ABFC3AEA29BECECF5F476D7B1F067827543A9E4F2753B935FAADF037E0BFF00C273FD9E34FC927F9D7E35E91FDA9E1AD4F1E22D38E986BF737F616F8E1A669BA969CBE23D30F8A34ACF233E4DC578DC76EB52A1ED68ABB8EBF2F2EE7F30FD26E866385CAA78CCAB5B75E9F7F91FBEDFB17FEC11E1BD4FE017ED2BAA788FC3240D52CED7481F6AB5E96F6B2C579363FEDA8B3FFBF55F12FED45FF04A3F81FA6E3FB3FC33A59D53DED7C8FF00D175FD577ECD31787753F82DE08D28697A9E963C43A35C6B005D7939FF004A31CC7FD57FD329AD2BF17BE38F89F4FF0013FC46D5186A64817BFE8A6BF93B29E36C5433DC6D1C3D570B2A526AFD5A9C64BEF86E7F2D78DFC41997077096459AE1AB4DE26BC651935292D572D495D27D3DADB5FF00807F265F157F618D33C327FE41BA9E995F327FC289D334CC65753AFEA93F6B2F07F8634CF0DB657FB2F8FCABF9F8F1EC215BC51AA69E9FDA9A5D9F175762DBA193CCF2BCEFFBF35FBE70A788989C64396F768FD27C10F1BF3FCF284A8E26A49CA0ECFCDE9FE679A7C3CF00F81F4DD4BFE267A7115FB87FB27F8B3E10F823FB3BFE11BF01F85575407FE3EAEED7CFC7FDFDAFC03D37C555F7FF00ECC7E2AD4FFB4B49FF003DEBC7F112BD7545D7A927CAB723C7EE18C76332F962AA569A70D6DCCD2D176D9FCD33FAE0F857E38FF84E7C13A9E97FF12AFF00C8307FDF8862AFCE8F8A77DE26F0378934BF14786CFF00C555A4DEDB6B169F6BFF009F98A6F3A1AFAEBF65BF10786234D3F4FD4F52D374AD52E87D93173731427F003AD6778D3E0C7897E26FC78D47C11E0A5D37C55A55AF375747FE3D80F796BF94715C4D51D5A75A9DDAE6E5D3ABD0FE308637175F0B82C4507CF888D4E44A3672E6BF324926DECA5B267E437FC15CFE02E9BE370FFB597C16F0C9D2348D62CAD757F15E93B7A9B988635C822ED14B24FF00E9710FF5337EF7A4F5FCC5788EDFA915FE80DF133C01A6F86FE026A7E065F15E99ABF8EFC2B777169F622BFE882DAE7CD9A1B29E2FF96B14DBAEE1E7FE797FD72AFE27BF68AF84FA66A3E24D4FC4FF000A34BD5BFE158B5D8B4BCBDBBB5FF47D0F53E7CDB107A4B2C5279911F2BF75FF0090ABFA67C0AE31866B4EB61AA4D2AD42494AFF006A325784AFB376BC6566FDF8C9AD1C4FF4B3C16E3A58BC44F0989769A519C9EE97326ED2B37CAEE9C6CF5E74E36578A3E178B4CD47C49AAAF8634A56D4F54BAFF8F519AFF4B5FF0082537C3C5F84FF0019FF00634F82F2E0EA7E15F867AE7DB33FF3F3FE8D0CC7FEFEF9D17FDB2AFE34FF00E09DBF02BC13AB7C7DD27C4FE26D359BE1FF0081ACAE7C75E35D5AEFB69963179F2FFDFE3098ABFB15FF00825AF89751F127EDEBE183E267F2FC536BF049357D56D7FEA29AA5C8D4AEBFF22DECB5FD1583C7AAB985182D93E5F56E2E6D3F35ECE0FD2499FDAFC398775E8AC728BE4552304DE8DBB734A5E914A37FF123FAABA28A2BF633F500A28A2800A28A2800A28A2800A28A2800A28A2800A28A2803F317FE0AD5A5AEA5FB1678EFD6DAF2DAF3F01E60FEB5FE77DF1527FF008A6F53E4FF00A25E7F9FFD1D5FE935FF000510F0FF00FC251FB1E7C6ED2BBB58C07F2B88BFC6BFCD7BE29FFC83BC71FF005F9FFC6ABF08E33C3A59D29A7BAA6FF1923F9C3C6FC0DF1187AC96978FE1269FE67C29E2FF000EE9BA97FC4B352D30835E330784FC75E04D47FB57C141F53CF4FF0049F26E0D7D95F1174AFED2F04FC34F1EE9BC0BBB2FF846EEFF00EBE6C7CBF2BFF25A7B4FFBF52D78A1BDC75CD4D1C529C1CAD749CA2D3EF16E2FE575A3EA7E4B4F1F5B053787B2953959B8CB54D349EDD373FA58FD837FE0BA3E35F86FF103E117ECE5FB46F80B54D134CBCFB4E922EF56B3F2753B231431988F9A31E6F3079447959393CD61FC76FF008295FECAFA6FC5AF1C68FE1DB0F14F84FC53A5EAF7363739314E00DDFB99A1FC6BE07F893E22D4F4B4D27C7DA61D3355D5FC3FAD5B6B16BF6CFDFF00FCB6FF00E3861A67FC14A7F67EF843E3AF0E7C30FDAD3E1D781B4EFF00844BC55636D67A98B5B5F27EC371E566D2697CBFFA664DAFFDBAC75FC2D2C9724ADC4B85CCF150A943EB94E5876E13E68AAD46ACEB453E7DB9E35A6A3AB6DDCFC927C239271D70C53C066D4E70A785A9392519294A3293845F2CA7EF7238C20B91B95B97476B23CC7F6A2FDBED7E2631FECCF1E6ABAAA7A9AF86BE0CFC466F127897C6FE05D4EFF1A5F8D346B9D1C83DEE41FB65A7FE4CD9C35E257BF0BBC303181A867FEBE2A2D3FE19697A65F0D534DF12F88F4C6B53F6A0731647FE43C57F5EF046499465C953A3295B6F796BB5B73F4DE02E06E19C9308F0F839495FED4A37937DDB5BBFCC2C2F8E99A97F65E6BF6CFF00E09DBE1CF05F896FC6A9E24D4B4C54B6FF009FAB9C03FE35E0BFB6FF00FC1308FECCFE36D453C35E3DF13F8FB4B3656DE23D2AF8DAC507F6EE872FFCB787CAFF0096B149E6FEEABF3C3C3F6274C6CB78A7C5DFF811E57FE8BAF96F11387E8E6D84AD80C3623D9D58C9C5FBADD9AF2D347BC5DF55AF53C5F1678268E7D80AB9651C4BA5562F964F91BD5795D6924D34EFAA699FD9778AEDBF658D2D3FE127D53E2F6A7AB6A7F64FF43F0F680D15BDA8F7BCD42E4FEEA2FF00AE515795FC6DFF00828CFECF3F047C15E1DD2BE0E78E353D6BC4775A48B4F10E93E0BBA1701AE703226D725FDD7AFF00AAFF00BF55FCAD9D474D0D95D3F6FF00D7C8F3BFF4657597DA2F89B4CF05695E3CD4F4CD497C2BAB7DA6CF4ABABAE97DE4FF00ADF27FEB979D157E2795F8214DFB3A58DC4B718ED65C8E5A36D39394E4EE936D269BB6E8FE7FC87E8DB97E1DF35677764AF08BA6F7BBF7B9E725CCBDD928B8C796E925D3ED1B3FDABFE307C6DF8AFE233E23F133E8DE19D5349C8D2F48BA9BFE597FD37F68FCDAEE5FC2FE1BD3BC3DE1CF0D6AA58FC2EF16DA6A77B786D4F906CAEAC668E1BBF27FE5945FE8D3691357E6DFC33D49B4BF889E176CE73766CFFEFEC5243FD6BF72BF657F037C33F8E3E0DF0CF85BE23B6ABA67853E1EF8C752F891E36D6318B5B3F0CFF66DB79B6534BFF3D66B9B287F75FF004EBFF4DA2AFD2F039161B2FC5AA1868F24254B962969EFC649C12EB7E64926DEEF5D2ECFDEB83B822861F39A796E5B4943DA52E58A8A77738C928F77295BBBBBEE7BD7C06FD960FC0DFF0082677C5EF13EA1A501F157E315E69BE10B4CFF00C7D58E99A9EB16D670C1FF007EAF2696BF5A3FE0931A9E9BE28FF82B17ED85A9E99FF20CD27C33FD9167FF005EF14D6D08AF23F8CFF14F4CF8BDE1CFF82688D3B4B1E13D2FC59ACE9BF11FFB201CFD874CD1F419759F226FFAE52FF6752FFC1BB3A90F157ED85FB5EF8E4F02EF47B861FF006D35388FF4AFE8DCAB03EC333C3E114B9A5184E5376DE6DC1A97A3E69A8EF68A51DA27FA059864F3CAF07976555972CFDA56A8D7FDBD1A5BF94A84D1FD8AD14515FB11EA8514514005145140051451400514514005145140051451401F2D7ED8DA2A789BF653FDA2348E0B9F0BEA121FAC70997FF65AFF00329F8CD07F667893C73A5E2BFD4A3E30692BAAFC28F89DA5679BAF0F6A56A3FEDA5BB8FEB5FE5E5FB45407FE135F1C76FB5D7E6BC6F492AF4E7D6D6FFC9A3FE67E39E322A553054A128FBC9F35FCAF0DFEEFC4E0FE1AF83F53F895F053E3978134D247D92CED7C4BA4FF00D84EC2197CD83FEDAD97DB3FF016BE13867C9AFD5EFF00827BC247FC2DEF140FF994EF7C21E24FFB76FED2B9D1AEFF00ED9795E25F3BFED957C35FB58FC1C1F037E3F78F3C05A61C78585E7DB3483FF50CBAFDF423FED966587FED957E493CC2385E25AD94CDE95E92AF1F58C951AABE56A52B75E69BDD3BFE339E64A9E169D7ED75F8BB1F627842C3FE166697E18F0C7FCC57C4363A6DA7FDBCDD451FFED49ABE9AFD83BC47E18F8C1F0DFE26FEC47F16437FA50BABCD23FEBDA5FF008FB821FF00A6B15C7FA5C5FF006D7FE78D7C0FF033C7074B8BE1AF88CEA009D26F2D5F3FF5ED28FF00E335EF1FB7DF85753FD99BFE0A1DF1CFFE109D5354F0A7D93C65FF00098787AEFD2DAFA18B5387FED97FA64D0FFDB2AFC4F1FE197F6E6579965119F2548D55528CB55ECEAC79BD9C96F64DAE597F764EDAEABF1FF0D70D2CBEB636AADA35526BFBB3E6FF00E44FCE5F8DDF0AFC51F033E23F8DBE16F8D47FC4D347BCC6718FB6DB7FCB29E1FF00A652C662AF3ED0ADCEA5A89FED1D4FFB2C0B3B9C7FDB387FD4D7ED5FEDA9E1DD2BF6D3FD97BC2DFB637C3BB02BE3CF0A5A7F6478B347B5E716D1FEFA583FEDD7CEFB5C5FF4C6EA5AFC2AF3D7A57D0F85DC5F5738CB94B1B0F678CA3274ABC36E4AB0B297CA5F145ABA69A49DD33F52CC300A9BFDDEB196A99FD967C5AF867E26FDA17FE0977FB2B7C77D3327E297823C03A66B1FF4F57DA67D8E3875083FF20C377FF6CABF969F8EFF000CF4DF0DE3C79E1BE74BBAFF008FAB4FF9F2B893FE78FF00D32AFE983F664FF8280F818781FF00666FD937C35E185FF8555E2DB3BAF0DEADE39D58F91A6687A645A0F9D77630CB2FFADBA8A5FF005B2FFA987FEBAFFAAFCFFF00D8F3F613D4FF00684F0DEA1E3FF8D5AAAFC3CFD9674AFF004DD5BC45AADD9B7B6D6B4D88FF00AFF3BFE59587FD36FF005D37FCB2F2A2CCD5EB6719CBC63C167B84A72553109C274ADEFCA70767051FE6497A4229CA6E318CDC7D4E3BE1CA93CE30D89CA1A9B94546ADBE1F714756FBD9DBE47CD3FF0004E4FF008271F8DBF6CFF1B699A9F8834CD53C31F062D6F01BDBE23C8FB7795FEB6DE097F9CDF80FDEFF00AAF57FF82CD683E1BF86FF00123E11FC2FF05694DA5784BC3DE19BAB5D2ECC745B6FED1308FF00D22AFD26FD9DFF00E0A9BE1BD4BF6D6F81DFB277ECBDE02F0B784BF642BBBEFF00846BED777667FB535CFDCCBE55F41FF3EB179BE4F950F95FEA7FE78F9DE4C5F997FF0005C739FDA874BFFB029FFD3C6A75E6E7DC3F5A19DE518DC54EF5A52AFEEC5B70A6951D231D6D395AA7BF52CAEFDD85A0B5ECC5E170B0CB9BC3CB9A5CE949F4D1DF4F2F3EA7E48FC38F0AF89BC71F11FC0FE17F04E96755F155DDEDB0B5B51DCD7ED1FEDEDE2EF0DFEC8BF003C37FB00FC36D506ADF1575E16BE24F8C5AB5A03FF5DAD34BFA0FDCCDFF005CA3B4AFB93FE0959FB0DE9BFB2B7C24F12FEDB5F1FB4B0BE3DB4D1AE758B4B3BBFF00981E9B6D0F9C4FFD76FDCFF9FF0096BFCC078DFC6FE28F895E35F1278FBC65AB36B3E27D52FAE756D56F2E783797329CC87F535F6F858B9A8E63F6249AA5DDADA553D24EF08778734936A716BFD19FD9D5F47FC366B9E4F8AB328DD60B97D9A696B39EA9EB7D2115CDE52E57D0FEA63C47E306D3350F0CEAA31FD95F09FF00644D34FF00DC4F5C86DA1FFD21B3AFAB7FE0D87D3EFF004EF8B5FB4A8D5BFE42B69E1BB5B4B9FA8BCCFF004AFC94D4FC6C7C6FFB1D7ED33F18BC3B953F107C65E10F86FA4FDAFF00E5FB4CD1F4DB1B3FFDAD357EE9FF00C1BF5A7BB7ED1BFB5DEA7A869DFD8FA85DF87343BC92CB0A7EC93CB2CBE70F938FF5B0CB5FA270C66B2ADC4153DD7C8E2A0E5D9C129C57FDBF0AD16BD0FCDBC5C83A7C5EF052D1E1E14E0D5B69C97B4AABFEDDA9392F3DF43FAC6A28A2BF713C60A28A2800A28A2800A28A2800A28A2800A28A2800A28A280336FA05D46CEFAC49C161B6BFCC0BF6AED0FF00B33E2D789BFCFF00CB6AFF0050FAFF0036EFF82937873FE119FDA87E26697C7F655A78975CB3FF00C9C96BE078EE3EE537FE2FC93FD0FC8FC5E827828DFF00BDF927FA1E29FF0004A4F039F8BFF16BF685F8118E3C6FF03FC4BA3DA7FD7CF9D63E4CFF00F6CA4FDF5731FF00051DF0DEA9F137E12FECF5FB5A78774CD4C69377A2DB59EBF9B4FF008F1FB545E743E77FDB5FB645FF005D648ABDBFFE089DA79D37F6D86F1401FF001E7A2DCE907FEBE6FF00FD4FFE91CB5FB73A0FECA1F0D353D47F698FD8DFC49A59FF00857FE21D1B53FB27FD38FDAB528AF22F23FE9ADA4937EEBFEBD6BF9D7C579427C4391E330ADAA94ABCE8CBA24AB517369BF34A0FE4FB1F394B22789C0C1696A9292FBF58FDDA9FC687C2ED5B1E1CD5B3FF002ED75F9D7EF27FC1763C11FDA9A87EC5DFB4EE9B92DE22F010D1F55BBFFAF6863BCB4FFB6BE5EA777FF7EABF147C5BF07FC75FB3DFC49F8BFF00027E238FF8AB3C39AC5CE9177C717B8FF533C3FF004CA58FC99A2FFA652D7F4E9FB75781FF00E1777FC114FE10F8F08CEADE11F077847C5F69F58A18ECAEFF00F25A6BBFFBF55F6BC2B413CC71D15FDD97DCADFA9F93708E4B375F35C235EF72C656F3A6EFFE7E87E1EFFC13D7F693F0D7C0DF893E39F0C7C48D536F803C45A30E96B2DF7FC4CED7CDF260F263FF005BE6C734D1795FF2D7F755F57FEC6DFF00046C3F17FE24F897E27FC47F0CF8ABE1F7C011AC5CFF00C23FE1CD5BF71AA1B7F3BF7505F79727EEBFEB9452F9DFF3D7CAFF0096BEADFF00044AFD9E7C0FE371A97C4FF1BFC2FC78ABFE125B91A4EB1776B2FF00C8322B38BC9FB17FCF28BCD9E5FDF45FEB7FE7B57C65F14BFE0A7FFB4BF8EBF6D7F0478A4F8606ABE15F879E31B9B4F09FC2FF000FF9D0697F698BCCB387CEF2A3F36EEEBFFDD43E579B5F9B70FF000361B35E21C7E7587A93A142A4A342AA8B5CF525412BB8F2A6A946306A129C5CAACB965C9ECDDDBFA9CB70F4F0F84A5F5D7CCAF6497AA4FF0033F773F696FD963F655F869A7699F193F68ED28F857F66DF84F9FF00847ECBEC9E78BDB9B986DA1860834D8A3F2BFD643E543FF2C7F7BFF7EBF3F3E16FC43F1C7FC167FE34F893E056A722FECFBFB0E7826F74DF127FC235A473AA5E88BCD86286E2F3FE5ACB379D34B2CBFEAA1F2A2F2BCD97131F5EF8A9E0FF00DB43FE1D79FB7AFC50FDBA7543FF000B53C59FD99AC693E1DFB5FF00C8ABA645796DE4D8FD93FD55A7EF3F7BE57EF66FF9EDFBEF3ABE67FF008374E73FF0BB3F6961D7FE298D33FF004B25AFD6381FC30C9F87AAAC3E5D4DA555CE4DC9B724A739CDD38DFE0A4A5F6236BFDA6DEA7BF2F7B1D470AA3CB4EA5DB4F776BE8FC9D8F88BF647F0EE95E06FF82BAFC30F01786B3A5F85B48F8CB73A459DAFDABCFF00F46B6D46E618879BFF005CE1AFDE6F8EFF00B38FC0FF00F86A3F1BFEDDBFB4FF0089F4BD2BE0CFC3FB216769640737DA9C5A95CCC3C987FE5ACDFBE87C987FE7AD7E4B7EC5DFB377C5FF008E3FF0554F1CFC4EF86DA58D27C01F0FBE326B7E23F10F88AF066DBF75AC5C9FB0C3FF003D6EE58FFE597FDB5AE6BFE0B43FB47FC5DF89BFB5078E7E04F8926FEC4F85FE0ABC2348D26CDB16B7B712C11CA7549C7FCB5BA9A2B81FF5C864727CE965F9EE37E11C3E2FEAD8DC549F2509D4F7568AA73C527193DD474F792D64AF1BA4DDFF007EFA21FD1EEA71EE76F2CAD2F6585A52756A376BB845C55A29DD733938ABBD237D7B3FD68F8E3FB4C78E3E37FF00C126FC4DF13AC749D3349F157C56D64F83FC2BA3DA75B1B6B9D63EC71587FD35FF0042B29BFEDB4B2D7F321FB6AF85B4AF037ED61FB41F807C3A7FE294F0FF00892F3C3B663FE9DEDA6F207FE88AFDE9FD99D87C48F849FF000463F80AE9BB4C3E24F12FC46D549FE1B7D1E7BD3687FEFE4B38FC6BF33350FD9EB56FDAEBFE0A9DFB43FC3EF31B4CF0A1F893E2ED67C53AB8271A76896DA9CBE74FF88314317FD35962AFA4E20AAEAE169CEF6B28ABF45683937E49296BE87FA9FE086232DE13CC735A352D4B0947EB55E5DA34D57F614D7A47EAF2B6DEF4DAEB73ED7F0F780B54B0F84DFF0004ABFD98AC354D2B4AD6357373F126F0DD0987FADFB4EA717FAAFDEF9BF669ACFCAFFA6D1455FBC9FF0006FF00E857DA67C42FDA65B5675D4755B2B3B6F0E5D5F1FF0097B36DAC6AE33FAD7F37DF153E386A7E26FDBABE107C64D37C2FFD93F05BC3DE32B5F01F87AEFF00E5D7FD07ECD0DDC10FFD728EF218BFED957F4EDFF042EBE6D4FE35FF00C1464E9840D1ECFC536B676F9EF7066BE137FE45865ABF0FF092C442862D2B3752751DF47C9384A34935D24A1EC94BB38DB7BA5FE4AE238ABFB6F887199B495A55EACE7E8A4DC97E373FA51A28A2BF7E3EB428A28A0028A28A0028A28A0028A28A0028A28A0028A28A002BF805FF0082D3F8574ED33F6C3F8BBBFEFDDEB173787EB2C35FDFD57F0E3FF05F6D187873F6B3F136AA39FB51D12EFF0019228E0FE95F17C6F1FF006783FEF7E8CFCD3C53A2E5972B777F8C648FCA4FF826678A7FE107F8FDF1371FF2E979A1EB1FF80B7927FF001EAFEA47E305CE9BE06FDA3BE10F8EBFE411A45DD9DCDA5E5DFF009FFAEF5FC8E7EC7137F66FED69E26D2FFE615AB68D7567FF00A4D37FED19ABF5CFF6E2F8FDE25F8BDFF04E1F867FF08F789C9F8FBAB78C7FE14A5E0FF5174753F3A586EFFEFF004767E6FF00DBD57F23716E0F135F37C7D0C2B4AA279762A0E5A24A13F65526FB250836DFCBCCF1B28CD53C8A83DE76725FF6EF23FBDDF43E6FFDBBAE5BFE0A59FB40786355FD92BE18378A7C31A459FF0063FF00C2D1FF004CB0D33C536DFF003C3C996DBCDBAFB24BF6CF2A5B4F37CE865AFB5F4AFD8B34EF86BF0574AF1CFEDCDF18FC57F167E177C28F0D7F6B59F870793FD99A25B58C3E7620D222FDD4B75FF4D6EFED737FD72AF957F6E2FDA17C6FFB04FECBDFB3DFC1BF805E273F0F7C7FE211FF00217B4B5867BAB1F0D58C3143FB9F37FD54B2CB3432F9BFF5D6BE65F83FF117C71E38FF008243FC5FF0169DAA6ABE2AF8A9F137E385B780ED2EEEEEA6B8BABEB9BA87489A5F3A697FE99D94D5FA5709F0D55CFA8ACE7349CA14EBC54D5185E9FB924A50556717CF3BC5ABC53845DDA9C66EF27F131A94238DAD889C7F7B34DCBB792F3D75BF96DA9F5EFC0DFDBF3C75FB7BFC48F8E3FB267ECE3E16D33F665F006ADF0D35CFF847B57FB54DFDBDFDA7E75B4315F5EDE5AFFAAF2A29A6FDD45FF7FABF1B3F623F0E9F867FF0542F819E02FED41AB7FC23DF163FE11CFB60FDC7DB85B5E4967E77FDB5AF73FF0082135F16FDBA74C27FE5EBC1BAD8FF00D269BFF68D7C9DE3EF88BA97ECF5FF000520F899F1434BF0C0F16EA9E13F8DFADEAF69A4FF00CFF795AEDCF9507EEFFE7AD7EAF84C1D2C350A74A8C5429D3D128A518C526B4515A25E48F33EB12AB468E22AEB3536BD2D6D0FEC97FE0A95FF0028F1FDAB3FEC59FF00DAD157E0AFFC10FF00C487F6691FB4AFED61F1AB4C6F87FF00B368F0D5B68D67E2DBBFF97ED723BCFF008F1D2E1FF5B7F2F97E77FA9FF9E55F406B7F157C73E0AF877F1CFE3AFF00C15D9B3A8FC4CD2343D1BC13F03F4AB9361A9AE97637BF6C961B88464E9FA7CB2FD93CE96594CD37952F9BFBEFDCD7CADA07C0AFDADFFE0A97A578AFE327888693F057F65DF0568DA88F08595B5A9B7D0B4DFB2C0EDFD9BA2E9EA479A7F73896E79C739E408AB9F37CF546BC7EAF1E7AA97C36DAF7D5F64AE7F6B782FF0046EABC47529F15711D6FA864D49A8BAB2F8AACB6E4A31B37293F879ACD45B695DA68F2AF1A7FC147FE257893E337C36D33F6725D4BF67DF80BE1FF00185AEB7A4784B49BDFF49D6EE3ED9E74B7DACDE7FADD42EEEBFE5B79A4C3DB1D659787FF0082C5C247FC147BF699FF00AFED2FFF004CF655F02F80E227C6DE0A3EBAC5AFFE8F15F7DFFC1627FE5243FB4C7FD7F699FF00A66B2AFCA6AE635B1184A93AD2BBF691FF00D2647FB5DC3FE1DE4DC37C5D9765D92E1E34694705898FBA926D46BE12DCCF794AEE4DC9DDB726FA9FA31FF044DBDD5BE2E7C5A3E26D4D7668FF000A7E1ADB7817481FF4F3A9EB37579E7FFE965749FB4BD937EC63E07F8DFE19F040D2F54FDAEFE3BFC4AD4EEC1B4BAF3FEC36D73A9493DA419EF1456F3FDAE5FF00A6B2C35EA5FF0004A8B8F0E7ECB1FF0004F7F157C7AF1BEA9A5696DE22D6F53D62D4DD1F27FD1ADA1F27F7E7FE7945E4DDCBFF006D6BF107C6DFB4678E7E2FFED8FF00083E3C789491A4EADE26FB1F87BED775FF001E3A679DE4FEFA1FF9EB2F9DE74BFF00DA6B97892BD4C6605E57838A9CA9D3956ACDFC36E56E9D1D2FEF55E54A4BA5252BD9D4833FC71FA58F8952ABC6F9A64B974F930D39D3A33B7554A5CD28FA3AB2737E89799EFBA95F699E05F803A9FC07D4B3AB6ABF047E25DB6B1A4E7F71FDB9A1EA7E6F9DE77FDBCCD69FF815157F4DBFF06CC36A1A8FC36FDAE3C51AA90753BBD774AFB65D7ADD795732CBFACE2BF914FDAEB54D3352FDA43C743C37FF004EDFDADFF5F3159C50F91FF907FEFF0057F657FF0006D46863C3BFB387C7285BF8FC5D07E9663FC6BF47F0AF31AB8CCB7038EC57F16BD3A7377DF58733FC6FF79FCBBC3783FABE653A527AF3492D6FA26D2FC1DBE47F4B3451457EDA7EB214514500145145001451450014514500145145001451450015FC6CFF00C1C45E1DDDF1A74CD507FCBD786F4EBBFF00BF33CA3FA57F64D5FCB67FC1C49E1D0CBF0CFC5438CE8F75667EB14DE77FED6AF92E35A7CD82BF6947F3B7EA7C2F8894DBCB9B5D251FCEC7F1D7A07C473F033F690D2FE28EA1A5FF006AE9569C8B4B4FF9F696CE586BECFF00D8A3FB4BF6ACFDAD753F1469DFDABA47C2AD2759BAF187F645DFFCB878975387EC7E7FEEBFE99C334BFF006CABF3C3E36418F127FDB9D7ED8FEC4161A67EC5DFB0AFC5EFDA7FC460E93AB1D1AE7C49682EC7FCC4AEBF73A741FF00A27FF02ABF9E78EF863078A861A14D3FADE3610C2DD37FC0BCA75B4DBF84AA24DED2947B9F88E418D9D4C161E9BF860B9BD1DB95FE1F99F267EDEBA50FDA67C6DFB7B7C77D3727E167C11B2F0D7C37F09FFD7D7F6C5B43773FFE9C7FEFEC559BFF00048503E267C58F819F0733FF0012AF09F8CBC5DF15356FFC10D8E99A7FFE449AEFFEFDD7E90FC18FD8F7C49E26FF00823B6A3F073C3DA9695A5FC51F883676BE3CD5B56F105DFD9ED4DC49A95B5E79D7937FD32B6B287FEFD57E7BFC11F8FDFB2AFF00C13457E26B7C16F156A7FB607C7DF10590D1F55D58DAFF0064F83ACADA397221804BFE97743A73FF002DBCBFF9655FB662F1B4304D4AAB518D9597F923F57F0DBC13E27E2CCCE34320C2CAB4AC9CE495A11E66DAE79B6A31BAD757E973CFBFE088FE00F893E1AFDA3B4AFDA3B52F0B9D23F671F0F68FA9D9788BC71AB5D4361A0E8625B393FE5F2E7F752FEF7CAFDD455FBFFF00B2A6BDFF0004C2F8DDFB61FC4AF1F7ECE7A3F86BC53FB525E9FED8B9D62F2CEF40BFC7EE669F4BFB57EE62970479B2C3E579D9F7AFE5D7E36FC77FDAA3F697F059F13F8CB4EF142FC02F0F5DC16367A5787B41361E0EF0C93C436F0436B1FD9219707BFEF7AD7B3FFC11C754D434BFF828F7ECD074C27FD2EFF54B3B9F71269B735F1B82E3273C4D2C35387B8E495DEFAF6EDFA9FE8C603F676E0F26E0BCC734CEB1FEDB1F87A552A28D2B3A74E74E3CDCADCA3CF2BD927F0F7D55AFE15FB73FC65F12FED01FB587C6DF883AAEA8FABA3F88AF347D1F667FD074EB598C16B6F17D22841C7FCF4321EF5FB11F12BFE0A95E1CF871FB1F7ECF3FB28FECA563FF0009FF00C65BFF0086FA2F86F56D4ADECCDC5A68B7573A7450CD676708E6EAFF00CD9E6E80C30CD2FF00CB69BFD4FF003F9F18AD5ACFE2DFC4AD3BFB9E22D457F2BC9457F50FFB187C1CFD8D7FE09D3FB277C34FDBAFE366B2FAD7C52F11F876D759D26EEEED317366D750F9A34BD1ACFF00E7B795379534C7D66FF5511AF99E1C9E2EB57ACE94D43997BF27D237BBFBCFECCF1F32EE1BCAB20C9638EC1CF172A2E31C261A9DD2AB5BD9A508CEDF652BBDD6BCB7BC538BA7FB077FC13B7C11FB0FF86F49FDACFF006B43A5EABF19C5D5AD8F87BC3998A7FEC3D4AE668A1B483FE9AEA92CB37FDB1C7FDB68BC5FE337EC24DFB547FC1503F6A6F1D7C444D4B45FD9BFC27AC699FF00090EB3640EED72E8693644697647FE7B4B98871FEA44A3FE7AC54DF83FE32FDA57FE0A7BFB4FF827F68AF1BABFC26FD8CFE14F892D7C47696841FB28B8B69A29FEC507FCFD6A1308479B2FFCB2131FFA630CBCFF00FC159FFE0A5674CFED4F80DF04F53FEC9D5FFE62B77687FE407E6FFD72FF0097F97FF20FFD75AF3B8AB89B0F0A74B25C9E9AA98BA8EF4E2EF6B5B9675EAB5AC6941B4D5ECE6D28C536DF2FF05F8E1E38F12703E715B31C7E3215B3DC5E1E54EA4612BC306A752128D28249AE68A849EF7529A9B72B273F8A3FE0AA1FB6F69BF12F51D2FF00661F826BA5F857E14F87FECDA39B4B3FDC5AFF00A2FF00AAB087FE9D62F27F7BFF003DA6FF00AE35F9B7E2AF18E99FDA5F0834CF04EA9FF229E8D6DFE97FBEFF008F9FB64B34DFF912B5B45F83BA6FC60F803AAF8EBE1C697FF170BE1E9FF8AB2D2D78FEDCD0EEBCD9A2BE862FF9EB6B279D0CDE57FCB1F2ABC8741FF899E9BC697FF1E9FF002F7FF4EDFF00EF6BEB3C3FC1E0F0B83AF97D2939D78CE4ABB9A4A72A924A5CED2D129C5C654EDA469F2C125C9CABFCCEA98FA93A9EDE6EF295DB6DB6DB6EFAB7BBF33D8F4DBFD4F53D4B53D5351FF89B6AB777BF6CBBFF00AF997F7D5FDF77FC1BA9CFC05F8AFC7DDBED39BF1945CCA3FF0021B435FC08F83E0AFEFEBFE0DD7D34A7ECE5F16F54F97C9BBD634E36E7D0456621FF00DA35F779661B9B1B47915A30BE9E89452FBADF71F63C172954C629BD5D9FE363FA2CA28A2BF493F610A28A2800A28A2800A28A2800A28A2800A28A2800A28A2800AFE777FE0E09D2164F849F083535FBDF6CD4ADBF030C78AFE88ABF10BFE0BADE1C1A97EC9DE1CD48722CFC4A3FF22C328FE95F33C610BE5D57C95FEE699F29C710BE555BC95FEE699FC2543F09353F8BFF0016BE19F80F4DEB77FF001F7FF5ED17FAEFFC855FD2F1F8CFF03BE107C37F0BE97E24D33C2B8B4FF89B83E21FB1D85AD8DCFF00D309AE7FE7945FB9F36BF986F885AA6A7E18D37C31AA786FC51AAF84FF00E3E6CFED9697534175FF0090ABE28F14CFFDA9A97F69EA5FDABAB6ABFF003F777FE66AFE76CD38273CC76654731C1E3A187852A72A715EC95492729DE6E3CD2508CA5C9057B4F696DCC7F3664B9DC30D8449BF79392FBA4D1FDCC7ECD5FB53F863F697D43C4A7C13AB785757F0B5A1BAB2BBBBD27CEFF8F98BCAFF0096D2FF00ADFDDCFF00F2CABF86CBCB75FF0084C352D374D27FB3BEDD8FC3CDAFE9A3FE0863063E0A78E754C7FCBEEB979FFA435FCD1F81203AAF8D7C19A6723ED5AADA0FFBF93A8AF9BE1FAB8BAB4274719889D7953C457A6A73B733519412D22A314B5D231492E87FB43FB2E6B4E582CEB16DE8951F9E9599FD927FC15DF42D2FC33FF04E3F895E17F0E697A5695A4DA5EE87676967696A2DED6C7FE2656DFEA628EBF9B2FF008255DFB587FC142BF65672381E2651FF007F20947F857F467FF05B6F89DE08F0BFEC7BE36F8677FE2AD2A3F883AFEB5A63691A57DABFD2AF2DA2BC8A7967F27FE797970FFADAFC06FF008243FC18F1AFC5FF00DB83E116A3E1ED2F533E1BF095F8F126BD79FF002EF6169167CBCFFD7597C98BF1AFD5789A29E794614B5B726DEA7E89F45DACB0BE0BE718ACCAF085478A9734AEB994A84629A6D2E66E5EEA6B493B59F6F8B7F690B66B1FDA27E3AD89FE1F19EB2BFF0093737F857EADFEC4DFF04F0F899FB4D69FF0D3E327ED81E24F1EF847F65AD32C7EC5E1FB4D5AEE76BCD76D73FBAB1D3629BFE3D6C4F1998633FF002C872668BF4F7C57FB237FC13EBE1BFC7CF8B1FB58F8E0EA7E3F4B9D62EB565F0F7886E60B6F0BD8EA52CE679A7B89A41FBE8BCD3379511CC58940F2A50057C25F187F6CAFDA63FE0A59F16B51FD9CBF6281AA7F6591F64F10F8EB3358DAE87A67FCB5F23FE7D2D7FE9AFF00AE9BFE5957E2CB89E18CC44B01C33CB8CC4376728B6F0F4B5B7356A91BA934ECE3469B94E6D59F2A573F2DF1B7F68651A993E1F29E0A8378A708A9569475A72714A4A926AFCFBC5CF44937CA9B6A50EDFF006CBFDBC9B53D43C33FB127EC29A5697A56AD6A468D67FD93E4C1A6781EDBFE5AE25FF55F6BFF005BE6CDFF002C7F7BFF002DABF1A7F6D9FD8D4FECF1E0AF841E29D37C51AA78B3ED62E6CFC597775DB5393F7D0CF0FF00D3297F7D17FDB2FF00A6D58E3C1BA9FECFBF16BC47A6E98EA7C5DE0BF13DDD8FDABFE7F2E6C6F24873FF0090ABF76FE26F83FC31FB4BFC01D53C33C8D2FC57A37FA15DE3FE3CAE7314D14DFF006CA4F2ABF24E24E3FAFC19C4182AF19BAB87AF36B1556515ED2ACBE1D7A429534F9A8D2872C60A2F77A9FE547066328F124B1FF58BBC5C1DD36DB6EF7BEFAB6E7A377EA8FC1FFD883C47AAFC34F8B5FF000B8F4B3FF129D26F34DD1FC4367FF3FDA66A7791D9FF00E42B99AD2BADFDB6FF0066CD37F67AF8DA7FE109D2C697F0B3C43F69BCD26D3FE7C6E7CEFDF58FFDB2FDCF95FF004C65AED3FE09F1F05B53F899E24FDB93F673D4B4BFEC9F155DFC1BD72CFEC9FF003E3AE699A958CD0FFE4CC35FA49E3FF859A9FEDEFF00B1CF81FC4DE0ACEABF103FE11AB6F186943D6EA287FD2EC7FEDAFEFA1FFAEDE557EDFE2663ABE49C699466D85BBA38EBE16AA5AA77F7A9497F86529B52E91E65AA6D1E750CBDCA928A5ADDAF9AB1F873E1BFE86BFD0A7FE0DDBB11FF000C53A86A5EBACFD8FF00EFD443FF008F57F9EFFF0061F89BC33E24FF00845FC6DA5EA9E13D5AD3FE5D2EED7C8FF317FD35AFF431FF008378ED027EC2F799EFE28BA1FF0092F6F5FD2190558FD6E124EE9A76B59E9A7667D7F0451E5C6A8B567CAFF43F7B28A28AFD0CFD9028A28A0028A28A0028A28A0028A28A0028A28A0028A28A002BF28FFE0B1F16EFD8AFC4DFF616B5FF00D152D7EAE57E5E7FC15D7C317FE24FD867E263E9A3F7DA4DD5AEB04FB47301FF00B52BC6E22FF70ADFE16783C5349CF2DAF18EFC8FF2B9FE759F13BFE45BFF00AF4D66E6BE57F899A57F65F897531A6E7FB28FFA65A7FD7B4BFBE8ABEB1F8A93FF00C4B7C4DDBFE2735C1FED1DF0F1BC31E1CFD9DFC76B9FECAF10783B4CBD1F58BCC866FF00C8B04B5F9CE51351C2C2FD6565EAD5D7E47F1AD6A6FEAF525D1547F8BD3F1763F7E3FE08D763FD99FB26F897541CFF00A0F892F3FF0026E4FF00E335FCBBF84ACBC51A8F89349D2FC1DA76B7AAF89DEEC7F65AE90B34B746E3B791E57EF3CCAFEAFBFE0963FF00084F86FF00628F0CE9BE38D4DB4AD3358F0D7D93FD13FE3E8FDBE7B99BF71FF6CE68AB4B58FDA67F60AFF827BF873FB2FE13780FC03F09F55FB263ED9F65FB7F8A2F7FF475D7FDFD97C9AFE6AC0719E4D87A3529D7AFCD889E2717254A9C5D5AD2BE22695A9C2ED5E293BCDC23FDE3FD39FA257D29B2CF0DB22C72C561E588C4E21D2E58A6A31B42324F9DBBD9372DAD6D1DDAD2FF009E3F02FF00E08F9F1FBE37DFCBF1CBF6E2F89FAD7C14F09DE917B72DAC5D1BCF146B5FF01909F2A5E9FEB8F9DFF4C6BEE3F8DDFB5FFEC8BFF04E9F82CDF07FE03F86E4F0B3DE7274AB6BCCEBFE2BB9FF009EF7B37FCB28BFE9B4BFF6CA1FF9635F989E35FF008288FED57FB717C47F0DFC1DFD96F4C1E11D57C437BF62B4D5FC41796705D7FDB09A5FF45B0FF96DFEABCD9BFE795725FB6A7FC1273C51FB2A7ECBFA67C78F11FC4F6F8B1F1A6EFC4BA6DA78B307FE257616D73E6C3FB99A4FDEDD4BF69FB27EF65FFBF55F5586E15CF33D84A38E8BCBF04EFCF15252C5548F6A952378E1E32D39A14F9A69369CE3A37F9278D3F4A0E2FE3FA72A5889AA781A5B51A6B96946DB5D6F2FFB79BB3BF2F2AD17C8DE1DD5753FDAFBF6A0F86FE3EFDA30B6ABE13F10F8C74BB2BCD26D2F7C8FB16892DE79260865F3336A22FF00BFD2E6596BFB96F827F023E107ECF5E09FF840FE09F80FC2BF0FBC2BFF003E969FF2FD73FF003DE69A5FDECB2FFD3696BF835F0AE878BFF0B785FC34DFD97ABE08D2BFE9F2E628649A21FF005D65F27FEFE9AFEF4FE12FC45D37E2F7C37F869F143C39AA7F6AE97E21D1ADB58FFBFB0C5FFB53F755FAFF0085D8BA13A72C361A8AA54695952495AD08DD597A595FD4FE73F0873AFAE4EBFB58F54E0FAB49F2BFD1FE07F235FF000512F0B1F0C7EDD1FB4AE97F362EF5AB6D63FF0003ACEDAF0FFE449A5AFA87F611F1FF00FC24FF000E352F026A591AA787AF736BFF005ED2FF00AAFF00C89E6D657FC1657C39FD97FB63786BC53CEDF1078034CBC3FF005F314D730FFE8B861AF8D7F652F1E3F81BE3EF870EA59FECAD78FF00625DE3FE9AFF00AAFF00C89E557F177D233847EBB471D858ABCA0DD48F7BC6EDDBD63747E75C2B9CBC938F6AD36FF77526E0FF00EDE7A7DD2B1FAD9FB237C1CFF841BFE0A87A67C52D374CFF00894F8B7C03AE7F6B7FD38EA76D358FFE8D8FC9FF00BF52D7D47FB1BFC32F0D7ECF5F11F52F839E1BD47FB4F49B4D63C49F641FF3E56D2EA325E430FF00DB28BF75FF006CAAB7C1AF149F02FC48F0D789F5319D2F3F63BBC7FCFAC9FB9AADFB4AF8E07C0DF8F9E06F13E39D5BC65A1D9FFE074D14337FED6AF9AE08F11F30CE721E1F873272C163A8D39AEBCBCAD5393ECB93DA41BD6FCA9F92FE99E31C047033A78A5F0F3F37C9EFF91F8BFF00B5AF857FE259E25F0BF3FDADF0CBC65A9F86FF00EE077337FA27FE42FB257F655FF06FB613F604D26C9BA26B27FF0048EDBFC2BF95CFDB92CBC35E05FDA87F685D2BC49AA1D27C29E37F00DAEB1FF713B5FDCFFDFDFDCC55FD597FC100B42BDD37FE09F1E12D4F5423CED5758BB651EAB1450C1FCE192BFB53C31CBEB60334AF9672B8D2A5526E0ECEDC95146A595F7519B9C5768F2870D7BD8B4DFC51528BFF00B76565FF0092D8FDC3A28A2BFA34FD0828A28A0028A28A0028A28A0028A28A0028A28A0028A28A002BCC3E2E7C3BD23E2C7C35F1D7C33D7CAFF64EBFA4DCE9127FBB2C4467F0EBF857A7D151529A9C5C65B32670524E2F67A1FE571FB4FF00C2DF11FC24F88BF1BFE1978874D5D33C4FE1FF0012FD92EAD41C823D8D7E9AF83FF649F0D7ED2FFB137ECD1E171C78FAEFC03AE59787AEFF00E7C753FDEEA769FF00912F3C9AFD8FFF0082EEFF00C131F54F8C1E12F11FED67F013C3BA8EB7F102CACEDD3C59E1EB38371D72D61240BD8A3EF3C318C1FF00A659AFC71FD917E351D2FF0066FF00D9EFC2DA67FC4DB54F0FF8CBC35AC5AD9DA7FC7D7D9BFB63FB36EE0F27FEB9CD67FF007F6BF9A78EA8661859E172EC34B979F114F5B5FDC8C9546FA69CB0927DAE7F39BE1A865D5B194F171BD276947CD271B2F9DBEF691F849E35FDA6FF00698D33C13A5FC2FD47C55AA7C3DF0B7876CFFE11BFEC8D247D86E47D961F27F7F347FBDF37F73FF3D6BF55FE02FF00C1387F67BD33C3BE16F1F78D9B56F8D3AAEAD656DAC03AAFFA3E963CD87CEFF8F38BFD6FFDB6965FFAE35F25FF00C1557E1469FE05F8F9E24D4B4CC62EB5AD4B48BCF7B9B59BF7337FD7596CAF74EFCEBF5E3F644BD3E27FD96FF67BD4F8C7FC2356D69FF7EBF73FFB46BF983E933C518AE1DE13C2E3786A31C0BAF5674EB7B249394D29B779A49DF9A12F7B792B37BA4BE8FC2DC868D7CCF1143191E79415E37E9B74D55ECD3D6E7E37FED51E1CD47E197ED5FE251E0B0DE131A4B699AC7878D98F23FB1310C5345E445FF2CBCAB88A5AFE977E1F7C45F0D7FC1473F616F1CE9446963C57AB68D73E1BF10D991FF203D73C9FDCF93FF6D3C9962AFC0DFF008289DA696BF1AFC13A969DAA693AAFDB7C362D2EED6D2E7CF22E62BC97FD77FDB29E1FFBF5557FE09FFF00B5EC7FB2AFC7A8753F10EA6FA57C30F167D9F47F1267A58FFCF1BE1FF5CA49BFEFCCB2D7EA7E00716622BE558478BE6952C4D28A936A4DF324A2E4DDBAC95A4FD0FC9659EBC978BF19976215F0B5A4D4ACB45CDAA7E8AEEE7E42FC4ED5753D2FFE108FECD3A9E95E28B3BCFB5FBD9DCC55FD3E7FC1207F6A00750D47F675F1A03A41D56CAE7C47E15B4BB3FF001E375FF316D2A0FF00B69E75DC50FF00CF292BF053FE0A4163F0CD7F69FF008B43E1278E3C2FF107C0B77E27B9D66CEF7C3FAA437D6BFE95FBE9409A2FF9E52CD345FF006CEBED8F8A1F0FFC4BE093FB3D7C76F878FAAE8FE27D53E0CF823E29D99B5FF97CBAB1B3B2D3756F23FE9AC51C3A45D7E32D7ED386ABFD8B94D3C5D556F63392979C653E476F2BD9A7D1ABF4D6F87E9D6CB30FF59A11E6961E52BAEF172717F2D9A7DD23F427FE0B9967A6E95FF0CD1F14351CFF0065FF00C4F346BBC7FDBB4D0FFED6AFE6FF0058F8C5A593FF0012CF0AEAA327FE3EEEAEBC8FFD171D769FB5C7C69FDA53E387C46D3FC51FB47789F54D6354BCB2FED7F0F5A9FDC696BA6CB349E51B287FD54517EE7FF217EF6BE5EB3B13A97AD7B15384B2BC662E799D7873FB4B3D6F64AD65A268F378930180C5E6553349C2FCF6F8AEAD64B6B77FF23F53BE1BFEDEDFB5FF00C5FF001B7867E17F823C31F05F56F15EADFF0050ABCFFB6B3CDFE93FEAABF4EFFE0A947C4DFF000A97F641F13E9FAA9F166A9F6DB6B3BBD5C5AF91FF00133B6B3FDD7EE7FE597EF3ED75F0BFFC1246C7C37FDA5FB4213A5E97FDAD69FD9845E7FCBD1B697ED3FB8FFA6517990C5537ED8FFB65E97E39D38FC07F86BFD97E2CF0A5A6B3FDB177ABFF00AF3F698A1961FF0042FF00BFDFEB7FE5B7EEABF93B21865B4BC40C470BE4B95469E168D384A75229AE5A8D2AB4E6DAB7BB67C918EAF5725A2697EA7C475F178CC920F1359CD6213B6DEE38B56D91B5FB4E78E3C4DFB727EDD5A6780FE12E97FF000961B4BDB6F01F84FEC9FF002FD75E77EFA7FF00AE5E6F9DFF006C628ABFD19BF65AF815A17ECD7FB3C7C21F815E1A659B4EF0EE8B069EF720FF00C7EDC8199A723FE9AC8D2CBFF02AFE777FE0807FF04A0BFF00817A3E9DFB6C7ED05E171A3FC51D66CFCBF04F87EF6D7171A0E9B2E07DBA78BFE595DCD19031FF002CA238AFEAC2BFBDF26A1395EBD45672DBC91FA7F0965B5631962B10AD39F4EC828A28AF78FB20A28A2800A28A2800A28A2800A28A2800A28A2800A28A2800A28A2800AFE653FE0A31FF000454D7FC41F10DFF006B7FF827CEBBA47C29F8F2974350D63C2D78B8D2BC513473453068CF4865F3208898F812E0F4AFE9AE8AE2C6E0215D253DD6CF4D3EF4CE0CC72CA38AA7ECEB2BAFCBCD799FE579FB5CFC5BF8E7E27D4FE38FC30FDB5FC06DF0F7E3E8BDD3358D2B1A4FD87FD26D61FB1F91E4FF00CF296DBFE5AFFD328ABF3EE5F1F7C4D3E1AD37C09FF09DF8FBFE113B4FF8F4D22D3569BECBFF007E62FDD57FAC6FED4FFB13FECD3FB68F8264F027ED17F0C3C37E3BD3B6FF00A25D3A795A8D81F582EC7EF633F435FCB27ED4DFF06AE6A3609A96B3FB1DFC747D434AEBFF0008DF8BC7FA563FE7841A945C1FFB6B157E6DFEAAC70952AD49D1552139FB4F853B4EC93928EAD376BFBBF69C9AE5BB47E1DC53E1F66CA6EAE0AA73E9DF964F56DDF5D5EBBFE07F14F79E1CC715CE7F6157ECA7C65FF82397FC142BE077CDE24FD9D3C7FABE97FF003F9A4986FED7FF00214BE6FF00E42AF88757FD9F3E2F7865B3E23F835F1994FBF852F201FF007F7CAAEBADC51429C6F56E9F669A7F733F2E9E5D9A61AD0AD4A49FF85FF91F2EC500C6A3C67FE7D7FD16BFB06F0CFC18FF00849BF63AFF008268F8A351D4FF00B27C55E08D1ADBED769F65E6F6DAEB41B9B39ACBFF00493FEFD57F34DE04F855E24D47E2378234AF117C1EF883A57854EB36A3561FD9378336BE77EFBFE59FFCF3AFEB5BC29AEEA7E39F82BE26F0BE9BA5EADAB6A9697B8B5B416BFF006DBF71FF0091ABF02F1978EEB6372FC470EE5B0BCF1185C43BD9B778AA768A5AABCA0EA455FADADB9FA67036515EBE031756716B44926B7EADDBFADCF02FDA3FF61BFD9F3E37FEC53F0D4EA3AAEABF0ECFC3DB3365A4F88C7EFEEAC6D65BCFF51343FF002D6D3CC9E297FF006B455FCCF7C6CF82DE28FD9EFE23EAFF000BFC6C34DF32D3FD32D6F2D3FE3DAF6D65FF00553C35FDB0FC17FD98FF00681F88FF00097E267C1DF147C0BF1E47E13F1159DCD9837B6DF66FF46BA87C99BF7D2FE34BF0DFFE0DD987E25F873E1069BFB68FC544F16C9E15B336483C3DE75B5D6A36D27582EE6F339FF530F228E10A5C558EC0E59887097B3A94546B466945D3A94D72AA8B99297BEA369C7BBE68ABF37377E6DC073CCB054A31A7C955463ABD1369F2C9496FB6A9ABDB556D6E7F195FB33E95FB437C48F12F8E7E0D7ECC3E05F14F8B3C57E36B2B5D1EF06936BFE922D6296438F37FE5979BFF003D6BFB4AFF00824AFF00C1BE9E1CFD99B53F0D7ED0BFB5F37857E20FC6EB3FF4DD2FC3D683CFD2F42B9ED34C4F175347D013C7F2AFDEFF00D997F634FD9AFF00645F0D2F85FE007C2BF0A7C3ED34AE249ED6DD4DCDCE7BB4BD4D7D635FD25C39C1B4706DD6A915ED256E6696EE29462DBDE568A5157D92B1F71C31C0B1C0C21F589BA928691FE58EB7B25EAC28A28AFB63EF828A28A0028A28A0028A28A0028A28A0028A28A0028A28A0028A28A0028A28A0028A28A0028A28A002BE04F8F1FF00212D4A8A2BCBCDBF8407C73A4FFC84B54FFAFDAFD44F829FF20DFC68A2BC1C83AFC8CE99EFB451457D91A0514514005145140051451400514514005145140051451401FFD9, '', '3', '3', null, null);
INSERT INTO `menu_item` VALUES ('33', '2015-08-19 21:10:20', 'MOZZARELLA STICK', null, '0', '0', '0', '', 0xFFD8FFE100C945786966000049492A000800000007001201030001000000010000001A01050001000000620000001B010500010000006A00000028010300010000000200000031010200150000007200000032010200140000008700000069870400010000009B000000000000004800000001000000480000000100000050686F746F46696C7472652053747564696F205800323031343A30363A32312031383A31343A353400030000900700040000003032313002A0030001000000C800000003A0030001000000E1000000FFDB0043000402030303020403030304040404050906050505050B080806090D0B0D0D0D0B0C0C0E1014110E0F130F0C0C1218121315161717170E11191B19161A14161716FFDB0043010404040505050A06060A160F0C0F1616161616161616161616161616161616161616161616161616161616161616161616161616161616161616161616161616FFC000110800E100C803012200021101031101FFC4001F0000010501010101010100000000000000000102030405060708090A0BFFC400B5100002010303020403050504040000017D01020300041105122131410613516107227114328191A1082342B1C11552D1F02433627282090A161718191A25262728292A3435363738393A434445464748494A535455565758595A636465666768696A737475767778797A838485868788898A92939495969798999AA2A3A4A5A6A7A8A9AAB2B3B4B5B6B7B8B9BAC2C3C4C5C6C7C8C9CAD2D3D4D5D6D7D8D9DAE1E2E3E4E5E6E7E8E9EAF1F2F3F4F5F6F7F8F9FAFFC4001F0100030101010101010101010000000000000102030405060708090A0BFFC400B51100020102040403040705040400010277000102031104052131061241510761711322328108144291A1B1C109233352F0156272D10A162434E125F11718191A262728292A35363738393A434445464748494A535455565758595A636465666768696A737475767778797A82838485868788898A92939495969798999AA2A3A4A5A6A7A8A9AAB2B3B4B5B6B7B8B9BAC2C3C4C5C6C7C8C9CAD2D3D4D5D6D7D8D9DAE2E3E4E5E6E7E8E9EAF2F3F4F5F6F7F8F9FAFFDA000C03010002110311003F00FBFA8A28A0028A28A0028A28A0028A28A0028A28A0028A28A0028A28A0028A28A0028A28A0028A28A0028A28A0028A28A0028A28A0028A28A0028A28A0028A28A0028A28A0028A28A0028A28A0028A28A0028A28A0028A28A0028A28A0028A28A0028A28A0028A28A0028A28A0028A28A0028A28A0028A28A0028A28A0028A28A0028A28A0028A0D31A40319EFD2801F4530C83EBF4A5DDF5A0571D45206A5A0614514500145145001451450014514500145145001451450014514500145145001451450014514D66C76EF4001600E0F1EE7BD719F103C7965E1BB88AD2245BABA95BE74F33688C7BF5E6BA0F14EB16FA2E8D3EA174EAB1C484A93DDB9C0AF977C7DE29FB76A5757AF74B0CB7049695507CA493803F0AF99E22CE658182A74BE397E07B593E59F5B9B9CD7BA8F62D23E3468EF71E4EA366D09CFCC6293CDDBC81C8C03DFB66BD1343D5AC357D363BED3AE92E2094651D0F5FF000AF89CEBBE74905CDA385441C10006E8467D4F38AB1E1EF12F89ED35B73A6DD8B5DD1830CB0128B1E39732F3B492791F4AF0B01C4F8AA7A629732F2DCF5F19C3F4A5AD17CA7DB99C91CE2A515E35F0F7E32406DEDECBC54152E176A9BDB73BA37078DCC3B7A9238AF51D03C41A46B76E66D26FE0BB55386F29C123EA2BED3079961B1497B396BDBA9F3188C1D7C3BB548E9DCD4A2A3DEDB800A707A9CF4A764E7A5779CA3A8A40696800A28A2800A28A2800A28A2800A28A2800A28A4CD002D14D24FB51B8F7C502B8EA2981A8DFCE295D0C7D31BAD217EA0609F4CD50BCD574FB6BA4B7B8BDB78A59416549250A4A8EA467AD4CE718ABC9D86949BB24719FB4A35F47F0DA79ECAD9A616F2799304E4AAE08CE3BF5FC2BE34D4B55B899C43220F2616591497FBC493C9F615F72F893C5DE1086CE7B6D4B54B496274DB245CBEE53DB03A83FA57C4FF1B346B5D23C5D712E8C626B279649618A39011003CAAF3D5718E2BE138829E1AA632356334DB56B1F71C31524A8CA8CE36B6B732BCC592344DE91AA2F98E51F247BE7D2AC7DAA78DFC8F38346010ABBB03071D7D7A5725653AF9D118E18C473060EC653BB70F51E9ED57637E6376E76214946EE149E39AF1E785B3B9F4CE0BA9D7681702E8C7289162C16568D9C9000F718E0FD2BBEF877E28D57C317FF00DABA5328DC36BC6E85C4ABD831E319FCF8AF26D26F0C73471031B9180571807D326BAFB49AEA0B38FED5E588A7391BB6A6EF4231E95C328D5C3D55529C9A92EA8E5AF878D48B8B5747D6FF000E7E22687E29B4B70B3476D7CD18692D59FBF4F9090370CD7641B38C77F535F134FAC5FDBB4573A74F651BA4E8487BA64C82DC79781F7B3815EEBF087E294EB1BD9F8AE6CA920437206581CE0ABE3F9D7D9E55C48AB5A962959F7FF33E2B30C91D2BCE82BA3DA00F9A9D556C6EE1BA8C4904B148A464147C83532BE4F3815F5F19292BA774780D35A324A29AA4D15421D45373EE293271400FA2A2DE7FC8A64B7091AE6496342393B8E293692BB0B3EC58A2B9EBFF00196856A429BBF39B3822042F83F85539FC77A71565B48269A55EA8C36E2B8AA6638587C5346F1C3557AF2B3AB76C74E79A6BB918E9CF5E6BCEF5EF88B71045BA086DE31D37392C73F4AE3B59F88BAB98DE78F5369ADB692FE48DAC31D80EA3EB5E462789705464D45B6D74B1DB4B28C4D4B6963DD41DC3A75A3F880DA7EBE95F3BF87FE3349A05E01A95F7DBEDE56512AB06DD18E4E5493EFCD7B8E93E20B1D5BC2D16BFA6C86E6D6783CE899460B8EE3F4AEFC067186C6C1B83B35B9962F2DC4615A55168F62C6BBAB5969166D757926C8D7FD9C96F602B8AD5BE28451C0ED69A71180706E1F693E9C5792F8F7E22BDCF8D5E356B999640C4853F2C4BCE02F6EB9AE0F5EF18DDB5A98C1C8F33737CC33F8FA57C6661C538AA955C307A451F4381E1D8B8A9563D47C5DF1635DBC8B6C73AD9A8EA2DDF193F5EB5C3F897E205D6A50EFD52E65B89EDCFFA3C84E4827A8CFA5701AD6BEEEFBE20F1B3F5DD822A80BBD4EEF62476925C177DDE6050AABEA4938007D2BC36B1D89BBAD36EFE7A1F474B0185C3C535148EC2F3C57318DA64B8659546D0470715C378BB5EB9BAB697CE933FBC183B391C62AF3416B8123EA516CFE258227B823EA54629749F0A47E24D3EF2F2CF53BD6B68AE238B718A38D4316C37CCCDC60750D8C0F5AEDC1E50E0EE8E8F6D4A3D3F03CAB5CB896DE791A08DB8CE5BD7356BC3BAAFDAAE96149097753BD5FB1F51EBF8D7417967E07BA8B548A0D6EF64362B969A396192391B71000C1F66FCAB9DFB1F871AD55AC752BF8E604712431EC03D015626BDC749F2D9AD51AC6152AEB05A1D1C22E91D156F562E09788AEE7703A018C633EB5B7697932C71B4509750C0807827D1707E95C925EDA5D010ADF34D2C6005729B7763A024761DEBA8B717D6DA2C7A8B5B4DF659A4222B8604215E060B63B1CF5C1AF2EBE1E4FA0EA539535FBCD0E9744D4259CA349FE8ACE492436368C678EE3BD741A4C924160FE4DCA4904898428C41FA92475EA39F5AF3C8AE009C44655671202AF1E7183FAF7EB5BFE1DB969AE6481E655B662CB224921556E38C1F5CD7935A859DCC651B2B9EB5F0C3C6BA9785EEBCEB50D716329024B7918B189473D78F980CFB64F4AFA27C25E25D27C4BA78BDD2AE0CAA0ED752B868DBD187635F26F876758348166DB76A46A1253372EF9F98E0F6E47E75B3E1AF12EB1A0EA52DE69F2A5AB0C1711B9292739C3A9FE75EAE51C4157052E49FBD0FC8F9ACCB288E2939AD247D649F7CFD28AE3FE1578EACFC5BA58FDE42BA8C4A05CDB46D9D9FED0CF55E4515FA550C453AD4D5484AE99F1B5694E94DC26B5475379751DA5ABCF3B854452CCC7B0AE0F5CF89292EF8F45F20A00774F31208F973F73B7E359BF1CF5812EA569A3A5CC91C31E1EE3CB61CE4F43F4C7EB5E5F7DAE421D629A3790B333003036AE4AAE71DCD7C5675C49529569E1E8ED1766FFAFB8F7F2DCA23560AA545BF43B8D4FC5BAC5FC052EB57DB19E336E360FC7033FD2B2575659B5096E0CB2490C7F2E2599B1D39CD711AA6AD3E23586F24644902B2139332F423F3E7154C788993586B462A8189CBBF3D87A703AE39AF90AB9A626BBBCA4FEF3E869E5B4A0B4477B7FAC9874A7F21FCC962C04E080D273FA563AF8C974FB79AE755291901049203801CE17F2DC739F4ACAD275184BCCDF6B134538F337B36434831C01DB8C7F9CD733AC6AF34BA9792C237CAFDD31643139EA3DB158BAB56525A9BD1C245DCEBAFBC5FA743A7CB71757AAB18C932BB811A638CE5B8E7F0EB5C4F8C1A3D7AD221F6BB88A386713C2F6D208F7F38DA5BBAB0EBD6B2FC4965A5EB53C4350B58E736E565824DDFBC07B85230473EF48247996E0B8784798542360364705B23AE7039AD1292E59735E5E875D1C3A4ECD19DE21D56237BE448F0B9B78CB9567C79719DDF311D87CB8F7AFA5BF67DF1AE8977FB356976AD7AC667B69ACE3DB1E0920920F1D0618735F2F6AA20856496458CA3008ECCA08C13C03ED9FE75E9DF0AEE8E9FF0F43888EDB8679228D485554C800E3B0E2BD6C26356023274A37E656D7CF739B35C2FD6E308C9FC2CE9A0D2B46B3BD6596D85D4CEBFBB79D8B0247703A74C0FC2B9CD7A7B1B9B79FF00B4345D3F7A31D8C3F76DB7B0DCA31D33EF589E2DF1586BE31A5DEE755DCA806D44C71D476E95E67E28F144B2DBBC6B8912661C07C8049C66BCFC2E16736ACAC8E8A34652926E46C6BB059DA6A10C76E4E6F6359608E57F96256246E27EA09E78C63D6BA2D17438AEED156494DC2DCABAA34485A2460C5731F63EA09EB54BC15A7D878E741B39F4958A7F1068918B7BCD1E67D86EED5795922FEF606E04752457576FA25D5AE96AF0A4B3D8799215B74C29318F98F92CB821A33804718F5C66BECB0F87E45AEA89AB888C5F2276699CCEB7E13D416C4E902F25D45DB72016AFB15140C873B940C601C7AE6B9DB517DE16D2BFB0610E96BAC4FE74BF68B853D148511C58FDE1206413819048E94DF1678BF5EB7D65FF00E112D4AE26B3B78829B89789A34C64F9A4904EDE70C720E39ED9F2BF18F89CEA3AFBC76EF3B4EF32E4BAB079B8C11B319209E718C9AE854E3AF2EE6F0F6964EAB563B8D4F55F0F259BD8C28C21920585DA3B55DAC1500048CE3E66DDF375EB5811C3A2DC2BAFDBA7B74070B1A42871F8D72FA95FDF595FCB65A843359CE8C13C9963F28C67A8054F43FA5431BF9D29637AA8CE79FDDE2A1D06F767A50C4538C6C95CEC6DF4ED1AD64F3A6BA9A545E6444555DC3B8C8E99AEB3C19E35FF00846ADA455925FB05D483E40F9392B92307395DB83B58119AF23BBFB55949BAD6F16F61DA4E550E09EE32473FFD714C82E75333BCED2ADB90B84F3B31AF381B7DC91F852587975673E231142A4391C77FC0FA33C61A2F87AFF4E9F5DF0EC90C3756F6EB74F0C0C520B94271BB61C98641824C7CAB75520FCB59BA0EA30A446E94A9C2964431E54E719FA1F63585F05F50D4EE743D41250F05B792526B995F0B90A71F31E091D428F415A1ABE8F7DA2DAC32CD0A2C5A8A2DCC530639911803927A648EDD6BCAC7D1E78DEDF71C508724BD9DEFDAE6D5C7882F05E012995590AEDC0DFC8EFE98AD583529A49BEDF3CD1CD232E0B32ED603DFD7D2B92D3EEA178729B00E01CB6475FF00EBD6A68D6F225AB5C5C5CAB66420058C72B9E95E0D6A4A316A3D4A972C76DCEC7E147892EB48F19E9370D2C91137D0C3332CB9251A55CAF5FBA4638F6A2B67F65BF09DA78B7E22C97776EE2DB44D978D086FF8F8937109D3A005013F87BD15F5194E0B14F0AA54E564CF94CDAAE1162796A45DD2E8747F1DEC5F4AF1C6A10CD35D24777179D14B9CB7382581F4520FE95E45E1ED4EEC5CDC58EAB235D5D0624C9B36231073BB8F623F5AFB2BE2878274FF001AE882D6E99A0BA8B26DAEA3FBF0311CE3D41EE0D7CF77BFB3C7C409B5CB88E0BCD256DE327C8BB9A76C480F628AA483EBDAB9B31E1EC4C71751D38DE1277FBFFE09D59567185F60BDACAD247031EAD6EC8E606957CA7CB7AFE151EA57D13460C7283BCE49279193915E8E7F66EF1EC2B6EEBE22D05F7CE16E63D932AC71639657DA496CF40540F7AF479FE0D7C2BF0D69A6E750D126D4A545553E7DE48D2498C00768655CF73C0AC21C35888A72AB68A5DD9D72CFB0706953F7DF647CAF1DD8B2B86F2A32649272CE1433173C9C8C704E49354AD6E358D5F56863D0F49D43519E43E53C11465DD18E71C8E99F56C63B90335F562F8A3C2DE12DB6FE1AF075969FF30469BECE9B813C0662A471EB935C5FC51BE935FB0168FA89D2ED595C4F6B62CD041323F2C25556C31E7BE78AC254F2FA31BBA9CEFB237A199622ACED1A5CABCCF9BBC55E2D8BC3F76B65AAC135ADD6C0E600159D4066439DAC4A1CA9F94F3DFA119AB17C45B6BC699E1F325048DB91B4FD7E9ED5D4EB5E18D2A2B9686458268C7319418017D4D72FAEF86EDD2449628E1D8D2603A63938ABA72C2CF689E8F34F76CBFA65FD9EA33C2F7F73B22392634030CDD8367B1E95D0EB3AD830C49F6A30B2828B14072AAA07A0E00CD79E466DADC890B03B71C6DE7AE3F2CAD47AC0D4B5FD22E34DB2B5596499368915BEE9C65541278C9AA9E160E6AEEC8996D7EA37C55AC6A526AA04AC004389472383C9C7D081F811585F6D97CD658D3F74D9DA918FF567AF3EB5D0D9F80FC55AC471C77B7167A66C841759660E5B8185F901E0FBE3A75AF5AFD9BBF678F07EA576DA87C4EF135BEDFB4451DAE9763A8189A666562DE7360301C71B08CE3EF76AF4F0D4E94E4A9292472D6C42A1075249FC8F36F16F843C75E0EF06F877E20CF673D9E9BAD22496B756D2B66163D03918F2CB0C15EA1BEB59367F143C510A3DB497F2C8A79712E5848D9FBD8E3E6FF68633DEBF4CADFC3FE15BEF03A785D34DD3AEB423682D92C1512580C20001769C82A38E7D6BF2EFF6A3F01DF7C26F8C5A8F862EA366B2566BBD2A7232B35ABB12B83EABF74FA151EB5EE4F01ECA2B91DD1C196E7F4F132942BC15D6D75D0AD25D5ACEA7EC93B4334CCED72CCFC4C09CEC23801415E9D0E6AB799710CF1BDB95F3632196749363230E8548195391D8F15CBC37B14A7617208EA01E86A4FB76C9F6A4CE077017AD732A534F63DF8E2E8B5AEC6DEB0D7F7D7925DDE249713CCDBA49653B99CFA927AD529A0BB3C0CE4F4F9EAB7DB33D493F8D4125D4447337EAD54A13EC2955A4F636F478523F356FE795A268CF971C326D264C70C770E80F5F5ADCD261D23F74AF6125C4898694CD396E71F773D7693DAB89B391AE26F2EDE392562B9711AE1CAFA903B7BD77BE12D0BC417D0C2C9A74B0C458033C8760439C0CE7A0F5359557C8ACDD98954A56BB5B1E93F0D744D63C67ABDA787F4D8834973204B6B7886D86D50F56DBE8064927D2BEC6F895F07B45F13F836D74B8E536F3D8DB476F0C807CAFE5AED00A8FA558FD9DFE1BF85FC01E10B31A598EEF50BFB75379A8492077B83B73853D020E70A00F53CF35E9385233806BD6C2E0693A4E352CEE7C0E6B9BCEBE253A574A2F4F53F3DBC77E15D5BC09ACC9A6EABA6C96C8926166F21D926F46DC074E3A53341D13C49E32BDB7D3FC3FA36B7731EFDC6586068E2F7F9C8C57E854B0412FFAD8637FF7941A7A451A0C222A8F4518AE0FF5730EEA7337A1D12E27C44A97238ABF73CCBF667F8669E01F0AB4B7BF3EB1A82A9BB6ED1004958D7D8673EE68AF4F0A0761457BD4284685354E9EC8F9CAD5655AA3A951DDB1BC0A460B8C9ED5262918715AA5D0C9983E38D61744F0EDCDEAA3191536C4A806E663D00CF7AF16975C96F26695E7794A9043339DCA4839CB1E1467231D2BD37E3941E6F828CBFBCCC770A7E53C7F779F6AF0A690248E9B8007B9E95F9A7186618886363463A24BEFF33EB322A14E549CEDA9178B6F6CE79192789266720336EDDB867F2E2B8BBB9AE2081ADA1120B6773B222C4851FDC04F51DF27D6B4B5D48EE229E090C8A92295C42DB42E78CA9EC4D733248898B5491A4589445B378C9FC0703DCF7AF94C3B9493BEE7D5421151BA296A7248924F0CAC92AB380A9D3671D2B99F19DC62246812283660649E33E9F535A9AD5F24770D2BA056931B700E43671B4E3A721B9EDC545F0EBE1CF8B3E3078B27D33C3329B6B2B19D62D5353972D15912B9DB8C82EE460E0119CE495AFA6C060A75669415C55AB53A3073A8EC8F34B29751BAD6BECEDB52DE59088D81E9177FD4D7A968D651E9BA5E6D0F94553E57C7DC1EA6B7FE34FECF6FF06B44D1F5B8B5E93585BFBA92DF50BA6B5F296298E5A2D880B158CA020EE76F9802301B15CE69ED0496B1A46EFB7194DE49233C9C93D4D74E6D46A529A83D11597E2296268F3D377449A25AC97FA9DBCE2F6718255981087A7419FAD771A5E98CB12A41B50AC6DB32773367AE49FE5D2B9CD150C076CD133A96CA1EC1BDEBB2D0DDB68DD856CF28A38FAD7CCE326D3BC59D555289B5A63DFDA3C31E9FA85CD94EB6C0472DAC8CA6339CE140E31DB18EF57FE3EE8DE13F8CFF000F23D0BC631C9A2EB3A6A16D335E502510CB800871C3346FFC4BCF3C8C63349A51B1768D659E28670DBA34772B9FA63AD411EA17DAA6A0D047188ADE2CA83EF5DB966718DC3A7C92BFA9E0E2F0F4AB4D49AB35D4F85FC77E07F11782F5D7D3B5CB43198DD9619631FBAB903F8E33D483B81A6C5E0FF155F4066D3B41D4EE621C89A3B490A81D8823AD7D95F11FC0B71E36F0F49A06AFA78BC4322986658F32C2C4ED2F1B60E1B612071EB5D2EA9A17F61C2F2224C870888A7E70A00000038E3D6BE8DE7B59525250F7BA91174D4B95B3E4EF017ECEBE3BD7A584EB33A68D6B3C5E6AF98E249D4FF0A98C7DDCFB9ED5EB3E17FD98BC21636318D5EFEFB55BB8260CD287D9036472A631FC23D324D7A8D9DC5C4DA79FDC0073589A9F89E7B0592DBF7B18271B81CF9A2BC1AF9F636AB693B7A1D91A1CCFDD12CFC15E07D01585968FA6C0772A9B868F6B1C741BCF63C657BE696F25D28D8466DECA131B8292BA1DC08F6FC8D733AF6A76F3C32165DE1D48D99EBED59B7DAB5D46CCC5C04384D9D81ED5C2D622AABCA4CED8D0E55B9DA695AEDFD84EBE55F9B7DBFEA658A675F238C28249C6719E4715F427ECDBE3ABBF15E813D96AF3A4DA9E9CFB249570A6743F75F6FA8E8DDB35F225CDF7988AC465FF004FC7DABD33F648D4EEECBE2CD947E7136F7D03DBB47DF246E07E9C57B990E2AAE1B1718CA4DC64ED667959DE029D4C24A697BCBA9F5E0EB4EA8D181723D2A4AFD351F9E5D30A28A29805238C8C52D140191E29D261D6B43B9D3A6242CCB80C17255BD6BE70F88FE15D7FC337327DAED2492CD532B7714598305B0016EAADD3AE07BD7D4A464556D4ACADEFACA5B4BB8167826429246E32AC0F622BC1CE320C3E64949BB4D6CCF4F2ECD2AE0A5A6B17BA3E19D4F5686D2C649A69E38D62CB3962381EF5C9E8535EF8BBC54FA4783B499F56BB9242025BA6E01303E7DFD15012325BF5AFBC6D3E1EF82AD6E6EA44F0AE979BD7569B36CACAC55768F948C2F1E9F5ADAD1749D2F49431E97A659D8A1E0ADBC0B1E7F2AF2B07C270A2FF00793B9ECD6E276E2D52A763E72F007ECB1319BED7E32F1133F9AB19369A72952BC7CCAD2B73E832A39EB5F40781FC33A2F853458B4AF0FE9905859C633B228C0DEDDD98F5663DC9C935BD462BEA30F81A187D69C6CCF9EC5E3B118A77AB2B985E3DF0DE97E2DF09DEF86F5B81A7B0D42131CCAADB580C8C153D981C107B115F147C6BF851ABFC2AD408FB3CB7DE1C9EE435A6A2EBB8A29C9F2A4C72AC38C31E08F4E95F7A557BC821B84314F0A4A8C395750C0FE06B2C7E5F0C653E5968FB9BE5D9A54C0CDCA3AA7BA3F3D56FF523A53CD6AB1CB26DDCA8F8227C7240FEEE40201E7AE6BA8F0C3CE50DCDDB7CF2FEF3CBF33E74CAF1193D0F1DFDEBE92F88BF007C09E27792EECEDA6D075076DDF6AD3309B8FF00B51B028DF903C7515E2DE2EF817F12BC2EF25C58C96FE23B6322857B58CACEA33F79A13D7B676B3715F0D9870DE2A317C8AEBF13EC30B9EE1313653972BF3D886DF578AEB4090C3108E7862F2E65C82627EA06471D00FA5761F0EF4B336931B2C5B8900F3C93EF5C5F8521B982CA4B1D474F96D6F1B734AB731346C4838CB06553C8C76FCFAD7B8F856CADACF48B6F263C17894FE95C195E5CE53F7D34D7739332C4463A2D4659C496C007B752E0601F4AA9AB5B2CC49B989E404E70AA4D6E4BB33B7665875AAEF20B73C90DC676E7A0AFA79D0BD949AB1E129D9DD6E78F78E6DA6B2D44B2ABC117A6EAF2EF115E393F748923F977118FE55EA3F16BC49A5EA1AADC59C40DC79476CEE878047618EF5E45AEEA10C7725630191573941C01F973F857C8D6A118E2DAA7A9F63964E7ECEF5344645D5EB473AC6482E58007D0D55BEBD8EE9D1A1B884451BED6024072E3A8E7BFB5761E1BF84DF12FC7A201A4F84EE6CE12DE72DEEA7BAD600029DA01C6F60DFEC823D6BD07C15FB27F8C2F18AF8A75ED3749B47625934D433CEDD8104AAAA93EBF31F6AF730F95D7AABDD8345E2738C2D2BDE6B4E9D4F1796F238A15B89180C819C9C1F6E3A73EFC57D37FB24FC3CD7B4EF109F11F89F4B7B745B246D3CB30CB3C9C9240E41D98EBD323BE6BB6F057ECFBF0CFC3D05ABFF611D4EF6DA48E65BCD4242F21913956206100C8FBA140F6AF5085769DBB781939E9FF00EBAF7B2FC8952A91A95B74EE8F97CD33F588A6E9D2564C923550FC2E09C9A969A3EF53ABE94F99B0514514005145140052374A5A2801833EF4A01CD3A8A5A8AC828A28A630A6B039A751458063305EB599E22D6B49D12DBEDBAC5FC1656E5D6312CCDB54BB745CFA9C55BD53EDC107D822B77727E6F3E46518F6C03CD53D57478756544D4E38AE2DF68DF672C49244CDD9B246723B566E52DA20A316FDE2AEA9A6E81E26B129776905E44C4C61CA739FF65B191F81ACF6F07A5BC621D327586151B5229373051E80E735D4430082DC4509C044DAB939C7A541AB595C5E69AF6D0DDB5AC920199A3CEE4C7A608ACE542134DCE3A9AC6B497BA9E872E7C317ED8449ADC6064107A8F5AAFA8FC3FBDD46CE6B693565B649A361BEDE3CB062300FCDE9D6BAF8AC24F2B32CA3CFCA6E92305490A41DB9C938E3157E30428CF5C5650C1D271D515EDE6B54CF0CF0DFECD5A159DBF93AB788B57D455E4CBEC558370DDB8025727AF19CD763E11F82FF000F7C3D70B7167E1F59E7560C26BB90CAC0FA8078CE7DABD128A74F018583BC60AE54B198992E57376203180C000C3E9D38A781C77A928AEBD4E6B223E73D0D2FE14FA298683714EA28A0028A28A0028A28A0028A28A0028A28A0028A28A0028A28A0043498A7514ADA80DC528E94B45301052D1450014514500145145001451450014514500145145001451450014514500145145001451450014514500145145001451450014514500145145001451450014514500145145001451450014514500145145001451450014514500145145001451450014514500145145001451450014514500145145001451450014514500145145001451450014514500145145001451450014514500145145001451450014514500145145001451450014514500145145007FFD9, '', '13', '3', null, null);
INSERT INTO `menu_item` VALUES ('34', '2015-08-19 21:10:20', 'OATMEAL ', null, '0', '1.5', '0', '', null, '', '2', '3', null, null);
INSERT INTO `menu_item` VALUES ('35', '2015-08-19 21:10:20', 'OLD TIMER B.FAST', null, '0', '2.5', '0', '', null, '', '15', '3', null, null);
INSERT INTO `menu_item` VALUES ('36', '2015-08-19 21:10:20', 'OVN ROAST TURKEY', null, '0', '3', '0', '', null, '', '12', '3', null, null);
INSERT INTO `menu_item` VALUES ('37', '2015-08-19 21:10:20', 'SCHELLS FIREBRICH AMBER', null, '0', '4', '0', '', null, '', '1', '3', null, null);
INSERT INTO `menu_item` VALUES ('38', '2015-08-19 21:10:20', 'SMK HOUS B.FAST', null, '0', '2.5', '0', '', null, '', '15', '3', null, null);
INSERT INTO `menu_item` VALUES ('39', '2015-08-19 21:10:20', 'SODA', null, '0', '2', '0', '', 0xFFD8FFE000104A46494600010101004800480000FFDB00430050373C463C32504641465A55505F78C882786E6E78F5AFB991C8FFFFFFFFFFFFFFFFFFFFFFFFFFFFFFFFFFFFFFFFFFFFFFFFFFFFFFFFFFFFFFFFFFFFFFFFFFFFFFDB004301555A5A786978EB8282EBFFFFFFFFFFFFFFFFFFFFFFFFFFFFFFFFFFFFFFFFFFFFFFFFFFFFFFFFFFFFFFFFFFFFFFFFFFFFFFFFFFFFFFFFFFFFFFFFFFFFFFFFFFFFFFC0001108034A034903012200021101031101FFC4001F0000010501010101010100000000000000000102030405060708090A0BFFC400B5100002010303020403050504040000017D01020300041105122131410613516107227114328191A1082342B1C11552D1F02433627282090A161718191A25262728292A3435363738393A434445464748494A535455565758595A636465666768696A737475767778797A838485868788898A92939495969798999AA2A3A4A5A6A7A8A9AAB2B3B4B5B6B7B8B9BAC2C3C4C5C6C7C8C9CAD2D3D4D5D6D7D8D9DAE1E2E3E4E5E6E7E8E9EAF1F2F3F4F5F6F7F8F9FAFFC4001F0100030101010101010101010000000000000102030405060708090A0BFFC400B51100020102040403040705040400010277000102031104052131061241510761711322328108144291A1B1C109233352F0156272D10A162434E125F11718191A262728292A35363738393A434445464748494A535455565758595A636465666768696A737475767778797A82838485868788898A92939495969798999AA2A3A4A5A6A7A8A9AAB2B3B4B5B6B7B8B9BAC2C3C4C5C6C7C8C9CAD2D3D4D5D6D7D8D9DAE2E3E4E5E6E7E8E9EAF2F3F4F5F6F7F8F9FAFFDA000C03010002110311003F0090939EB464FAD07AD140064FAD193EB45140064FAD193EB45140064FAD193EB45140064FAD193EB45140064FAD193EB45140064FAD193EB45140064FAD193EB45140064FAD193EB45140064FAD193EB45140064FAD193EB45140064FAD193EB45140064FAD193EB45140064FAD193EB45140064FAD193EB45140064FAD193EB45140064FAD193EB45140064FAD35DF68EB4EA824396A4D95157626E3EA68C9F53494541B0B93EA68C9F534945301771F5346E3EA6928A00371F5346E3EA68A2800DC7D4D1B8FA9A28A00371F5346E3EA68A4A005DC7D4D1B8FA9A4A2801771F5346E3EA6928A005DC7D4D1B8FA9A4A2810BB8FA9A371F534945002EE3EA68DC7D4D2514006E3EA68DC7D4D145001B8FA9A371F534525002EE3EA7F3A371F534945002EE3EA7F3A371F534945002EE3EA69A59BD4FE74B4868132586439DA49A9F27D6A974AB51B6E406A919B43F27D68C9F5A4A29922E4FAD193EB494500193EB464FAD14500193EB464FAD14500193EB464FAD14500193EB464FAD14500193EB464FAD14500193EB464FAD14500193EB464FAD14500193EB464FAD14500193EB464FAD14500193EB464FAD14500193EB464FAD14500193EB464FAD14500193EB464FAD14500193EB464FAD14500193EB464FAD14500193EB464FAD1450029EB4507AD1400514514005145140051451400514514005145140051451400514514005145140051451400514514005145140051451400514514005145140051451400514514008C70A4D41533FDC350D4C8D69EC2514515268145145310514514005145140051451400514514009452D2500145145001451450014514500145145020A28A2800A28A280128A28A0028A28A0028A28A0069A9ADDBAAD4469F07FACA68891628A28AA330A28A2800A28A2800A28A2800A28A2800A28A2800A28A2800A28A2800A28A2800A28A2800A28A2800A28A2800A28A2800A28A2800A28A2800A28A2800A28A2800A28A28014F5A283D68A0028A28A0028A28A0028A28A0028A28A0028A28A0028A28A0028A28A0028A28A0028A28A0028A28A0028A28A0028A28A0028A28A0028A28A0028A28A0028A28A006C9F70D435349F70D4352CDA1B05252D2522C28A28A0414514500145145001451450014514500145145002514B450025145140051451400514514005145140828A28A00292968A004A28A2800A28A28010D3A1FF5829869F07FACA68891668A5A2A8CC4A2968A004A29692800A28A2800A28A2800A28A2800A28A2800A28A2800A28A2800A28A2800A28A2800A28A2800A28A2800A28A2800A28A2800A28A2800A28A2800A28A28014F5A283D68A0028A28A0028A28A0028A28A0028A28A0028A28A0028A28A0028A28A0028A28A0028A28A0028A28A0028A28A0028A28A0028A28A0028A28A0028A28A0028A28A006C9F70D435349F70D402A59AD3D85A28A291A09452D2500145145020A28A2800A28A2800A28A2800A28A2800A28A280128A5A4A0028A28A0028A28A0028A28A0414514500145145002514B49400521A5A43409886A4B7FF0059511A96DBEF9AA4432CD14514C80A28A2800A28A2800A28A2800A28A280128A5A280128A5A280128A5A4A0028A28A0028A28A0028A28A0028A28A0028A28A0028A28A0028A28A0028A28A0028A28A0028A28A0053D68A0F5A2800A28A2800A28A2800A28A2800A28A2800A28A2800A28A2800A28A2800A28A2800A28A2800A28A2800A28A2800A28A2800A28A2800A28A2800A28A2800A28A2801B27DC3500A9DFEE1FA557A966B01D4B4DA75234128A5A2801B452D1400945145020A28A2800A28A2800A28A2800A28A2800A4A5A280128A5A4A0028A28A0028A28A0028A28A0414514500149452668101A69A5A4A64B621A9AD7EF1A86A6B5FBCD4C9659A28A299214514500145145001451450014514500145145001451450014514500145145002514B45002514B45002514B49400514514005145140051451400514514005145140051451400E3D69294F5A4A0028A28A0028A28A0028A28A0028A28A0028A28A0028A28A0028A28A0028A28A0028A28A0028A28A0028A28A0028A28A0028A28A0028A28A0028A28A0028A28A0047FB87E955AACB7DD355AA59A40294525148D07D14DCD3B3400518A296801B8A2968C500368A5C518A004A29692800A28A2800A28A2800A28A2800A28A280128A28A0028A28A0414525140052668A4A057173494525326E1494514C42558B5FE2AAF562D7A353259628A28A0414514500145145001451450014514500145145001451450014514500145145001451450014514500145145001451450014514500145145002514B45002514B45002514B450029EB494A7AD14009452D14009452D14009452D14009452D14009452D14009452D14009452D140094B4514005145140051451400514514005145140051451400514514005145140051451400D72029AAD53B7CD9A82A59A4028A28A92C29734945318ECD2E6994B9A00751499A334C42D14668A00292968A004A28A280B85252D1482E2514514C2E149451405C28A4A280B8519A4A2810514945020A4A28A041494514C41494B494082AC5A9EA2ABD58B61F293EF4C458A28145020A28A2800A28A2800A28A2800A28A2800A28A2800A28A2800A28A2800A28A2800A28A2800A28A2800A28A2800A28A2800A28A2800A28A2800A28A2800A28A2800A28A28014F5A283450014514500145145001451450014514500145145001451450014514500145145001451450014514500145145001451450014514500145145001451450014D63C53A987934008DC0C541531EB50D4B34805145148B0A28A2800A28A2800A334945003B34669B45003B3466928CD301734669B466801D9A4CD2514085CD19A4A4A005CD149450014525140828A2928016928A28105252D25310514514082929692800A9EDCE01FAD4153C1F70FD6988B00D2D3074A78E940828A28A0028A28A0028A28A0028A28A0028A28A0028A28A0028A28A0028A28A0028A28A0028A28A0028A28A0028A28A0028A28A0028A28A0028A28A0028A28A0028A28A0053D68A0D14005145140051451400514514005145140051451400514514005145140051451400514514005145140051451400514514005145140051451400514514005329F4CA006D4353542C304D265C028A28A9340A28A2800A4A28A0028A28A0028A28A0028A28A04149451400514514005145253105145140051451400945145020A28A29884A28A2800A28A28105252D2500153C3F73F1A82ACC43082989922D3C74A8C548B4085A4A5A280128A5A280128A5A280128A5A280128A28A0028A28A0028A28A0028A28A0028A28A0028A28A0028A28A0028A28A0028A28A0028A28A0028A28A0028A28A0028A28A0053D68A0F5A2800A28A2800A28A2800A28A2800A28A2800A28A2800A28A2800A28A2800A28A2800A28A2800A28A2800A28A2800A28A2800A28A2800A28A2800A28A2800A653E987AD0036A27FBE6A6355E5E1C1A4C7176614B494549B0B45251400514514005145140051451400514525020A28A2800A28A29805252D25020A28A2800A28A2810945145300A28A28109451450014514502128A28A002ACC7F7055603240AB4BF74532470A7AD3474A7AF4A005A28A2800A28A2800A28A2800A28A2800A28A2800A28A280128A5A280128A5A4A0028A28A0028A28A0028A28A0028A28A0028A28A0028A28A0028A28A0028A28A0028A28A005A28A2800A28A2800A28A2800A28A2800A28A2800A28A2800A28A2800A28A2800A28A2800A28A2800A28A2800A28A2800A28A2800A28A2800A28A2800A28A2800A637069F48E32280186A2946453D8F19A6B73CD0042A71C1A7531C734AADD8D4B469190EA28A29161451450014514500145145020A4A5A4A0028A28A0028A28A62128A28A0028A28A002929692810514514C0292969281051451400514525020A28A29887463E6CD595E95020C54A0F2050224F6A92A34E5BE9525001451450014514500145145001451450014514500145145001451450014514500145145002514B45002514B49400514514005145140051451400514514005145140051451400EA4A5A4A0028A28A0028A28A0028A28A0028A28A0028A5A280128A5A280128A5A280128A5A280128A5A280128A5A280128A5A280128A5A280128A5A280128A5A280128A5A280128A5A2802171B5BD8D20C74ED52B2861CD4072A714008C9CFB544E854D580722865047B500560D8EB4FCE69AE9B4FB5341C5268B52B125148083D296A4B4EE145145001451450025145140051451400514514C4251451400514514005252D25020A28A29805252D25020A28A5C719A04252519A00C9A62B875A915303DE95131C9EB4FC63AD0211463934A0E781D4D35DBB0A9A14C2E4F5A007A2ED14EA28A0028A28A0028A28A0028A28A0028A28A0028A28A0028A28A0028A28A0028A28A0028A28A0028A28A0028A28A0028A28A004A29692800A28A2800A28A2800A28A2800A28A2801D45145001451450014514500145145001451450014514500145145001451450014514500145145001451450014514500145145001451450014514500145145001451450021E94C650D4E6A4A0087943CF4A703E9C8A79008E6A32854E56801480C2A27888E95283BBD8D2E48EBC8A00A84114E0E7BF353B2061C544D191D2818A006FBA690823A8A674A7091875E69586A4C28A5DEA7A8C53B683D0D2B15CC86514E2869A411D681DC28A28A002928A2800A28A2800A28A28105252D28463DA980DA29E223DCD0422F539A09B8CC669421EFC7D694C9D946298493D4D315C7128BD3E634D249EA694213D0548B17734088D50B7D2A6540BD2978147D6800CFA531DB1D3934BCB1C7414E54039A004893F89AA74A65381C5003E8A28A0028A28A0028A28A0028A28A0028A28A0028A28A0028A28A0028A28A0028A28A0028A28A0028A28A0028A28A0028A28A0028A28A0028A28A004A2968A004A28A2800A28A2801D45145001451450014514500145145001451450014514500145145001451450014514500145145001451450014514500145145001451450014514500145145001484E2949C5464E680149A4A28A0028A28A0008A6E29C4D2500348C5193DC669D498A0069546F634D30FA53F1498FC2802131B0ED4DC1156727EB48769EA3140100761DE9DE69EE053FCB43DE93C91D98500279A3BAD2EF8CF6A430B52189876A0077EECF7147EEFD7F5A8F637A51B0FA503BB24FDDFAFEB47EEFD6A3D8DE946C6F4A02EC9331FB51E620E83F4A6796DE9408D8F6A042997D00A43231EF4E109EE69DE5A8EA68021258F5268009ED538551DA973E8280225889EB4F11AAF5A773462800CFA0A4E7B9A5C52E280100A5028A2800A28A2800A5A4A01A00914F6A75440D48A73400B451450014514500145145001451450014514500145145001451450014514500145145001451450014514500145145001451450014514500145145001494B45002514B45002D14514005145140051451400514514005145140051451400514514005145140051451400514514005145140051451400514514005145140051451400514531DBB50023364D25251400B45252D002D06929280168A4A280168A4A5A0028A28A004C518A5A2801B8F6A4C7B1A7D1400CFC48A5E7D69D462801B96F6FCA8CB7B52ED1E94607A500264FA8A327D69703D28C0F4A006F3EB473EB4EC0F4A31400DC7D68C7B53A8A004C518A5A2801314B4514005145140094514500145251400B494B49400A0D2838A6D1401303914B512B60D4A0E6800A28A2800A28A2800A28A2800A28A2800A28A2800A28A2800A28A2800A28A2800A28A2800A28A2800A28A2800A28A2800A28A2800A28A2800A28A2800A28A280168A28A0028A28A0028A28A0028A28A0028A28A0028A28A0028A28A0028A28A0028A28A0028A28A0028A28A0028A28A0028A28A0028A28A0028A2918E28011DBB547413486800A5A414B40052D2669280168A4A5A0028A28A0028A296800A28A2800A28A2800A28A2800A28A2800A28A2800A28A2800A28A4A005A4A28A0028A28A0028A28A004A28A2800A28A2800A4A5A4A0028A292800A29692800A7A36299450058A2988D4FA0028A28A0028A28A0028A28A0028A28A0028A28A0028A28A0028A28A0028A28A0028A28A0028A28A0028A28A0028A28A0028A28A0028A28A0028A28A0075252D2500145145001451450014514500145145001451450014514500145145001451450014514500145145001451450014514500145141E280109C0A889C9A566CD36800A4A5A2800A28A0D00252D252D0014B45140051451400B45145001451450014514500145145001451450014514500145145001494B45002514B4500251451400514514005252D14009452D25001451450025252D14009451450021A5068A4A005E86A646CD43D6941C1A009E8A453914B4005145140051451400514514005145140051451400514514005145140051451400514514005145140051451400514514005145140051451400EA28A2800A28A2800A28A2800A28A2800A4A5A280128A5A280128A5A280128A5A280128A5A280128A5A280128A5A280128A5A280128A5A2801298ED4E6351350025068A2800A28A5A004A28A5A004A5A28A0028A2968012968A2800A28A2800A2968A004A2968A004A5A28A004A2968A004A29692800A28A2800A28A2800A28A2800A28A2800A28A280128A5A4A0028A28A004A2968A004A28A280131494B45002514B4940094BD68A05003A36C1C54D55EA58DBB5004945145002514B45002514B4940051452D00251451400514514005145140051451400514514005145140051451400514514005145140051451400EA28A2800A28A2800A28A2800A28A2800A28A2800A28A2800A28A2800A28A2800A28A2800A28A2800A28A2800A28A2800A434B4C634008C698694D34D0014514B400525068A002968A2800A2971450014514B40094B4514005145140051452E0D002514B8346DA004A29714B81400DA29D81471E9400DA29DC7A5181E9400DA29DC7A51C7A500368A771E94607A500368A76051B7DE8019453F6FBD26D3400DA29DB4FA525002514B494005252D14009452D14009451450025253A9280128A28A004A2968A00414E1C536945004CA7229D5129C1A901CD002D145140051451400514514005252D140094B4514009452D14009452D14009451450014514500145145001451450014514500145145003A8A28A0028A28A0028A28A0028A28A0028A28A0028A28A0028A28A0028A28A0028A28A0028A28A0028A28A0028A2909A00426984D2B1A61A000D2514B4005145250014B46296800C51452D00145145001452E28E280129714B91499A005C5181499349400EC8A334DA5A005CD2668A280173466928A005A28A2800A28A2800A28A2800A28A280168A28A0028A28A0033451450018149B7DE968A006953498A7D2D00454549B41A6953400DA2971494009452D25002514B494005252D25001494B45002834F53518A7034013514D539A75001451450014514500145145001451450014514500145145001494B45002514B4940051451400514514005145140051451400EA28A2800A28A2800A28A2800A28A2800A28A2800A28A2800A28A2800A28A2800A28A2800A28A2800A28A2800A631A5634C2680109A4A28A0028A28A004A5C52D140051452D0014628E9485BD39A00752161DA9A4FA9A4A007139EA6933494B400B9A2940A5C500252E2968A004A2968A004A2968A0028A28A0028A5A2800A28A2800A28A28012968A2800A28A2800A2968A004A2968A004A2968A004A28A2800A28A2800A42A0F4A5A28018548A4A93348541A00652538A91494009494B4500368A53494005028A2801EA7152039A8454886801F4514500145145001451450014514500145145001451450014514500145145002514B45002514B450025145140051451400EA29692800A28A2800A28A2800A28A2800A28A2800A28A2800A28A2800A28A2800A28A2800A28A2800A0D14D63400D269B4A69B40051494B8A002968A2800A28A090073400B4D67038EA69A5CB74E0536801C4FF78FE14139A4A5A00052D14B4005380A052D0014B494B40051452D001494B45002514B45001451450014B451400514B450025253A9280128A5A2800A28A5A004A29692800A28A2800A28A2800A28A2800A28A280128A28A004A296928017348541A28CD00308C525494D2BE9400DA4A5A4A004A29692801694536945004CA72296A2538352D001451450014514500145145001451450014514500145145001451450014514500145145001494B4500251451400FA4A5A4A0028A28A0028A28A0028A28A0028A28A0028A28A0028A28A0028A28A0028A28A0028A28A000F02A3269CE7B530D0021A4A28A002968A2800A5A4A8D9CB70BD3D6801ECE0703934C279F9B93E9499C74FCE928017AD28A0528A002968A51400B4B4528A004A5A5A2800A5C5145001452D14009452D14009452D1400514B4991400B45206071EF4A4E066800A5A4CF19A148619140051403904D22B6EA02C2D1485B0718C9A01C9C608A076168A09C0CD26F1E8681585A28C83F8D191EB40051452D00251451400514514005252D14009494B450025252D14009494B45002519A29280148CD308A76714BD68023A29C4536800A28A28016A443DAA314E07068024A28A2800A28A2800A28A2800A28A2800A28A2800A28A2800A28A2800A28A2800A28A2800A28A2800A28A2801D451450014514500145145001451450014514500145145001451450014514500145145001494B4D63400C2690D29A69A004A5A28A002824019348CC145444EE393400A58B7B0A4CF61D28A2800A5A29D400528A29450002968A51400B4A28A5A002968A5A004A29696801293229D4D080503119B6E29C7A53320939FA52A1CA91E940EC2AF2B93483EF35222657927F3A55186603D280046014648A4520B3629D181B7A5007CE68014281411918A5A2824667298EF9C503E4DC3F114BB0F999ED4AE9B883F9D22869F96303D68C80C307AF14E2B96C9E941504631405D08C083B96955B270460D261863BD0012D92318A602BFDD34D571B4641E94F2320D0A30A07B502E834FDF5A40A0B36477A730F9D693682CD9A43107CAE003C1A065B27711420DA483D7D697686E54E0FB5001F363B669039CF2BD29CA49073D45227DE6FAD301D451450485252D14009494B450025252D14009494B494009452D2500252038A5A4A00775A69149D2941CF5A004A4A7114DA0029C29B4A2802453C53AA35352500145145001451450014514500145145001451450014514500145145001451450014514500145145003A8A28A0028A28A0028A28A0028A28A0028A28A0028A28A0028A28A0028A28A0028A28A002A3269E7A54668010D25068A0029AEDB7A75A713819A84FA9A004E49C9A28A5A002968A5A0029C2929C2800A51452D0002945029450028A5A414EA002968A2800A2968A00290F4E2968A006AA8029768CE6968A0620181814629690B00324D0216929378EC0FE546E1BB6D03B0EA2918E3148CD8381C9A02C3A8A682C0F22932C588047140587D14D01867269177900E450161F4522B67AF0450C481C502B0B453771DA0E3934062080C3AD03B0EA29A5883F74D2AB0619140585C521404E7A7D2972338EF450022A85181405C127D69D4502128A28A002929692800A4A5A4A00292968A004A4A5A4A004A2969280129296928012929D48680101EC68228A5EA2801B40A5A4A0070A9474A8454ABD280168A28A0028A28A0028A28A0028A28A0028A28A0028A28A0028A28A0028A28A0028A28A0028A28A007514514005145140051451400514514005145140051451400514514005145140051451400D7A61A7B546680128A296802390F6A61EB4A4E4E692800A5A29450014B452D0014B452D002D28A4A51400B4A28A514000A5A296800A5A66E27EE8A5F9B6FBD03B0EA42C00CD37716181D687C2EDF40680B0BBC7A1A0925B0B8A463BB81CD183E67071C521D8700D9C934C5504649A7818EA734C54CA9E4D0028E3701D2909C221A55E015C74A420EC4E3A50038364F434D232ED4EDCC7F86940F989F5A61B0C272003D41A51FEB0D2B20241F4A565CF3D0D01742D47825DB0714EDA7B9CD0539CE48A04830403939A13EE0A50B8EE4D204C0C64E28001CC8714A7A1A0000714BD4500353EE0A4FBEC31D05294CAE01C50030C73C50315CE1685185C5046587A0A5A0435C771D45213BF0074EF4FA6C6319FAD008423326338E29C0107AE45348065E4F6A7018EE4D0360EDB452E72334C2C0BF2781421E0AFA502B0E0C0F7A5A8D029073D734A0E091D7140587514CDCD8C91C5381C8CD0160A296928105252D250025252D14009494B494009494EA4A0069A55341A4A005229B4F1C8A6918A0005489510A913AD003E8A28A0028A28A0028A28A0028A28A0028A28A0028A28A0028A28A0028A28A0028A28A0028A28A007514514005145140051451400514514005145140051451400514514005145140051451400D7ED519A7BF51519A0005231C0A7546C726801B4514B40052D14B40052D14B40052D0296800A75252D002D2D252D002D07A1A297B500469BB6F14FCED5C9A6AAB018C814E0BC7273414C6ED3F7BBD29CB0538EF4FA2815C298532D9CE29F4502B8D0A01CD2F4A33CE291982F5A062D14534B1DA08EF40587514D3BC73C1A553919A02C2D15196224F6A576E303BD0161F4647AD3324AA8F5A5D8314058774A4C8F5A613FBB20F638A5217140587D1915113955CD382AE7AD0161F45151AA92A0E680B12514CDC4061DC5037E3B50161F4534B600CF5A37FA8C501614A83D690260F04D29600E294107BD01A8814018A4DB86040FAD3A8A02E4610107239CD2A60023B8EB4FA4C0A02E37057A722941C8C8A4DA4743C7BD2A8C0C500C5A4A5A28109494B494005252D250025252D14009494B450034D253A928005EB4352538D00329EBF78533BD38714012D1451400514514005145140051451400514514005145140051451400514514005145140051451400EA28A2800A28A2800A28A2800A28A2800A28A2800A28A2800A28A2800A28A2800A28A28018FF0078533BD3A4FBE29BEB400D6E86994F6E94CA002968A28016945252D002D2D252D002D2D253A800A5A052D0014B494B400B4514D66C118FC6801D41603A9A466C2E69301464F2681D87646339E29B963C81C5359815E3D6A41D280D8456CF07A8A5A68E642687C9181DE80EA37A61FD7F9539F9C527979182734053800F6348600ED383D3B520FB8BF5A7B004629BB3E5033D280B8F2401CD350614501077E69D4C4371973F4A36ED534EA280B8CE42AB0ED4BBC76EB4EA31405C8C83E5F3D49A56418C81C8A7D1405C8D88214F6A50533C53B14607A501716A35525383CD49474A01323E3CB3EBDE942B6060D38A8E7DE9BB31D0D03B87FCB419F4A7D34AE475E477A4C3FAD02109024391DA9C369E9D690E43E719E294303DB9A431A8C7A1EFD29C49DD8F6A4032948A72E3D40E68017790704538104535BEFAD0FDBEB4C43A8A46CE38A14E4502168A40734B4009494B494005252D25001494514009451450025252D250025381C8A6D2AD0021EB41EC294D20E5C5004D45145001451450014514500145145001451450014514500145145001451450014514500145145003A8A5A4A0028A28A0028A28A0028A28A0028A28A0028A28A0028A28A0028A28A0028A28A008E51D0D2755CD48E322A21C291400D3D29B4E3D29B40052D252D002D28A4A5A005A5A4A5A005A51494A2801696929680168A296800A8C3673C6734F619040A50303140D110C952A7A8A76FC8E9CD3F1CE68A02E342F073DE8DA7A6E38A75191EB405D88000302968A6971D813F4A007514D2DC0C0EB4986EE450161F45339638070051B769CE4E280B0F240EB4039A628DDF31A08DAC08EF40587020F4A33838A8C020961EBCD389CB29140EC2EF14A18374A6A77FAD0DC3823BD02B0FA6EE1BB6D293819A8F236E73CF5A012242703269BBC5213B8AFA1A731C76A02C29200CD20707BD378661E98A715046280168A6A37CBCD2E4502B0B4B4D63F21FA534038C86A07624A4A6873C67A1A524019340585A4DA3767BD19E334B408423241F4A47E83EB4EA281DC40C0F7A630F9B00F07AD3F68F4A08E73405C00C0C52D2514082929692800A4A5A4A004A28349400514525001494B4940094ABD6929475A0053D29221924D2B7DD34E88616801F45145001494B4500252D145002514B45002514514005145140051451400514514005145140051451400FA28A2800A28A2800A28A2800A28A2800A28A2800A28A2800A28A280128A5A280128A5A28010F4A89F8C1A9AA371C1A0088F4A6D3BA8A4A0028A28A005A5A4A5A005A5A4A5A005A51494B400B4B494B400B45145002D19A6B1C0E3A9A360EFC9A0629200C9A507233511FBA41EC697943FECD03B016254FD6970A3AD34F28DF5A50507A5218FED4C1B978C669FD4537E7A64A118EE031C734E0A73C9A4D9C633CF5A367A9340C14E1883EB4A5874F5A5201EA28000E82810C56DA369ED4BF7D81EC29D45017114633F5A6ED21C11D29F450171837027029C01CE5A968A02E230C8C51B47A52E68CD003367E9D28CB74C53E8A02E33690063A8A371F4E69F450171A146DC1A4D83DE9D450171A5708DCF6A0282BC134EEB49B07A50171146508A45CB1E7B53C0007148A319F73405C71E453036D041ED4EA6B0CB2D0083710327BF41465872471437041F4A75001918CD151F623D1AA4A01A0A29A872A29D4084A28A4A0028A28A004A4A5A4A002928A280128A28A004A55A4A70E94008DE9EB52A8C0A8872DF4A9A800A28A2800A28A2800A28A2800A28A2800A28A280128A5A280128A28A0028A28A0028A28A0028A28A007D14514005145140051451400514514005145140051451400514514005145140051451400546C7E723D4549513F132FBD0323E8690D3C8A4C645021B45145002D2D252D0028A5A4A5A005A5A4A5A005A5A6D2D002D2D2514008E7054FA529718E39A28000E82818DDA76FB934FED451405C40800C76A30076A6BC810E2A3331EC290D26C9E8AAC6563DE90B31EE68B95C8CB259477A6995477AAE016E9CD285254B76145C7C889BCE5A4F3FDAA38D3793CD0A99466F4A039623BCF3E948666A2250E48342A828E7B8A43B24279ADEB4798DEB4B1282C723B52A282AFC72280D10CDEDEB46E6F5A742B97E476A746A08718A02E88B27D68DC7D6A485487E471446321C6281DD11EE6F5A5DEDEB4E897E7E452A2821F8E940AE86798DEB4BE6B7AD2C4B97C1142A821F8E940681E7352F9C7D29B1A866C1A611824501644C261E94A265A6247B8649C0A478F68C83914C568930914F7A50C0F7AAE1188C80693953DC51717222D515583B0EF4E1335171723273CD37691D0D356504E2A4A64EA8695F97028DE31CF5A5A4A02E09C2814B498E7345020A28A4A0028A292800A4A5A4A002928349400B4945140053BA8A414E14009F7703D4D4B5031FDF20FC6A7A0028A28A0028A28A0028A28A0028A28A0028A28A0028A28A00292968A004A28A2800A28A2800A28A2801F451450014514500145145001451450014514500145145001451450014514500145145001514FC00DE952D35D77230F6A06888FAF63CD14C81B72953D569F408461DE9B525308A002969281400EA5A6D2D002D2D251400EA2929680168A4A2801D45251400B4514500433FDE1F4A646BB9C0A74FF00787D29D081B4B138ED53D4D93B4449500C15E94A8A5A12075CD380528501CD3509589BB10698AFA0B1C65739F4A488031B0271CD244FF31DC7B522B008E0F7A02CC9235504E1B269B0E36BE7A5323608D9342B80187AD01664B1B216C28A488E37D448DB1B34A1F05B8EB487CA4B1CBB9B1B714919C192A1562A72294390491DE8B87292C72967C1A22E19EA104839140620939EB45C3949639599C034B1F0EF500241C8A50C41241EB40389324A59C0229233877A88120E475A50E4127D680E52649773E314D8CE1DFF001A8958AB6452872189C75A61CA4D1BA96C05C1A81FEF9FAD08DB581A7071962475A416B0E93FD5263A5440F6ED4F49001B586452B18C2E1473402D341D2B95C05E062933E64673D450312A804E1852E044872724D3102A06847AD3638F7649E2943158948EC69E1C170ABD2815D90AF1201EF562ABFF00CB4FC6A7A10A61452519A640B45251400525149400B452514005251450006928A4A005A05252D002D3853453657D887140088775D67D0559AA769CC84D5CA0028A28A0028A28A0028A28A0028A28A0028A28A0028A28A0028A28A002929692800A28A2800A28A2801F45145001451450014514500145145001451450014514500145145001451450014514500140A2814014DC18670DD8F5A98F5E3A1A7CF1F99191DEA088931E0F54E281B24A4A01CD2D02184628A775A6D002D2D36968016969B4B400B4B4DA5A005A2929680168A4A2801D4525140114DF78534BFC816A4910B118A4117A9A46A9AB6A440907229726A611A8A5000ED45839D100563D8D288D8F6A9E8A2C4F3B21F29A97CA3EB52D145839D91F927D697C91EB52514585CCC8FC91EA697CA5A7D253B07331BE5AFA52F96BE94B4502BB1362FA526C5F4A751405D8DF2D7D293CA5A751405D8CF287AD1E50F5A7D14587CCC8FCAF7A4F28FAD4B452B073B21F2DA8F2DAA5A5A2C3E764055876A4E6AC52100D161F3906E3B71DA951B6B66A428A7B534C63D68B0F990DCE5F353E6A2D841EB4FA1132698B9A292929902D14945002D25149400B45251400B494514005252D028001451484D002938AAF2B65B1E95233705BD2ABD0059B41F3355AAAD683863566800A28A2800A28A2800A28A2800A28A2800A28A2800A28A2800A28A2800A28A280128A28A0028A28A007D145140051451400514514005145140051451400514514005145140051451400514514005231DA334B4C97FD59A06893A8AA7700C32875E87AD4D0CB9F94FE1524882442A6806AC56C8C065FBA69E0E6ABA130C851FEE9A97EE1F63D0D021E690F34A0E6908A004A2968A0028A4A5A005A2929680168A4A28016969B4B400B4B4DA5A005A2928A0028A4A280168A4A280168A4A2801D4536973400B494525002D14945002D149466800A2928A005A2928A005A2928A002969B4B400B499A29280173499A28A0028A4A2801692928A005A2928A005A2928A005A2928A002968A280128A28A00298C72714A4F615148D8F947E340092364ED1D05369052D0345BB51F21A9EA1B6188EA6A0414514500145145001451450014514500145145001451450014514500145145001494B4940051451400FA28A2800A28A2800A28A2800A28A2800A28A2800A28A2800A28A2800A28A2800A28A2800A6C9FEADBE94EA47FB87E940D14C55A864DCB83D4555A5562A722A51AB5744F7108910E3EF0E955A17CFEEDFF0357639038F7AAB771608751F5AA32B0A095383DA9FD45431C8240158E1BB1F5A90641E7AD02171452820D0450025252D250014B4945002D2D251400B45251400B4B4DA5A005A2928A005A4A29280168A4A280168CD251400B9A334945002E68CD251400B9A334945002D25149400B9A2928A005CD19A4A280173499A4A2801696928A0028A29280168A4A2800A28A4A005A2928A005A2928A0028A296800A5A4A5A002909A09A6938A005A42D4DE4D0CC1073D68011DB68F7350D192C7269681A4140EB452A8C9A432E5BFFABFC6A5A8E0FF00562A4A64851451400514514005145140051451400514514005145140051451400514514005252D25001451450049494B4500252D145001494B45002514B45002514B45002514B450025145140051451400514514005237DD3F4A5A0F4A00A54507AD1506E2A31560455BE258FEB554A301920D496EF862A7BD344C9752AC9195634F8E6CE15FF0353DC261B3EB555D3B8A7725ABEA8B078FA5286AAF14C57E56E57F954C460641C83DE9903F83D29314D0D4E073D680128A52292800A5C1A4A5CE280128A5A5C66801B466976D260D002E68A4C1A306800A33460D285A004CD14BB69768A006D14EE0526E5F5140099A3346F5A50E3D2801B9F63465BB29A52E3D0D1BC7A1A004CB7F77F5A3E6FEEFEB4BBFD8D1BFFD934009F37F768F9BFBB4BBCFF74D018F75A004F9BFBB464FA1A5DCDFDDA5DFEA0D003334669FBD68CAFB500328CD3FE5F6A30B400CCD19A7ED149B050037346694A7A526D6F4A0028A307D2939F4A005A28009ED4A109A006D2D3C2529F6A0066D345293C6052500145145001413484D309268014B7A52014014C7931C2FE7400E770BC0EB509249C9A3AD2D034828A28A45053D0704D32A4E8940996E1FF5429F4C8BFD52FD29F4C90A28A2800A28A2800A28A2800A28A2800A28A2800A28A2800A28A2800A28A2800A28A280128A28A00928A28A0028A28A0028A28A0028A28A0028A28A0028A28A0028A28A004A2968A004A2968A004A28A2802937DE34E8FEF8FAD120C31A4538606A0DFA17AA078B6B865A9C7228AB314EC3245DC84553ABF54A418722A5970644E99E475A6C723467D477152D359037D684C728DC914AC9F70F3E868C91C1AAC415352ACFC624191EB54644C1B14EE0F4A6019195391403400EC1A36D1BBD452E41A004C01413E94B814B8A004068A5C518A00290834EA2801986F5A36B7F7A9F45003369FEF51B4FA9A7514011F963DE9C140ED4EA280131C7028E6968A0028A28A0039F5A31EF451400514514005145140087E99A4C03D453A8A006EC5F4A431834FA28018131D09A5DBEE69D450034291DE9406F5A5A2800A2968A00283C51498A004DC0D0403DE9768A42A3BD0026CF4349B6919D474A61726801E4814C2FE94DEA6971EB40072683803269AD201C2D444963CD003DE4CF03A5300A5028A434828A28A0A0A28A280154648A91BEED3631CE69CDD87BD32596E3E235FA53A917EE8FA52D020A28A2800A28A2800A28A2800A28A2800A28A2800A28A2800A28A2800A28A2800A28A280128A28A00928A28A0028A28A0028A28A0028A28A0028A28A0028A28A0028A28A0028A28A0028A28A0029296928011A20E39AAB22146C1ABC3A536440EB8349A2A32B11DBC9B9769EA2A6AA24346FEE2AC25C291F370684C728F544B54A439726A5967C8C2D4149B2A2AC1451452284233D698D1FA54945026AE40ACC8720906A74995B87E0FAD34A83D6A36423A735573371B1648239EA3D6933EB55D2464E86A4132B7DF5C1F514C924DDE869C2423AD35151B90D9A564DBDFF003A0078753DF14EAAF9A5048E868027A2A3129FE214F0CADD0D002D14B49400514514005145140051451400514514005145140051451400514514005145140051451400514514005145071EB400514D2EA3BD34CC3B0A009290903AD446527A0A8C927AD004AD2FA5465C9EA69550B77C52B22A8EBF9D0033AD2819F7A69751EF4C6918FB0A00919D57DCD44CE5BAD26334A0503B08052E2968A45582929692800A28A2800A28A5032680244185A43CC8A3DE9DD053139947D69925F1D28A28A04145145001451450014514500145145001451450014514500145145001451450014514500145251401251451400514514005145140051451400514514005145140051451400514514005145140051451400E1D28A17A51400C9230E39EBEB54D94A360D5FA8E68FCC5F7149A2E32B14E8A08C1C1A2A4D428A28A0028A28A004A28A2810D280D30C6474E6A5A29DC4E299072A78C835209DBA300C3DE9C403D69A63F4A7721C099248C8E30A7DE9FE583CFF2AA6548ED42BB2F4245320B4633DB9A69047B546B72C3A806A417287EF0228000CC3B9A5F318528313742297CB1D8D00279C7B8A709477A698CFA8A6946F4CD004A2453DE9D907A1AAE548EAA692802D5155B247434A1DC77A009E8A8BCD23A8A3CEF6A00968A8BCE3E9479C7D28025A5A83CD6F4A3CD6A009E8A83CD6A4F35A8027A2A0F31FD68F31FD68027A42CA3A9155CB31EA69319A009CCAA3A734C331EC29A118FF0D3844DDC81400D3239EF4D249EA6A5F2877269731A7A50042067A0CD3846C7B6294DC20E9CD31AE18F418A009045FDE34168D0638355DA466EA69B4012198FF08C54658B7539A5DB4B8A0761B8A5C52D148AB05145140C28A28A041494B494005145140053E31CE6995328C0A04C18E14D321FF5ABF5A590F18A5B71998531742ED145140828A28A0028A28A0028A28A0028A28A0028A28A0028A28A0028A28A0028A28A002928A2800A28A28024A28A2800A28A2800A28A2800A28A2800A28A2800A28A2800A28A2800A28A2800A28A2800A28A28002DB509A6C527980FB53673FBA351DB361C8F5A4525A5C679AE18906ACC5289060F06AA4830EC3DE85254E452B9A38A689AE63C1DE3F1A82AEA91247CF7AA92214620D0C517D06D145148B0A4A28A0028A28A0028A28A041451450014D280D3A8A02C4663F434D28454D494EE4F2A21E4528765E8C6A5C521407B53B93C80B72E3A8069E2E4775FD6A231FA53761A2E4F2B2C8B843EA29DE6C67B8AA9B4FA5260D3158B988DBD28F2D4F426A9528623A134016FCAF4347947D47E555848E3A31A5F3A4FEF1A00B1E51F5FD28F2BFDAFD2ABF9D27F78D1E749FDE340163CAFF6A8F2BFDA355FCE93FBC68F3A4FEF50058F247F78D1E50FEF1AAFE749FDEA432B9FE234016BCB5F5348510753553731EE692802DEE897BD1E7A0E95568C1A00B06E476069AD70C7A002A1DA6976D03B314C8EDD4D37AD3B68A5C0A571F28CC1A5DB4EA28B8F944DB452D14876128A28A0028A28A0028A28A60145145020A4A5A4A0028A5A4A00720CB54B4D41814EA64B2290FCD525A8FDE5444E49A9AD7EFF00E1487D0B74514532428A28A0028A28A0028A28A0028A28A0028A28A0028A28A0028A2928016928A2800A28A2800A28A28024A28A2800A28A2800A28A2800A28A2800A28A2800A28A2800A28A2800A28A2800A28A2800A28A28022B8FF55F8D5746DAE0D599FF00D51AA952CD61B135C2E24CFAD4556187996E0F7155E8638EC58B56EAB4EB94CA6EEE2A1B7FF5A2ADB0CA914D6C44B491428A08C12292A4D428A28A0028A28A0028A28A0028A28A04145145001494B4940051451400514514005145140098149B47A53A9298AC3760A360A75145C5643760A360A75145C2C86EC146C14EA28B8590CD829760A5A28B85909B452E051450160A28A2800A4A5A4A0028A28A0028A28A0028A28A0425145140051451400514514C028A28A041405269557754A0051409B18C02AE05300C9A18E4D3E31DE801F48C702969921E314C923AB36C3E7FC2ABA8C9AB36DF7DA914CB14514532428A28A0028A28A0028A28A0028A28A0028A28A002928A2800A28A2800A28A4A005A2928A0028A28A00968A28A0028A28A0028A28A0028A28A0028A28A0028A28A0028A28A0028A28A0028A28A0028A28A006C8331B7D2A955F232A47B55123048A9669026B67C36D3D0D3678F63F1D0D460E0E455B189E2E7AD037A3B915B2E5F3E9568F4A6C6811714AE76A134C86EECA327FAC6FAD36949C92692A4D828A28A0028A28A0028A28A0028A28A04145145002514B494005145140051451400514514005252D25020A28A298051451400514514009451450014514500145145020A4A5A4A0028A28A0028A28A0028A28A0425145140051451400514514C029EA99E4D222E4D4B412D874A64870314FA85CE5A98908064D4A060629B18EF4FA018544E72D5231C29A868043E31DEA7B5EAE6A25E16A6B5FB84D004F45145020A28A2800A28A2800A28A2800A28A4A0028A28A0028A2928016928A2800A2928A005A4A29280168A4A2802C514514009452D1400945145001451450014514500145145001451450014514500145145001451450019C5432C196CAF7A92438427D29E8DB941A434DAD4AC96E49F9BA559440830053A90903AD1606DB0AAF71267E515279C85F6E6924843F238340D68F529D1523C2E9DB34CA935B8945145030A28A2800A28A2800A28A281051451400945145001451450014514500145145001494B4940828A28A6014514500145145002514514005145140828A28A002929692800A28A2800A28A2800A28A28109452D3846C6980CA306A61181D6992364E074A057194019345491AF7A018E51814EA4240EB51B499E05327715DF1C0A8C0C9C514F8D7BD21EC3C0C0A28A29923243DA98064D0C724D3A31CD22BA0E7E16A7B5FF5755A4ED56ADFFD50A6225A28A28105145140051451400514945001451450014945140051494500145149400B494525002D25145001452514016A8A28A0028A28A0028A28A004A29692800A28A2800A28A2800A28A2800A28A2800A28A2800A28A2801B27FAB6FA55549593A1AB4FF71BE954A933486C59FB49C74E6A27959FA9A8E8A9B94A290B53C539CE1B9F7A800C9AB50C3B796EB4D04AD6D49B82298D12375514FA5AA3121FB327BD1F674F7A9A8A561F3322FB3A7A51E447E952D14C2EC8BC88FF00BB4BE4C7FDDA928A02EC8FC94FEE8A430467B54B450176406D90F4C8A8DAD88E87356A8A561F3328985C76A61047515A34D2A0F514587CE67D156DEDD4FDDE2ABBC4C9D4714AC52926328A28A450514514005252D25020A28A298051451400514514009451450014514500145145020A4A5A4A0028A5009E829C226340AE328A9843EA69C2351DA9D85CC40149E829EB17AD4D8C514584D8D08A3A0A5A2919B68A648C91B0303AD434A4E4E69291690AA326A42E14605459A280B0A589EB4945140001938A980C0C53231DEA4A64B1291CE1696A390F38A010CA95060546064E2A6A43644FF7AAEC3C442A89E5BF1ABD1711AFD29898FA28A28105145140052514500145149400B494525002D25149400B494525002D25149400B49451400514945002D14945005BA28A2800A28A2800A28A2800A28A2800A4A5A280128A28A0028A28A0028A28A0028A28A0028A28A0046FBA7E9548F53578F43545BEF1FAD26690128A28A93426B64DCD93DAAE5416A3E4CD4F548C64F50A28A2992145145001451450014531A455EA6A27B91FC340D26CB148481549A773DE98598F52695CAE42F191477A6F9C9EB54A9295C7C85D33A7AD02743DEA952D170E445F0C1BA1A08CF5AA00953907156A090B8C1EB4EE4B8D864D07565FCAABD68555B84DAD91DE868A8CBA10D14515258945145020A28A298051451400514004F4A7AC4C7B62815C8E9719A9D601DEA408ABD053B09C8AC226352083D4D4D4516279991085452F94BE94F34D2EA3B8A62BB18615A6984F63530607A1A280BB18881453A9692810514535885193400B45229CAE6968010F1503B6E3ED4E95FB0A8A9149051451414145145020A00C9C514F8D7BD00C781814B4514C812A16396352B9C2D4348687C639CD3CF4A44185A243814C08C75ABE9C20FA55015A0BF74500C5A28A28105251450014525140051452500145251400514945001452514005145250014514500145149400B45251401728A28A0028A28A0028A28A0028A28A0028A28A0028A28A004A29692800A28A2800A28A2800A28A2800AA728C486AE555B8FBF9A4CB86E454514549A972D7FD57E353556B43C11566A918CB70A28A29921451514B284181D6804AE39DD507355A49CB7038151B3963C9A6D4DCD546C2924F5A4A28A4505145140053E38CB9F6A655BB7C796314D0A4EC8548157DE9FB57D2968AA32B8D31A9EA29163553C53E8A05712A0B93C0153330519354E472ED499514328A28A935128A28A620A29CA8CDD054E9001CB5026D2205466E82A5583FBC6A7000E828A7621C86AA05E8296969299214515149285E072680B1212075350BCFFDD15133963C9A6D2B96A22B396EA693AD1D6A78E3C0C9EB486DD8234DBC9A928A2A8CC2929690D00213819355DDF71F6A748F9381D2A3A45A4588FEE0A491B68F7A55388C1A819B71CD02484A4A28A450514514C028A28A042A8C9A980C0A6C6B819A7532585145213814088E43938A6819341E4D3A31CD22892A290E4D484E066A13C9A6243D471F5357874AA4382A3DEAED00C28A28A04149451400525149400B494525002D25149400B4945140052514500145145001452514005145140051451401728A28A0028A28A0028A28A0028A28A0028A28A0028A28A0028A28A00292968A004A29692800A28A2800AAD30241F63566A3C0F34A9E8C2931C5D99528A73AED620F6A6D49B12DBB6D907BD5DACE070722AFA36E406A919CD751D4514532064AFB17354598B1C9AB1767802AB54B3582D028A28A4585145140828A28A004A92390C6D9ED51D1401752646EF8A7E47AD67D2EE3EB5572390BE5947522A279D474E6AA924F7A4A570501CEE5CF34DA28A0A0A29E91337B0AB090AAFB9A2C27248AE913376C54E90AAF5E6A5A29D88726C4C01451453244A28A2800A6B3851C9A8E4980E075A8198B1E695CA511EF316E074A8A8A29176B0518CD156228F1C9EB403761238F1C9EB52D145519B77128A28A041504B267814E964C702A0A4CA4828A28A450E66C802994B49400514A013D29E23E324D3023A294E33C5250014E45C9A6D4C8B814098B452D2532029921E314FA85CE5A81A1B52C63E5A8AA6FBAB486C6487B535464D21E69E9DCD0028E655FA8ABB54E019941AB74C4C28A4A2810514945001452514005149450014514940051451400514525002D25145001451450014514500145145005CA28A2800A28A2800A28A2800A28A2800A28A2800A28A2800A28A2800A28A2800A28A280128A5A4A002A0B8CA9561DAA7A86EBFD583E940D6E24C03C6241F8D57A9EDDF3943D0D47246636C1A966AB4D06558B6930769EFD2ABD0383486D5D1A5454304BBD707A8A9AACC5AB15EE97280FA555AD0601860D5292331B60F4A965C1F4194514522C28A28A0028A292800A28A2800A28A2800A2A44859BDAA748557AF269D897248AE913376AB090AAF5E4D4B453B10E4D89D28A28A6485252D2500145150C9305E072681A5724770A39355A494B74E94C662C72692A6E5A8D8292969282829719A00CD4F145B793D68137608A3C727AD4B4515466DDC4A4A5A4A04151C8FB471D69CEE147BD5663939348A48427268A28A458514F48F7727A54BB556992D95E85058E05291B9CE2A645DA2806C5550A2A291F2703A52C8FD854540920A28A2828746B939A9A91061696990C292969281084E0543524878C54548A42AF2C29F21ED4D4EB9A42727340094FE89F5A68E4D39FB0A007DB7DFAB355EDC77A9E992C5A4A2928016928A4A005A4A28A002928A2800A28A2800A28A280128A28A0028A28A0028A28A0028A28A0028A28A00B9451450014514500145145001451450014514500145145001451450014514500145145001451450025473AEE8C8A969ADD2802846C47D455DC2CF1F354E55D92FB1A7C5218DB3DA91A6E847428D834DABAEAB32647E06A9B29538349A293B8292A720E0D5C8A5120F7AA54A090723AD0983573469AE81C608A8A29C370DC1A9AA8CACD14E48593A722A2AD1A63C28DD452B16A7DCA345596B5F434DFB2B7A8A562B9910515605AFA9A70B651D4D1617322A5382B1E80D5C1120ED4F000ED4EC2E72AA5B93F7B8A996155ED52514589726C4A29692992145145002514514005359828C9A6C9284E3BD55662C72695CA51B8F9262DC0E054545148D12B051451400500127029C8858F1561230828B12DD86C7105193D6A4A5A2A886EE2514514084A63B851EF448E147BD56662C7269149033163CD2514522C2A48E3CF27A52C71F73529C014C96C3802A1924CF02924937703A5307514092278D368CF7A491F1C0EB4AEFB47BD404E4D0095C4A28A291414F8C64D32A645C2D3131D451453202929690D004521CB532949C9A4A458A0F06928A5033400E41DE9AC7273521F952A35196A649621185152D313A53A81051451400945145001494B450025145140051451400514514005252D14009452D14009451450014514500145145005CA28A2800A28A2800A28A2800A28A2800A28A2800A28A2800A28A2800A28A2800A28A2800A28A2800A434B486802B5D265722A05391575C6E522A837EEDFD8D26545D996209761C1E86AC4B109178EB54AAC5BCBFC2C7E9491725D510BA143834DAD0655718233552584A723914340A5722A7ACAEBD0D328A451656EBFBC2A459D0F7C552A29DC9704680753D0D2E47AD6764D1B8FA9A771721A0587AD34CA83BD51C9A295C390B66E1053D1F78CE2A88E4D5E4185029A149243A8A28A6409451450014514940054334BB781D69669368C0EB5549CD26CB8C40924E4D2514522C28A294024E050025491C45B93D2A48E1C72D52E314EC43908AA146052D1453202929692800A648E147BD1248147BD566258E4D22920662C7269B4B4AAA5BA0A458839A9638F1C9A7A4617EB4ACC14734C86C0900540F216FA523B963ED4DA069051451486049279A4A28A0028A28A00720CB54F51C43033525510C4A28A2810535BEE9A75324FBA68021A28A291615246BDE9AAB934F63B5681318ED934E8D71518E5867A54E9C9CD313255E94B40E945020A4A5A280128A5A280128A5A4A0028A28A00292968A004A2968A004A2968A004A28A2800A28A280128A5A280128A28A00B945145001451450014514500145145001451450014514500145145001451450014514500145145001451450030D569A30491F955A3514A9B87BD005246C7CA6A4A8DD707DE9C8D91EF52D1A45F42CC33EDF95BA7AD5AE08F6ACEA96198A1C1E5684C251EC492DBE794FCAAB1041C1AD10411914D78D5FA8A761295B7285153496E5795E4542463AD49A2770A28A280128A28A0055FBC2AF8E82B3EAE4126E403B8A6889A25A28A2A8CC4A28A2800A4A5A4A00A7367CC39A8EAF322BF51519B75F534AC68A48AB4A013D05591020F7A78455E828B07315D6163D78A9D230838A7D251621B6C28A28A62128A28A0029923EC1EF4FA8658D99B8E940D103124E4D2004F4A9D601DCD48142F414AC57310A43DDAA50001C52938A89E5ECB413AB1CEE14540CC58E4D21249E6928292B05145148614514940051451400528193494F8C65A988940C0A5A28A6409451450014D6195229D49401060D28426A6C0A281DC4000150C8D935248D818A89464D00391726AC28C53557029EBD6810EA28A5A004A2968A004A2968A004A2968A004A2968A004A28A2800A4A5A280128A5A280128A5A4A00292968A004A2968A004A28A2802DD145140051451400514514005145140051451400514514005145140051451400514514005145140051451400869B4E3D29A68021962DC323AD546050E6AF93822A29A2046450040AC08A5A8D94C67DA9CADBAA5A358CAE4D14A633EA2AE2B061906B3E9C8EC8720D0984A372FD31E257EA39A6C530938E86A5AA33D514E4819791C8A8AB46A37851BA8A56294FB9468AB0F6C47DD39A8594AF5148B4D31B4E562AD914DA290CB693AB75E0D4A083D2B3E9CAECBD0D55C870EC5EA2AAADC30EA01A78B91DC517279593D2545F685F43486E17B034EE2B326A2AB9B93D8546D2BB77A571F2B2CB3AAF534C13066C01558927AD3A26DAE28B8F94B9494514C80A28A280128A28A002928A6BC8AB400EA8DE50BEE6A2794B74E05474AE5A88E772D4CA28A45051451400514514082929692800A28A2800A922151D4B174A62649451453204A28A2800A4A5A4A002918851934330519350925CD0021259AA68D30334D8939CD4A0F38A005A72D369E3A5002D145140051451400514B45002514B450025145140051451400514514005252D14009452D1400945145002514B45002514514016A8A5A280128A5A280128A5A280128A5A280128A5A280128A5A280128A5A280128A5A280128A5A280128A5A280128A5A28012986A4A43D680223F7A8A7E067A5040F4A0085D07A641AAB2C463391F77D6B43031D29A40D8781401455B3F5A754C113FBABF953F6AFF00747E552D1AC6456070722AC433F673F8D2ED5FEE8FCA8DABFDD1F9500F52C6734535000A3029D5464148403D466968A0081EDD4F4E2A0785D7B6455EA4ED4AC529333A8AB8EA3D07E54DD8BFDD1F952B1772AD156B62FF00747E546C5FEE8FCA81DCAB455AD8BFDD1F951B17FBA3F2A02E54A2ADEC5FEE8FCA8D8BFDD1F9502B9528AB5B17FBA3F2A362FF00747E5405C8A398AF0DD2A612A1EF49B17FBA3F2A362FF747E54C9690EDEBFDE14175FEF0A6EC5FEE8FCA8D8BFDD1F95171580CA83BD46D3FA0A9362FF747E546C5FEE8FCA81D915DA563DE9956F62FF747E546C5FEE8FCA90CA9455BD8BFDD1F951B17FBA3F2A02E53A2AE6C5FEE8FCA9362FF00747E5405CA9455BD8BFDD1F951B17FBA3F2A02E54A2ADEC5FEE8FCA8D8BFDD1F950172A5255CD89FDD1F951B17FBA3F2A61729D1573627F747E546C4FEEAFE540AE53A9223DAAC6C4FEEAFE54AA8B9FBA3F2A0191D153ED5F41F951B57D07E54C82BD15636AFA0FCA936AFA0FCA8020A6B3051CD59DABE83F2A6322E7EE8FCA802A00D237B549B30028FC6ACA2A803E51F953B6AE7A0FCA80200302908EF56368F41F951B463A0FCA802114FA9368F414B81E828022A2A5C0F414607A0A008A96A4C0F414607A0A008E8A9303D05181E828023A2A4C0F414607A0A008E8A9303D05181E828023A4A9703D05181E828022A2A5C0F414607A0A008A8A9703D05181E828022A2A5C0F414607A0A008A8A9703D05181E828021A2A6C0F414981E828022A2A5C0F414607A0A00FFFD9, '', '3', '3', null, null);
INSERT INTO `menu_item` VALUES ('40', '2015-08-19 21:10:20', 'SOURDOUGH TOAST', null, '0', '2', '0', '', 0xFFD8FFE100C945786966000049492A000800000007001201030001000000010000001A01050001000000620000001B010500010000006A00000028010300010000000200000031010200150000007200000032010200140000008700000069870400010000009B00000070EF04E44800000001000000480000000100000050686F746F46696C7472652053747564696F205800323031343A30363A32312031363A35373A353900030000900700040000003032313002A0030001000000C200000003A0030001000000B7000000FFDB0043000402030303020403030304040404050906050505050B080806090D0B0D0D0D0B0C0C0E1014110E0F130F0C0C1218121315161717170E11191B19161A14161716FFDB0043010404040505050A06060A160F0C0F1616161616161616161616161616161616161616161616161616161616161616161616161616161616161616161616161616FFC000110800B700C203012200021101031101FFC4001F0000010501010101010100000000000000000102030405060708090A0BFFC400B5100002010303020403050504040000017D01020300041105122131410613516107227114328191A1082342B1C11552D1F02433627282090A161718191A25262728292A3435363738393A434445464748494A535455565758595A636465666768696A737475767778797A838485868788898A92939495969798999AA2A3A4A5A6A7A8A9AAB2B3B4B5B6B7B8B9BAC2C3C4C5C6C7C8C9CAD2D3D4D5D6D7D8D9DAE1E2E3E4E5E6E7E8E9EAF1F2F3F4F5F6F7F8F9FAFFC4001F0100030101010101010101010000000000000102030405060708090A0BFFC400B51100020102040403040705040400010277000102031104052131061241510761711322328108144291A1B1C109233352F0156272D10A162434E125F11718191A262728292A35363738393A434445464748494A535455565758595A636465666768696A737475767778797A82838485868788898A92939495969798999AA2A3A4A5A6A7A8A9AAB2B3B4B5B6B7B8B9BAC2C3C4C5C6C7C8C9CAD2D3D4D5D6D7D8D9DAE2E3E4E5E6E7E8E9EAF2F3F4F5F6F7F8F9FAFFDA000C03010002110311003F00BFFB187C04D3FC57A03F8F3C73A65CCB62F71B349B19D0C71DC2AED3E7B0FE242490A0FCAC15B20822BEA282C1E3616907971DB4202C691A0458C018E00E3A7A56F5C9B0B1D2E1B2B3B6860B6B341145044815238C0C6D551C0180063B62B8BF11F884B6F489CA4632A300715F97675562A7794FDDECBA9F45848CA5B09AD5E1D325609339667DD90C718EDC74AE535FD564BB7CC859C018C13DAB72CA0FED653E7011CA136A97CEC75FC39CD5ED2FC13E62249769BBE60BB55CA03CF2791E83F5AE5961B118B8A8D0564CF4E188A746EEA985E09F34457B7B7315CC96B1206F2E3E9331ED8E9ED595AC27866EFC966D35E192640F2CCAE51B767042827031EE2BD123D1D21D42EE1B798A42F6FB2088642A12AA793CE71BB15CEEADE09BCBCD484D3F93F6612172229B71607D4F40335EBBCB2BC30F0A764DAEEAE72AC742537252B2EC8A3E1CD43C3EBE1F6B4B3D3A78549DECD348AC4E14E4EE038CD3AE24D4EE6C6E752B7851A482D88827963064442DF743003194C915AFACE9B068BA74BA85AC505D4E9127916EC7083038248E49239C7BD717A35C789758D64817F2EE672D203F222E39C1527078E0715DD272A308D292FB8CAF193738989A825D5DCAA27925DC301541DA14E73F41C9EB5E8BF0EECAEDB46B4B696CA38ADE3050CCAFFBC452E588E386273C1ED9F735ADA5697A3C101D4AFB4E6C14FF00525849E6B74C0C70334695E2417F2AC765F628D17F74E238F6F94D9E3087186E0739C7AD75613054E8CBDA3776CE7AD8994A3688ED52E16F239A6D2B4EDB712C27FD6945338C1C938F9BA0F71EC6BCFBE23783EF75EB3B486D6548AE2D46E08D1BB444606F1951C720F502AFFC4BD06FF51F8891DCC8A52CD638E27BA890A6E202AED572000496E9C7B66B6B4F6D56DF425B5BFBDF3AF21DDB3CA29B94755DC3A29CEEFAE3B5156D88728D5564674A52A7EFC5EA733E0DF842F73A55D596B5388A1D4A33B1924CAA37553927F43D6AAFC42D7B4F7BA482DAE7524168E23885B90A36A9031C7FB484FE38E95D4E89E1CD6BC472DBC9048F1C10DDC6D746695BE6008FBB8DC01C7A5721E3BF027886E7C49BB4F36D6BA4B5CC86E269F707B65C852A31C337CD803393F5A73A5529508C684745D4B857752779947C75E3AD464B682C5580864F21C095C97DC1492DCFDDEA3A60714EB69757F12499822B092E1EDC3C6B751F9B2E0B81B36A8040FF006B248ABF2DCF842EEE26BCD6B4BBAB5D1F428D638DA5877CD728088D548073B893EBD3AD798BEBFAE9D41AE56FEE626B8055D1502AA03921047F77A0EB8CF1D6BCFAD5FD9C97B59735FEF3AA97349BF67A33B1D7BC317FE286B8B4B7D364D3A68B6ABAA3B33109F3138C9C03C63A75AF3FD1FC43A9D9EA72E9D14093A5B2A99619F31C8A7700402781C903E6AEE3C21E33D42FB558F4DBE926752AA91FD9E67883329C90C49CE4F4C8231DB15C67C7AD66EAC3C5DA9E9B6569E445B956E098903DCA6DC8DE7196FBC39279EF9AC6A2A318FB4A6CEDA33955FDCD78A7E6751A06B165AAB32412A8B84FF596CD8F3233C718CF4E0F3CD68B2B2A95380F9CE18F6F6AF3AD123B9BF864BCBBCCD1DA5C88EE24139847CA32A11C60E32DC8E9C74AD6F0A78A6491E7B2D47698ED5BE599D4F9A01C90A54750063E6FCEAE9E313B291C58ACBE516DD3D523AD3D29B4E8BCB92C56EA1944D149C09148201F4C7514C7753855EA3AD7A91A329C39E2EE78F3928BE57B8E0C7D694918A6D159356DC7A0668A28A407D07AC4CC6D1640446A4379923F4CF61F4AE6D74582E9E631CE265521FC98CFCCC7D067D6BA2F15DCB4B39897848954C518C0F33070C73EBDFF000AE43FB6B4CD275F9DA4B71708C5775C492EE311FA0E4E3D0578D569D05CBEDD69DD9EA5095550F73737BFB24C915B44E86DA38A50CE85B7301E9C7A53B57BC925D4112DAE045E570A01F998E31903D6925F185B21B99DA58440927CC628B993208E09FA371D78AAB6B7374DE25B59B4FB28E579B0647990E5109EA141E303BD7B3154A0ED41EE73CEA4DBFDE22EDA6B7736BAE4967E6C03ECB19791FCA20BB655705C679DC738E3A62A9EA1E23B6B6D43CB995DA2076BA897058A9FBDD3A1FCEB6E58A6B5D4A792DE036C9296F3DD005CB8273230FA92715CCDDF866F751D44B5D5D402CB2A1E44CBB6E1C00A0F5C93CE6BAEA7D669E90D59CA953936CD892CADF589AD90DFA859E3056162E7CB18279C0C0EABF9D6078D6D346B49E3B5B431E62870E7197CE792DDFF003ADB90AE9B764A2411CE90147B9236EE017006D1C671E9D6B2B4D36B7DA9CF1EA366ED10899CCD00DB2617A827AE2AB134DCA2AEACD970A9CAFC86782925BC88E9FCCD6D1B1FBA18C6BC72DCF435AAB611DB5E8D4DD7CF8BCD1E5794089319F98F03A818AB5E0DD63415792DF4A82E639463112CB91B41C123B9F5FC2B4757B8D624D35041237CEAC555136B283C60F079E38AE8A5420A9A69DDAEC64EA373B2D8ABA87F6CDE4A162B7865864001109657854E78271C1C2806B8E9BC2D1DD09162BABEB698BFCBF650BE64797C09013D464F35D65BE813CAAEE27118BA4731849D8BB9CF39008F53D7A547A3C32DB3C93DCDC343246CD15BC6E836C9CE77138E07078E9C74AA951F68D5D6825371BF632F57D567D134D874E926FB64F0ED123BAA46B273F7881D5B18AE66F6F6F750D3FC836F2B2F9A5F6B92DB989E3939EF5D76B7A32CB28B5BEB8650BB636BA85CB33B92331AAE0E0018E48C9AB17F6925969F616B6373681FCD6FB519412C514F5C8190C32B8E83D6B195294B472B457414651E64D1E777BE0EBED5BC3E6D755BB1A759EFF38BF962632B01DFBAF2474F4AF25F10E81AD69EAE82C2695594A2BC111652BCAE4E390703F5AFA3D6F2F67D61E2B6BAB17D3C8027B710379AF26725B7E781EC29D7FA4C577AADF6A315D7D95270D2456F9C12461381DC679AE6C465742BC6F1DD7DE7652C54A948F1BF85BE17B8B29EDB57F1506B4B58D038866936BB9C67677C11D4F038AD2F17CBE11F117883E5D31CBE9F22DB3389F2663BBA6E2B9EA4F7EC2BA5D67C3B65AB6993C9AF5C5CA58D8C2D2E32646DB8396009E5B19E7AD63E8EDA5EAD7D36A274A86D52C88112B150F32E41632A8C00E40EDD073531A2A943D9C5AEFA8E55E739735EC733AAF8CFC39FB9D1EDBC3F653A2C84742F2487819E1400C06EC1F719E95CC3E8697BAEDC5CE95AD59AEC76B8B9B76744740386CF40785CF2702B92F88D24D6FE2FD42D6C956058E52ACB0E5718F94F1E9C0EBD41AE7CD95CAC625826937821810F8391D39CF15E3D7C439CDDD1EBE1E9492528CB5F336FC5FAF78B7C3DE2196EEDA1892C1E4DD6C506E81D1802B9E473C81D4939AE93E1FF00C43D375D665BDDB677380102B6E89CF4E49E464F43D0F4E3AD73DE13F15B5C1FECAF10B34A92466159E55F3237886787538048C9C3632780401CD6578DBC1715B49F6AD16E0ACA41762CE5776E0BCAB1E7B8E0FAE2BA30B8EA949D8D71184A18A5C935697747B7C2DE64624046D3D0839CD3ABCE7E1D7892F34AD10596BD1C8B14200FB414DA236C1183C927247EB5DD687AAE9DAC5A1B8D36E3CE8D4E18823703CF51DBA8ADFDB46736EFAB3C2AD83A943DDB688B945145696392EFB1ED9E2BF13E8163771C6FA8C4F79E6911A46A4B0217049CE463DB1CF15C878B74C4D535069EC2F6288CA8B2B0918A06381F74ED001C9CE0D7C93A67C53BED4099F5ABA922BB6204734319689891C173BB2A7B7CBC57B3F863C73693E930DDC3AAC3AA33CB13CA227DF1C91B637000FF0012E3B82731B60F22BC6C4BA9524E18885D791F47470EA3155293D7ADCF5FF869A36B0D712C5776C12D799079F182D1B8C91C1FBD924FE75D5690F2C775757B6D24326E6082E3C9C1403AAE6B17E12F8D74FF0013CBBEC352DF7D68BE4DCD9310D3423A065ECC3907DAAD6B123A2DCDAC2E6374930230C4B36EEA428EFC8FBC3BD7B582A54E8505CBA9E4627DABABEFA24D775A074D9AEE1795E58235242B07DC3A7AE78F5AA1AE788AEF40F0DD9DC6D3F68BB5779959B72C2DD76609C771E9D3AD723FD89A9D86BF69369B3C292CAC46C9176B3127A60A907E95D74DA1DB5DD9DD5B6A57C9732005B96C11C120A804679E0D3857C4D58BE8D0A54A11B58A1A37C50B192610EBF6AA1E798451B436F85E7805BE6E07A90A7EB5D969D73617D612CF6D6FFBBBA12432C872AEA491962481800E4702BC9EE7C27A734E2CEE75148D5E332C8B1A0DCA3BB1C9DBD3EB5D3781E7BAD3EC7C88B576BC8AD94A79B7D146ECA37670AC17770323935B60F118A8C9C710AE8CEA4236F74ADE20B73E18D696E52E904C0EF41E61C3AF7503D48E2BA48B549757863B9B2BE7B065425C457192871D707BFD6B362B08EFFC402CF50BE8AEA768F33426405D47A0EEA48E98ADB377E178E49F48B38ACA2B89D40942B0DF81EE7F5AAA11929CA69DA2CCE6D691B6A67F8FB58BC92C91ED408D95994C84AABBAE3EF0C7206793EB47C39F15DCDE69705A5D159999555AE0A27EE48660148639CB28AA161A0DC5D6B30DBDC931D924C524B8701E490AF3C007A638E2B6A1034EB69E28E38EDD23725A7701768E79DCC4E4F3F51DB1574955553DA4E565D88928DAC694F35826AE6C3FB305B0976CD75708A0BB1C1392C339CF1C135C15E5FDCDCF8BA15D3AD6F3FB3D486686E65CB49F2E0F18F94631D49CE2B3BC49AA5B58E9F7DAA433C9772DA2AE4CD707058BAC7861D38CE3EB47833C709AC5AC3249AA4366F6E1BCE8812AB2607DFCA963C02386C751D306A2A6329D5ABC8DA45C68B51BA3A7861D56D2CEE268B4EF2D8E5C44884807690589CFAFA54B15CE9634B1717C938BA8E261061CAB8E390549EBE83BD4DE1A8CC9AC93676C04370BBE69669C9942B0CE40CF4279E6A3F12B69377AA5CC134E527BF702041B15F2AC001863C03F4CFA57653B28734599BBDF631BC676612DAE60B3BE92499ECD6DFC97C2A976E4AF39E70DF4E2B9DF87BA4CD0783F50BB3A6992FAD6569A133B6E42E10900AE7E6E579F50715D56B7A75DE43C70928408518B125F1D58B0183D7A8A66B3A63CFE0D682C1E659525225C46C0AB01B49C1F9883EBD2B925494EA73B368CDA89F34FC538A6B9D70F881E270D7E765DE222A892800633EE841C63A835CEC370A8563D9904E2BEA2D6BC09A6EAFE0A974DD4E48E2BABB53FBD19768B6B6430F7049E3BF4E95F3B78B3C31AA786B569ECEEAD9A48919847384212618F94A67F51D457898CC1CE9BE65B1EB6131519C795EE64DC4115C65DB0CDC91901892463BD6BD94D2788343FEC5BB78E4BCB152D14CFCBCD1700AE7B919181FECD7377B776D15EC6BB9C3AE0B2A29F97DCF35D0784879A45CC6A03EF1B48E0FA673F8D73C69CAC9B3BAA557185FA9857161776570BBE4DB80DBF2C7663AE09EA7A77FC29B73A96A1A0CF1EAFA532C513388E56839018E1807539C82063D79F5AF59F887E136BAD261D7748B74D92C71FDAADD5B7F96C17E6703EA09C0AF2AB9D324B4B85962B66BDB18DB17302FCF86CF7CF391CE33E956A94A8CEEC54F131AB1E4674D07C56B8F25375968D21DA32EB7E406F7033C515CCFF00C23DE193CB5A5EA13C9419017DB00E0515BFD709FA8C0F30479165DFB8927AE791F974A92D669A0BB59EDE468E50028646287E99155C337AD29248C648FA1C1AF5651525668F094A4B58C8F48F83DF116E749F1AE9F26A33259C45D629B508D4C4E89B48DEC01C632793EDC835F55278D60D5E2F32D35BB5BB882ABA4ED7D1EC955871E56EDC320F382012303A9AF8355886C8C0CB6E381819F5AD2F0EEB1A868B79F68B0B878F2419620C7CB9867243A8FBC0F7EFF90AE2AB859B5FBB763B28E29369573EDFFEDB0FAAC30A496D79332C86482175DD086C14DAC4804807D47D475ACBD6B4CF165E5C1D4F4FBF82792DDC7EF1D84714DF2E406503E46CF1FDC3EA3AD7817C25F885058EA16F73772ADB5E1BF591E39D41B7604745723E43BBA0E9F857ABF86FE23CA6DF5486EE15F255800275222753D15781B072318F979CE475AE58D54BDCAE9E8754B0719C1D4A3AA3D6B471FDA11DABEB224B6BD4B12B2E9CCDBD50904E5B3C01C1FEE9E38CD26B5AADB68FB858D8C6524CBCECA0056EE40FCAB0BC37E26B3D5B465BB8962919B77DA9A2936FD9CE38578C7201F500FB0AB9BADE0B3753106B5B898796DE6F9BB95890720E0A8191DB3C57A51A89C39689E5CA0E2FDE460D96B9A3DCF8845F59EA51585E34E3CE76015F19C1C31EA71D2B4AFF0055BED2F539358B4D14DC44AEE05DAA19772609C75C671DF15C77C52F85F7FA8B0D4748BEB2B10D70AA60BE91A38F079051F69E7DB15D5FC0AF0BF88B41F055FE9BAEDFDBDDCA6F564812D66322C2BE490DBA523EF647083A6073CE2B8A853C4D497B39BB58D6518285D1A927C436BAB56FB4CE618652CAF22304D80AE32A41E3F4A5F04E91A77D8AFA69B5E6BC48ADDE69367CDF8B28CE71597E3EF015ADC5C7D9F4C820B1D4084412052AB2E4F1C0EA73DC735C2783750D4BC3FE3B116B7A7DC4224DF6CF3CC8EC9196381B9829F977E3A76EB4FEB589A55D42B2BDCC392328DD1D5FC4FD2DAF7C0571A659AC9198A01A94F71336DF35231B8A107AF2CDF52A2BC06C1AE6FEE56184E5E5902C68064839C8C9ED8F5F7AFA7BC7DA3DDDE5ADBDF4B721E616EC8D147F71FEEE704F1D78C62B1FE1E7816D34BB4D4BC532E8171A96AF0B978EDE1C058838C123B13F74FB12718C55D5C0BC46215B434A7888D3A4D3462F878EADA37866D5755BB134F359AA02246CAA1E36B1E09207CBCF1922AAEB3E20BB90BA3DC38120DAEC1B923EB5D4FC53D36EA5962B81E680204B68FE70DB0A2EDC1FF7BE63F5FC2BCD6F74BBE9AE195C18D4020303924D618B7560F922DA46509F36ACD9D035096D4C6B757B9B76708911623CB52792A074FC3AD7A4DBDF787B52BE8AE7EDB34378B1A2BCCCFF0036D5E9827815E3BAD6A22CCC50244B249B4287550597D4D663EB37C970A62B8087207CC31FA74A54B1D3C3A49EB735941495CFA035F9F50B8BBB8BC49A44B52A0085240495381C11DC904E7AD53D57C35FDBD6505B5F4123433C4D34DE63630C378CA16CF24290718CD735F0D3C45AA4D6084CF23431FCBB0484127D41FC4D7A6D84F1AD925E4FBC332AAF985C6FDC0E70057B987A90AF1BCB6391B707A6E784FC44F8116BF68F3A062CB28F94C4C15D7D8E3AFE553781FE18DC69FABC287CE658D415693006476E98AF487B6B4BABB9EF74CBABA13C9203B369661CF2063BD6EE8F7B38B34D3F748D2B026591D32231FED7A54430D49D5D1686F2C4D570B339EF13A685E14F0C49AAEAC316F64AEAD1C085A49B2766C404F52ED81CE79E08AF08D1359F0FF88FC42F696F6F2E9F2DCE5D971B7CC5CF5DBD18E3AF4FC6BDE3E33410EB7A0FF6718A397ED112B4B1B260C888770EF9C83B4E477CFA8AF9D75696E3449A2B6D3B47B2B3BB6DCB35E05669180FB8177E4648C1E9D4D618E9AF6964B436C2D9ADF53A69BC01712CAD22DE69DB5D8B0DD0C80E0FA8F5A2B827F1278CB79FF8A8F52EBFF3F18A2B83968763BB9B11DD1E3734B1C68599D13033F3480FE9C1ABF2E99AB2450DC3E8BA8C704A014736721571EA09033F857D77E1F8BC116561149A178534FB0916725647B18C3808158E48182787C600CE056CDBEA56175A65B7DB67BB926589E59DADCA15917921583021415EA00AB59B6165F0CCA8E4F24AF367C4FF0062BD0369B2BA0E4F19B675E29D2DADE00CCD677118C701A22381D4E6BEF0D6346D17508113496487CE8CF65638DBC83C7F2AE465F0EC0B7A96D71A34535CC194334EC4230FBB8D898CE49AC3139D52A0CD2193A9AB46763E40B69533992612371952198F1DB3DABA5F0BEB977600AC0D0C96A4106298EE54CF5C60E457D03E3BD234F7B65B687C33A69907194880753EA1FA7E041AE4353D1AC60648BFE106D36381D0B3DD6E6F3148EA72580AE659D50AEAEE37378E4F5A93E6A75751FF000CFC4761A9C53585D6A3716175740325C5CEA0AA03F4420B005829C1C649E38AF46B5F1558DAF876D6EB51D6AC5AFC4A74EB84B3955926723E42E14B2800EF273B739E7A578FCFE1FD0A7626365B365DC4ADBBBBA4CDC81B721F1D578DC07B8A974BB2D5F48630F92B7F04CCA013F310CAC403D32A705BBF7EF815709C2F783B11529D46ED5637F43D76EFE21E9563A745A9692C6EA1B599E2BA132AB6CDDD5A262493819C74F6C575DE15D39AEB5AB3D7348D4613A4DEC60BAC8C03A215E8148C0DA79E7F118E6BE79D275DF094BA0C9A75B5DFD9AE9EE227B88CC9FBB941F95DB73676E30495EFBBA57AA7807C436DA4781A5D256C8C16360882DA569CBAB8320FBAE727819E2B7A5889D37CD55B5D99CB88C05D5E27A243ABDA5FDD5DC5AA7D9ED574B954C724976079C3CCC2BABBE3E53900633DB8AA3A0F86B52B5BF5BF8FC4B6AB62AF84B66858961920FCD9C024E083F9550F08EB16FABDF4D656A649A29A1282DE588344C18746DD9C020670723818C55BD4265BA96E2CA49A0B3BF55468ACE7DC11E3E30CA011851B40C93B97AD77732A91E77AF63CD9529C3467571DCCD26B32DB796F776F13B292EA07EF91495CE472ADBF27E953DF6A0FA5F85FEDE64FB3A10FCC209CBF53EDCF4CE38AE4E6D7CF86AD47F69F882DD239A543699DA5925604632727939039EC2A2D1F589B5AB58F44491EE2E55592E6DE5439556240957073B41FC48AE8862AD2765A984A0CC66F11DCCD76B3411ABDACC1B72BC258821D9B393DF6EDFCEB85F88BAA49A46B9716D0B34ACB2B23B0E067AFA1C71E95EACF6D67A4E9E25BD85A58E061E6173B9239001B885EB800E7926B83F1E69D14FA9C9A942D11F3E5323244728D9190DC74561EBDF8AE3C4AA8E1D2E546CB438CD1F527BBB8565B12E470CC837707AF35D3DAE97A5B5B8BABBBA86D46331B5C6D25F1D7000CE456359D908EF1A5668D1BAAA293F31EC2B8CF1CDAEBD6BE2295E1BB90C065051D262BB3BE36F4FCEB8A94F961AC6E6CA3CEEC8F6DD3351D1208D2DED25491B6FCCE9919FC2BB7F09EA1BE290C2B67773246D246256D88001CB3673C8F415E2FE008AFB51B34865533CDE5ED279DCC7BF3D3A57A2F876CEEEDEEFCE20C11A3E559BEE8504718AF4B0B3A92D6DA184E2933B5B1B7C5F7DA6D6D9E28997CF0C87A377191818AC8F18EA96F63ADCDE4D9AAC57489FBE472A646DBCEE3DB906BA1135ACF33598594DBA82485273823F9E338AA1E29D1ACEE6C468F745E0F2584A93264B86033B723D3E63EF5E8D48CF96F1328BB3D4C0B58A2D5EE6D2F9EF209059A32C4973B54F9D96DA3781B8038418C91C0E958BE22F07596A6CDB537B7CC4AE72067EF1538E8299A1BDA6956D2DA5DCB34B7A9298D51CED0880E4301EF5DBA6AB6B73A509749D3A73146EBE7132FCDB7B8F6CE474AE7A7CB55F2CB72B99C5F323C91BE1465890EA013C7C828AF457B6689CC4F69712B21DAD27DA71BC8EF81D33455FD4E91B7D6A663F85A0F0C269B2BD98BA923BA7439565696265C16ED8C1071F856B68BA069B25F992D9121121009CE4373DB0319AE7FE1269F757664B599408E61BFCC19DD90A4F41EB5EA3E08F0D5E5ACCFBA46285FE51236131B73D074FAD78B86CBE15E317282B1EA57C64D4DA5237AC3C2F676DA77992AC48D13E637C0DD8C7AD73FE2C82CA2B569E7F9DE40137300A0020F7F4FC2AD6BDABCD08216EE1B8605C6F89BE500739FA819AE1752BCB8BDBD36B0BCA771CF98A483E98C8ADB19470F3B4234EE72D1AD5B99CA522B6A9A619A1B87B6D1C3CB07CE970E8DB768C9E307278C76C5707AE786AFB50D567D4D24F3E47B60C90331291374F4C13F4FC6BA8F19D8EB7A7C1F6E7B8BC115CA9855C48C1A50000413DB391F95737A525BF95B6E6F0C690F97245BB8F3439725548E3202AF5FEF579B2C2D38CB9792C7A14F1334AEA57387D6FC4DAAB3A5B5D691A231886D1249A59DEFB463279CE463AAE3A55CD225BFD42E1336F6B688E1E52EDBF6E3E6E7CB763C70BD3078EA335D5E936963E3018B8B1C04CA6F2BB3C8383FC7C719C0CFA1AD1BFD3FC0FE02B0FED3D62FAE750BC044761A7A48BE76C39219B20155E84310338C053DC580E7BDDD91D0F3176E5B1E5DE33F066957D10975ED3D1E4FB3B1F32D14B5C444E70C4EDC30E7853C7A9039AE16DFC21E22D37509AFFC31A825E476E8257B692230371DF610C99C77C803AD7B3EA1E34D36E2F16ED745B7B77FB29B785A698486363FF2D38519619E054BA3FDB5FC3BA85AD9DCA4967751EF9E7C00F181CB7200C64741DE92955A2F913E68F666D0C54651F7919FF0F64F1A4127DBEFBC13796B3DAC6D04B77A75DC4D02874386085CE0E719618C7A559BBF155C6831CE2FA55B9DB1B46C2FE4C3EFC13BC0EAB86C65BA7E15445EEB3A2133787F519D6564C5C47203F65979CF4CE73B87273DFD2AB6BC757D4B4692E354B0D362789C7DA65583104AA4E49930C013F4C9A95575F757297EC694DDDBD0D4F03F88E7F10E9F7D61A806F2C59C9736EF2B0784151955DC7A8238AD0F0A78E3C3BA7E9B16B9E5C9E69B716377731AB2B592B11E59901724A9DAC164E878040639AF33D761BBB3D259ADD67897AACB6AD93185CE36E7823E607801BA73567C15AF595AEAF71A2CDA7C7236A2A52F275198E44C124B646047823201CE7DEBAA955B3BB6706272F8A4E513DF75DD5F4A8E2B6D367D4E49639E2F243796CED2B70C5B38C2F45C1CF3BAAD3F87F4CBBF0C243A62AC019FCBFB4DC3F96A57390A473919239ED5C2F80F528E2B67D15527BD8ED6102D124B833A48A036D5058F25461304E4F739C0AEDA3F1458FF0066A5BA422E6E1A2FDCA411011C8DB7E7CE49D83E53B73D71DF06BD4A52849394F63C1941C65639CD47C0DA9DBC31DEB58B4B08728B2A03B1D872181C1CE707B76F7ACC87C3EF6BA8BDCCBA7DC8494FEF3F72CEB9F5E4607E55D2D8DC94992FB46B9375685B25631FEAF38E31DB048C77EBDABB8B7BAB29A28ADE4990A4830E276DCC5B19C631DF38EBDA9D0A74AA5E28994A51470DA469D72D768D22DDC4C1F2B02CAA899EF92BD0639E82B37C6DE2A5F0CF99E1EB7B592EA680E5E6BAB80400486C606091CFE95E9EF7B646DA7B2B4861B7250AC2CD1E5A36C7DF2ADC9C1E7822B2EFB42B3D6CB8D4B42B7B85F2832DC12AD2CC4741C9DC067DEBA6A5392A7C94F464465677914BE0D78C353D7B4F574D396531BC8B3DCAA8D89B00DA003F78E081F5CFA56DEBF0EA1736026B705247E3824153CB1C73CF19073EB4CF0A69F0F86BC3A96F68B710DA7DA32F16C55DA0B6581C1E7A9C66B2BC737020D566923964586770F0BC7C04C907B7438ABF7E14527AB2776D98F756B68D776CDAA29FB447F2863D7AF727EF7E15D8699A0FF65189A49A3599E255E26DA243C6323D460552D34797A37DBAEA08EF6258D4C30CE80EC2C71D7A8AB5340FA8698D35B5BAC52A61C42B203927AE09EC076A9A34945F332A4D5AC695C6B6B05C3C0BA4075898A06761B98038C9F7A2B1219AFBCA5CD8DBFDD1D6504FE79A2BA79A1D893A8D1BC2D3786F4DFB1D8A466764CDCDDCA7846C7CA141E83DEA3F10CD756D64E0BCBE7221124C9200AC08C76F4154DB5C8A2B15BAF12DD461E1618B7958B4B30EDC03BB6FE3D3158CBE29D16FF551676EF2342B1308C4B110B3C9E8B839C0EE6B96ACA8C60E3076358F3B95E461DB6A52C72380920844619B6A2E08CE31CFB7BD777A0AE996314724A8AA99126F9C14DA3B75E0F238009CE57D6B921A54BA9EB701172B1288FCCFB3A8F94907B9F4F635B57ED7175A03413DD44CF0B2F9B1DBAE4850B9456E3A9C03C7A015CD82A7EC5734B566B55B9A51456F8EBE36B54B35D1AD6D616B98A58DA58B1BD60DBBB2ACC38E98380326B94F085C687ACE91756AD1471DE4511B8BA18204481BA4608E463D3A715C66B716A377ACDC4EF15E5C1573279862E849E7AF35D47C33D1E5966B9945A4712490989DA54C3404F500E7A1AC7DBD5AD8A6E51D0D9C630A4927A972F25B7F0468B14F705AEAEEEC30B78FE468E30A7682FC739F9BF2AF3AF145BDBEAD7525FA895FED526F9D9CFCDB8E338FC063E95D57C62B46D91CB6CA258A0458F11AB6D880EBF4C93C9AE03C0F06A173E2C5B748A568C86DEA1CBEF18E36AFA9E95C789A939D6F656B236A49727310FF00648B5D39AF6F6D16548D95630738C96E33EF5D57807CDD45DC24286196DCA18578DF81F2FF008D76A3C1F1CFA6C6BA85DC30BDCC397B303E738E8C064F23D2AD681E0EFF00847EC6FB52B3D524B89E58845650B2A2888B601C90A32739E78C574D2C0D487BCD6844B12E5A1C56AD6F3D9CCB63058AC5707F7B2BAA12CB923014F6E40E94C7B5B1B9B4BCB6D72EA2805BC2F70FBFEEDC9DA4A051FC4C0AE3EA6B47C3FE1ED4AE35457D7B53860B86919A28A4B8F31E788E55972090391C77E6B67C59E18D2AFB494B1FF586100F9F1120AE06EDA17B9C8154F06A69CAD62E9D771EA78E69F08BCB3686DA673771C4D2EC791419C0F95572D92474EBD315145A3FF67C90B6D9617942BC966F70FE52642B92403C0C03C0E3DB835E99E1FF0087D6B1DD8BDBA8E2943A6C830DB64671D02E7D95BF3AE77C4B0E9926A3A84567702316520688492A4485B92AECC3924873F4C9C57056C155A706CF4E86609BE592D0E2F43F192F8325BABFFB2EF960DB8862658A3243619B63E4E7E63F329014FD415EDFC33AFC7E21D067D6B4C9E7B47BA9BED30AC4BE5BA81C1574380C016382011D79E4D70D3C57572F6D13E9B35B05666B79CC89232B0DC32A791CEF0403FDE3EA6AAD95CEA7A1DBDCBBDFDEC42FE46912E2D9245DE72CC364870BE5E547CA4B1F98EE0053A7553872BDC788C1C27EFC0F75F0A5BDA6AFE174D56C99239D832DDC8B30186C900ED2719CE49239C1EBD2BA3D0A1D6A4D4A2F32F117EC4A11A29A25915C64FCC48E4118639071D2B86F0CF8834CD634692C2D35186D2377C3C6F2A33C9B8851C06C8E08FEB9AD7F0EEA6346D0A69AE355BF9E10DE5ED89F242642F01B24FA81D3DBAD7A34250824D33E7EA529DDA923A0F13EA7A45D78C52D2EE79A29A070B1DD00083FEC37B1C8EB5D04D792696D6F0D9C97722FDE2DB8101BBA838E98E6BCFAFE4D065824D42496F0C8EE16E258A33B17200CB1CF031DFA83FC35D8E99A8D968FE1D174757494A40522B8964221DC47CBB8938C838E719ADE9579393BB319C1E86945E358EF6FCE9B783179144664B5523332E072413938C8A479ACEF74FB79678CDBB5DB38860741B30A705B279C819AF35F0EDDEA1E1EF19C3A9DC3C77D652B179241B66982151CC526EE558AE304F1CE315D5CB710EB50DBEA167ABD95C5EC4C55AC63721882724AA1C1071D78C7BD74C2BA9A2545A3A512CA76DB0B54B889F085E31F707A903D2A3F1CDE43697D0BDAD94220B5DEF28B7725A3053FB80E7273D4F420D60CDA898E137448B28CB3466399F610C07F083F7867D4E2A4B7D3359D4AC5DA597C99AD244FF4BD995906E3F20EDCE7A8CE3156AA37A24271B98E979A5CA825F3234DE376DFB283B73DBA515BD76678EEA58E236EA8AE428F2D4E0678ED4565ED65D85ECD1C8F8D44D7DA85D3C4D1CFE5E7CC78FEF647D2ABF83B4D966D597731696152C8E7E50A71CF4EC7A52DA78A2E8DC996E6181015DAF325B85F33EA14735D2784F57B44B396E2D6358AE194852E8C413DBA8E39F5AF2E9C232ABCE76F3B8AB1A5ACE9EB6F63713C058496B11DAD100AB8E33C9EB8C1F7AE1C6A5A95B4F23C77D3A895F7B6652016C6327FCF15178F2EF5D37914973F6C91431C7CBF20C9CF3DBBF602BA1F096856FA8E9C979A94770C8B089592DC0C8E7A1CF03F1AD1D59D59F2C15AC45F956A476B0ADCEA705E49764B35BF94657762B2BF1C2AE40CF5EA39AD9D12D7E49FECA81E777FDE04753CED3966E0053E95CD59E971BEA12CD7C1DADAD9A48A2B7C89198C80856C9E37296C8ED5D34261D3F4A5D3E08E4312A6C9A7B907CC6C8C0195E78CF6AE9A5EF47507AAD0A5691FD92D2E46A52831DFBB61CB02AA57279FAF1537877FB1EDD2536F67024E63F299D0206D9EA081CB7A63F1AC4F13D8DDADB4864951A085F10A84C6C5C0FBC0F7E3AF5AE5F44D3EE2E75A8974E9521579C6259033AC201FBC573D3D40EB5CAEBDAAF2A8DFCCB5F0DAE76D6B2AF86AD5AF4DBC775797726DB68C8398973FC4083FA558BF9B5AD6E3171F6806E1D00588370183FCA59475009EF9AB125ADFA2CCD757C5A39896837E461546368E7A13CD79EDF26A6337104C6DE66C8DCB2152DF37AFA56D3AF3A6AFAD999460AE6B78AAE354B2056D03DBCB33EC6741F7146DCE07DDC3B67B6401C62ABF87EE759664B8649659203CFCB96723A01EFF004AAFE1337D78D22CD78E6244CC677EF64908DBC83D41C0EBF51CD75B048B34023D3EF4A4334C11D921F9E361DC1FA8CFE34504EAD45293691AE884D674E7D474FB38EE84562D6F89FED2D2912291956F949EF91D2BCE7C4DA75C412DD69ED3C7736D7E1A68B11302BB37160C7A600CE3FDDAD7F1C4FF0069D79EDD9A42E1A4541E6125402300B13D860E7AD4FA1DDBC7664DD8FB5C365C24A64CA63272081F7BA9ACAB4D4A6D742E13B33CBEDE18F4F1347692186681B6B93182738E0918C11D2B4A7D254E8A6671E409A50F35B96211C83BBE4C02005EBD320600F4AF429B42D06D2C06B325ACB2C63779DB1F3C7F16E04678C8239EF55B5DF0B595E783C5C5A5E342A8C2E132DE61604838C8C05F94E31F4AE59609B4E48EEA58D707A9E2BAA06D14A5D326629CBC76F7B14BE5A472B2FC9BD87CA57200049E4FAF4AEBBE1EF88A7B6DF1EB9AADBC76EA638A292488B164218ED3CF5E060823AD74FE25F0D2CD688D1B029747CA7866851A39048B9395604103A7231CD795F8AF4D9FC2D14F1149DF459AE3CC80461049039C9DA5B07E5DD9001CE0718CE2B2A14A5FC3DA474E22AD39C549A3D63594BAD4A2B3BAD22E226B948DB7DA24888AD193F2A8663D87404F04D7549259D9F82275FECF84CF771F977302CE93240ACBCFCA090C71904F51EA2BC63C0BE2A3A3C7629693C6B692F9A91CF28321495DC81237230148563C77E057A26977561A9D8F93A55C430C915C6D57121F2DD8E3760139C121B8AE88270972CB7EC7995E95BDE5AC7B94E09B58F094D07D8D06ABA34E9B15244263898824AA9DDB94A027193C935E9FA65C69D0447553631468A8F2240D02AC8EE5728033027AF73D2B36E2F2D1ACD74BD463560CF12CEB029119248C077FEF37A8E8723A547E3E875313EDB495CC2A151021202201C02718FC4D7452BD28B7B9C6E3AA7D0F3CD5BE2CCA7C4D716F7FE1956B368E49591AE0B3A38047DEC6D540701860E46EAE87E0B78F6CAF608E2BED4E5B0B9696465B46E63913202625DB82760E436DF9B180735CE4FE1D7F14CB73022FD9AFE34F35D645204F8FEE91C127E9D4D73B6DE1FB8B79514D992620DBE35621901EB8F4F5E2B3862ABC25CF634E58B47D012DBEA72CAD20D6B4BC3B161985B3CD15E75673EB91DA44897D3055401412A4E31F4A2BAFEB4FB18F2F992F87EF2CAFE0441348524CA1E71863C06E7D3D2BD23C3FE1C7FECD4BC5650FBBC8CF4C8D872FF9D711A0F872E8EAD629258919884ACEA3E5570E738FC80AF76F0F687043A258A5E0DC1B1248A1C8FBC70B83EC7AD7460B0B74DC90AAD4B1831E8E935A2B4A180C8121450777B9CF5A5F07DBDC6A334F0B598B68E094A974936249083839CF07D702BA0D5AF8DA4F2249E4A5A909F64F2C1F31B206411DF073D3D2AB78B64D3F4FF0EDDBCF0DF4A084811431C336DC36067E60304E78233DEBBFD9538CAE8C79DB4709AF456734B71FD9221051C4B6B3CBC6D527E6720F03A600238EB542FDE4B0B959E67B89AE67561E4B90B1C5F30DB8C72588FC31557E29789478674AB44B2589E4BE9DFCC3246AC4C6B80460823927FF001DF734EF08F8AFFB53404D4D6089C4732C3379880C8D81F36D07B9F515E34AB53E770B9D108CB94B169A4EA71C8F7FA8C6F2C77F6FBE31212CD130003B6DEF827A545ADDEC7A2437260B7D3F4E90055699E5276E14B617AF1C6E27AF229B75E26D5EEE76BA99884C911A0400220C654E0719C0A87C4FA2C1A85B84B189F0D1EF5B871904E395651EDC7A9A894972B74D5CA4BB96F43D4749D5A2616FA947712201E5A800B212304AAFA7B93F8553F126A362BAAD96913E9122DCBB2C70CDB8049549C6476C8F4355BC11E0A6B0BD781278AD92652CF22019F7C0EB9FAD5DD6AE6086678F7C50BC03114A23126587426323039EB8AAE79F22E7453B2D88B52BB115C25A5BDAC114722E27904201E3BEE51DBDAB60933680F77218F4F8AD9D41902B618B600C0EA4F4ACB9F54B1B186D92FE737374A13747145B1492393CF039C7B52EBBE2FD1B5AD2ECED6DE595618C879362E4862C4618F5EC3D85546A43BEA16652D6A7D16493FB4A3B59C4A8DE43622DD951C091D41EB90A38FEF739AC2F8A80E9D1E9EDA72AC76DE565BCB401724752319CF23F3AB97FA26A697F6F71633246A93098C8A704E186411FEE9C63DBD6BA2D774883508A5BBB9995A5098CA20299CE06477FA0E477AE6719D44D5AC3BD9DCE23E18EAB7FA93DD58DE5C492DBDBAFDA600EEC36B6369E718E8D9E7A633478E7C55AD595A5B6956AB6E12D41F32058C32A15C2AB315C6E7050921B2302BB0F0C68961A62CA2E16D60937AED51C803D4E38279E95E4FF0017EE4683F106EAC678D9A3671224C87E521CE49E7A956047BFE3535632A34B47A9A5369CF5D86E91F103FB575386CF5CB56495640B67730B62188F231229EA4822AD6B5A341776324B89A749AD64668A58BE5B828016203703279C9EFCD65F87342B79E76992302295495393824FB76E82BD37C3B06AB7BA409A587CD952064F2187C928DB9C67AE4AA918F6158469CEB4536ECD6B73B154842568EB7E87CD7AFC77BE1AD7A08F4F2E16684BA07C1531BF691471D43AFA8AE8FE1E78C2CF4D469ADA3B617AF30726EC37920617FD5E0E4F249E7FBD517ED11A4CB69A4CFABE95182FA49F3A68E239C5BC99200FEF618123D89CD789A78A76DC6D58A36897E546F2D4123AF1C71CF715ECD351C6514E4BDE5A5D1E77354C355B2D60FA33EABF87FE3B6BDD62C21D6996CE4BB67F36DB69960939E09EBB49238001EBDB35E8B6D7F36A5A6911DB4504AD70C619629D8A6CC8D926C618C0CE083C715F1D7813E282E9171119AC924B581F3E6246BE7C4320B0438C8071DABD3FC17F1EADE6D622FB5D8225838D9FE8A3324409DC430931B9720E719382715C2E9D6A2DC5AD0EC97B1ADAC5D8FA3AD6F6DAC604B9822B66B8FF008F791E28C8DCDC7CC7B8E73ED593A9E916B35FFDB2FCECB869185BB44876CAF91946C718C1C74ED599A5F88561B3812CC79AF7F32B264EDC03CA72C49C9C9201C818C1AC3F8B9A8EB7A768705F6992DCC4935CED6B95711BA1DC5954A8F5C375EB8C76E5BAF0B5FB1C6E84B9EC7A041A584851459B10AA0644639FD28AF9C61F881F10D21444F135E05550173E5938FF00BE68A9FADD3EC5FD599F6D68BE1A64854DC1F2FE70EAA01E3EBE83935A3AECADB4C76AF0B1D8142939048FBA3E99AA775AE5B32645EB18A2C83B5897739FBA07A638E7AD616B1AC2471C49608A7CECB4B2487841FE3CFA8E95EDD4C44210D19C1ECE73398F1C6A3AF4E12400C13C73A932C6090B9DEC3613D3038AE7F4D9756B3F12DB5E98EE6EED6794C57402B49E61EA1CAE79C1FE235D43A35D6BC45C5E992C02891ADD5C062547F1039C0FA7EB505F788ADFC3F690992DD6286E9DE24960DBB9476CE70D8F5C75F7AF11B72A9CDCC745B963638AF8996335DC69737566F6F3594CD1C70CB2A96656F9B8078383D4F439E29FE15D5742B1D3A3B05FB5C8CD73E7C93054DB1FCBB42A9CEE2077ABE9610EBD7325D3B4B20442CE4F00F38C003803BE0702B6B41F05C3FD9E2EE59BC991C36D8F70E171DC8E87D8542A555CB9A2958A53D2CC75CCB0EA6A52DE3B595B2432DB4B80140EA7BE41EB535EDC2C50AC2B0A12641858A53B9B014E0F5CD56F0B68F65A7EB292FDB6181BED26378E472599C0E7009E9DFDEB46FAF6D65D742D95DC72451CF88D2D66563320C0662546509FC715D94D7BBEF3B09DC85DFC859DA1FF004711B0373248B90887B718247AD624773A66A5E20557B1B86112BED9F7E229197690791D4E7803AD6ECA96F0EACCB71B64589635DED29766CF2439000F6E4557BCD5EC155A1B44B8464C84808063CF1CF18C9C81454492D5E809F738AD4F47BFD4FC4135D46F1BC5236F4248625B380BB473C7156F4AD1A0B1D2535A81DE192DE4F9A075C2CEF93F231C7CAB8CB1A9E09982C975ABDA8B486DA290C6F1E236724E3A8C12715A9E1B1A0EA1A65CDE456B13AB388EEA16623703C960090376323B0F5AE6A50A6E668DD911EA93B6A32CC61E4AFCD884AEC04919E4FF00BDFA55C82195F40C492B476B77E628940F2E5493200DABDFA1CB75AE01BE2268BA66B69E1FD3609AEA0B9B92B1BDB2AC8E997E8898CBE39CF3F4AEA7C7DE311A7EA76BA3DB691713E248E6489418C0E724797CF4CE4F20D6AAB46376E4268CFF001178A2D34049F46B3B61792A1F3257938318DC46D5F424639EBCD73B796765E3CD1869C96325ADC42A444F21F3724F232C4E719AD5F13698B76ED35B47B8CAF9B80C36B073CE3393DF3FE455EF0EE942D34A49AEE3304B71379204836BC69B412CB8393D4738AE5B54AB51F60564BCCCDF0C784AEAC214B70C03411862CC8C5586D0DC73C679AE92DAF2DC68BA92DADDCAB751194EC55C00AC7A2F3D718C1EA2AF6A49143E1A9ECD124866B4810B46518B3438C05C9E4F0324939E6B27C0BE1E91EFAE2FD107952658AB9EFF0030CE7B7082BA1C5C344387C499E31E0CBA4D42DB56B5D59BCD5113068B6E0901482B81D06DE302BE57F1B69ADA0F8C753D1BCC664B2BB961493FBEBBB727E6B83F8D7DC1A2F852D93C592DE7C9145237CEEDF2AEEC7AF420E40AF90BF6A0B1FECCF8EFE23B4FB4472219E3907924300AD0C6541E3EF7233ED9ADF21538569C65B0F309C654D338BFB4B8E8E463B838AB7E1ED76FB45D662D534F9E38AE212486910321CA953B948208209078FD6B27E6F5A401B3C1AFA1946328DA48F2A32945A773EBDF817F13EDBC4FA5BDC4DA9ADB5F42C63934E775253773B94606E1C639F5C9AF42BFD42D3C4166F0DCE9174AD3958D663E6309982000F3F28FBAA38CE315F05E8BA9EA1A36A70EA16171E4CF6EDB95F19FA86F507B8AFA47E0CFC49B2D7208417B7B5BDB1B70B75692B32EE6570A580CE1B20F4E83A1CF5AF99CC3012A0DD4A4AF1EABA9EE612B4310B91FC5D0F4A6F85566CC4ACDA8A027217F77F2FB7DDA2AC8D4F4D61B85BC1F373F79BFC68AF1BDBC3F959D5F54C41E85AD78F34AD34D941777F1D8C73B3092231B29623801CE3007E95CD49A9C9AAEB8D6F717ED3DA472106CB4BFF48520F4127960819CF47619F435C0D845E17F13F8DFCAB796EAF63DE4CC2E9E38E02A39DC1F0CC17D73B7EA2B7FE2678BDF42D1E1B2D02E34E586DD8F161115B6B6C8FBAA8081BB9E5875C726BA25792E6A8CC961E4B448F50934E9A296D2D25D3556245C83264927A80429E49E8074A8B53D0A5BF996DAF6D5A18EDCB6228A4C0C9DC3696FBC5B200E3E5E6BCAFE0F78E7C5FA85CCB3EAF7F696D022AC69108FC976CF3BD5C367207A73F5ADED73C6F0D9EB69613C86EA1DC1DD8CAA88369C12A0162C4139C6064FBD6FCD4545194B0B513D4EE2DB508742B2B2B84B1BA72267379952121655C2E54FCC47AF6A6DEF88AF6010DE4AF6E2C976361AD9B6B31EE369CE72A7AE7AD7277779AD5E5E417DA743A7A25CBA85BBB806E0B03BBAC791D02F4CD5B87C4BA14FA025D8B3611C236CBBA09200F8077322B0DCF8E4F031EE6AE155B4D276464E8C93D883C7DA36A7AC49F6CD02FA29ADDCED52C8CCEE4F2CC3231F877E955ED3C29AA47702EA2B8FB2BD9E1DAE3ED3E51561C1C05C103BE3A56A6A3AED80D52C655D422D32DA3B792492CE151BA38D4290ECBB1CFCD939E8704722AEF8675EB2D46F0080EF9AE5C22CD7836152060AAB15562BCE7AD67EC20F79EA37092E855F85FA4DEC3ABBDF5D5E8B948A2CB798CD21DC8FC3307C6E6C038DA4F515ADE27D5BC3E965A8CB3DCDA59CF6E56689279F0C809F91885C9F98F01436E1E956E73F66B8B7D47734A0452199195D563217254B156182401F8D57B9BD9350D1D219E4991A76F3039B40CD919195F947F09519CE39E95D36E4A7BDCC651BBD48AF356D2BC4BA25869D1DC422199D43BCAA5A5958363183F7412320FBD4BAAA787343F0A5EE9B753DC05BC568BCC08A1B6E0927247046573DB06AA78674BB2B39A27F2EE6F6FD808E1491BCC24B10A3A371DE9D7567A35F4656F4B2C3A744516DA59599A766E197694624F6EA49E958BA936B6572D46DD3428FC3AB7D06DB4DBCD43C37A22473C68AA976A57CC94B7CB9129E4919CF5E3B557315C0D66EFEDD33C4F33AADAC69C32C38CB89173CF2C8379E78FAD6B5A6ABE1FB2B0B6BB974B9ECED12768AD208C2A0B92A4A90A8A4E3E618C93F9559F17EA5A64687524D1C2DC5D1582DBECE55E72A10664231B576E3F8B39C77ACB7824ED745B837AD875A5E695E19D32E6EEE9730200F3CEF18643860A1557962E5DC0006735C0F813C51ABF887C657DAE5EF82EE349411482DB53BA9D085540C155E26650A582C78DBBBBE6B635CD3CBDE36A1ABEB3736CD792145B79A577F2B70076A228DA14AEE270319353693E0BD124BF337F6B4619E5C34A9349894A8C8CA60FE7DABBA156EF45621AEE4D7DACCB77ACE9F69115B596F206B8F216342CEACC11661F78120F383C5745AA5CDEE9B722CA058C5BC881DD5860B285CB640CF27919CF7A49A3D1677B3D32D8066810A33F2F388B39DA99CB819C63247F0F4E6A9788EFAEE17B636160F32CB6DB560DC17610E4E5B6F539C71D4E319E6A67CCAE11B5C63D8892E4CF3148E332214B712F98610982BC0FE2CAF39EC2BE29FDB1EC2DEDFE3279900747B9D3A19A7DC7969374A9939279DA8A2BE9BD01B5C6BAB996DEFC9D3E276599554B0BA63956DD230EF919E4607A8CD7C8DF16359BCF1A78FF51D5EE628A363398ADD638D55638909DABC75241273EF5D3964F9AA73244E2A37A7638B4873DA9E2D4E7815BB61A2C8E065726B56DBC3C48DCD19E39EA6BD6962630D2E73C70AE5AD8E43EC4E4F352DA8BAB1BA5BAB590C72C5CAB000E3F039FCABB38B4256E3CB6C9FAD12F86266076C7C77EF59FD7212D19AC703513E68E8FB8EB7F88FACADBA29D3EC5F0A06F0D37CDC75E011F951557FE1127EEB9FC28AE7F6786EC8ECE7C5F73B8B6F18F83AD0DE9834BD6AEE6BCF2E3DF2B44A620AD925464E4E3A026AC5D7C4FB3D36282D747F0E4D770DAEEF30EA974B92CE08C8DA1B8E68A2B8BEA941EF13D3AB5EA417BAEC4B65F1927FB5472DD7826CE6447DC0477F80B92D920347D781F976A926F8B7A23CD6BBFC29A82BDAB663D97D19248E3BAF39DC8DC9EB9A28AB597E1A7F66DF7982C5D66BE22E5A7C69F0E436361A78F0E5EC76F6C32EF3450CAEB30FE3501C2E7AE323AD5EF01F8CB44BCD7EEAE24F15F9D0DCCE192C67B39FCCF3370F2C1206C030C41C1FE1A28AC6BE068D34DC51A50AB29DF9B53B2B7D4ADAEE2BAD47542979A9DC4B2C923F212DE34030AABB7E601B60C1EA0735B3E02F194BE33BBD623D1EE1E3B1F0C41026A3E5C78F3E4964644311623E52F1ED2194100E79A28AE6850834D9A492BA38CF895AC78EB55D692CF45B7B8586188C8E26D4F1E5BBB6E08554AE7EE9C1078CD52B7D73C6163A02B6D8E52B32A4520B973F64DA41C93233EE0481DBF014515764E0CD1528762EDA78EF54BAF1BC5A449E2295D4DB2CEA7CB2826849C0215576AB8627A839F6AE53E20FC52F12DBDFFF0062E9D7ED140823C2CD124AEFD73CE028C9EC54D145385183B5D153A70B6C74BE0BF893E1BB28AE751F15EBBA9DF8B6854C48632EDE63F2AA542A8C6D6707E63C9071C0AF51D435ED120D21248ECEEEEEED252224827F2B68949237B364601E84292318E7AD145726269421671EBFF00D15184A3AA39CF12FC60D36CE4B1D0D74EBED535001B60FB6B468A491C3C870D80547DD1D3231CE0E7F80BC7DA9DE6A25CC8ADB981115AC42DE18D8F4655E4B60E397624FD28A2A673718268CA586A7D8EDFE1EF88B4EBAF13DE47E20D55E75B92815608DE3C2291F2B6073903923D2BB4F1D6B1A3F853C372DD6A96F3456220698DD21DF31041F902FB024F500FA51457460EB4B95DCE1AD87A6A4B43E40F891E39D43C5B6F2E8BE1AB5B8D33409977346EE825BADAD9DD26D38C7038C67DEB93D0FC213348842C4BF30E17007E94515ACB13529C6D0D07F57A6ED74761A5F84A4551BA24CFAEFFF00EBD6CD9786368FDE2AFB9FF268A2B8255EA3D6E7553A715A245E8BC3B6DB7EF27E46A48FC3A8CC1637032718A28AC1D69DF737B248B3FF00088B7A8FC85145155EDA7DC8D0FFD9, '', '4', '3', null, null);
INSERT INTO `menu_item` VALUES ('41', '2015-08-19 21:10:20', 'STEELHEAD', null, '0', '2', '0', '', null, '', '11', '3', null, null);
INSERT INTO `menu_item` VALUES ('42', '2015-08-23 23:42:55', 'STELLA ARTOIS 1111111111111111', '', '0', '3', '0', '', null, '', '1', '3', null, null);
INSERT INTO `menu_item` VALUES ('43', '2015-08-19 21:10:20', 'SUMMIT PALE ALE', null, '0', '2', '0', '', null, '', '1', '3', null, null);
INSERT INTO `menu_item` VALUES ('44', '2015-08-19 21:10:20', 'SUNRISE SAMPLER', null, '0', '3.5', '0', '', null, '', '15', '3', null, null);
INSERT INTO `menu_item` VALUES ('45', '2015-08-19 21:10:20', 'SURLY FURIOUS', null, '0', '4', '0', '', null, '', '1', '3', null, null);
INSERT INTO `menu_item` VALUES ('46', '2015-08-19 21:10:20', 'TANGLE OAKS', null, '0', '3', '0', '', null, '', '16', '3', null, null);
INSERT INTO `menu_item` VALUES ('47', '2015-08-19 21:10:20', 'TRIADE ITALIAN', null, '0', '3', '0', '', null, '', '16', '3', null, null);
INSERT INTO `menu_item` VALUES ('48', '2015-08-19 21:10:20', 'VANILLA YOUGURT', null, '0', '2', '0', '', null, '', '13', '3', null, null);
INSERT INTO `menu_item` VALUES ('49', '2015-08-19 21:10:20', 'VIENNA DECAF', null, '0', '1', '0', '', null, '', '6', '3', null, null);
INSERT INTO `menu_item` VALUES ('50', '2015-08-19 21:10:20', 'VINA MAYOR', null, '0', '2', '0', '', null, '', '11', '3', null, null);
INSERT INTO `menu_item` VALUES ('51', '2015-08-19 21:10:20', 'WAIRAU RIVER', null, '0', '4', '0', '', null, '', '16', '3', null, null);
INSERT INTO `menu_item` VALUES ('52', '2015-08-19 21:10:20', 'YOGURT PRF', null, '0', '2.5', '0', '', null, '', '2', '3', null, null);
INSERT INTO `menu_item` VALUES ('53', '2015-08-26 01:28:54', '麻婆豆腐', '1000001', '0', '16', '0', '', null, '', '18', '3', null, null);
INSERT INTO `menu_item` VALUES ('54', '2015-08-26 01:29:14', '钵钵鸡', '1000002', '0', '38', '0', '', null, '', '18', '3', null, null);

-- ----------------------------
-- Table structure for `menu_modifier`
-- ----------------------------
DROP TABLE IF EXISTS `menu_modifier`;
CREATE TABLE `menu_modifier` (
  `ID` int(11) NOT NULL AUTO_INCREMENT,
  `MODIFIED_TIME` datetime NOT NULL,
  `NAME` varchar(20) DEFAULT NULL,
  `PRICE` double DEFAULT NULL,
  `EXTRA_PRICE` double DEFAULT NULL,
  `ENABLE` bit(1) DEFAULT NULL,
  `PRINT_TO_KITCHEN` bit(1) DEFAULT NULL,
  `GROUP_ID` int(11) DEFAULT NULL,
  `TAX_ID` int(11) DEFAULT NULL,
  PRIMARY KEY (`ID`),
  KEY `modifierenabled` (`ENABLE`),
  KEY `FK59B6B1B75E0C7B8D` (`GROUP_ID`),
  KEY `FK59B6B1B7A4802F83` (`TAX_ID`),
  CONSTRAINT `FK59B6B1B75E0C7B8D` FOREIGN KEY (`GROUP_ID`) REFERENCES `menu_modifier_group` (`ID`),
  CONSTRAINT `FK59B6B1B7A4802F83` FOREIGN KEY (`TAX_ID`) REFERENCES `tax` (`ID`)
) ENGINE=InnoDB AUTO_INCREMENT=17 DEFAULT CHARSET=utf8;

-- ----------------------------
-- Records of menu_modifier
-- ----------------------------
INSERT INTO `menu_modifier` VALUES ('1', '2015-08-19 21:10:19', 'AMERICAN', '0', '0.5', '', '', '5', '3');
INSERT INTO `menu_modifier` VALUES ('2', '2015-08-19 21:10:19', 'BACON', '0.5', '0', '', '', '2', '3');
INSERT INTO `menu_modifier` VALUES ('3', '2015-08-19 21:10:19', 'BLEU CHEESE', '0', '0.5', '', '', '5', '3');
INSERT INTO `menu_modifier` VALUES ('4', '2015-08-19 21:10:19', 'Energy Plus', '0', '0', '', '', '3', '3');
INSERT INTO `menu_modifier` VALUES ('5', '2015-08-19 21:10:19', 'FRIED APPLE', '0', '0', '', '', '2', '3');
INSERT INTO `menu_modifier` VALUES ('6', '2015-08-19 21:10:19', 'FRIED EGG', '0', '0.5', '', '', '6', '3');
INSERT INTO `menu_modifier` VALUES ('7', '2015-08-19 21:10:19', 'HASHB CASSEROLE', '0', '0', '', '', '2', '3');
INSERT INTO `menu_modifier` VALUES ('8', '2015-08-19 21:10:19', 'HASHBROWN', '0', '0.5', '', '', '8', '3');
INSERT INTO `menu_modifier` VALUES ('9', '2015-08-19 21:10:19', 'OMLETTE', '0', '0.5', '', '', '6', '3');
INSERT INTO `menu_modifier` VALUES ('10', '2015-08-19 21:10:19', 'PAPER JACK', '0', '0.5', '', '', '5', '3');
INSERT INTO `menu_modifier` VALUES ('11', '2015-08-19 21:10:19', 'PROVOLON', '0.5', '0', '', '', '5', '3');
INSERT INTO `menu_modifier` VALUES ('12', '2015-08-19 21:10:19', 'SAUSAGE', '0', '0.5', '', '', '2', '3');
INSERT INTO `menu_modifier` VALUES ('13', '2015-08-19 21:10:19', 'SCRAMBLED', '0', '0.5', '', '', '6', '3');
INSERT INTO `menu_modifier` VALUES ('14', '2015-08-19 21:10:19', 'SMOKY SAUSAGE', '0', '0', '', '', '2', '3');
INSERT INTO `menu_modifier` VALUES ('15', '2015-08-19 21:10:19', 'SUN SIDE UP', '0', '0.5', '', '', '6', '3');
INSERT INTO `menu_modifier` VALUES ('16', '2015-08-19 21:10:19', 'THICK BACON', '0', '0', '', '', '2', '3');

-- ----------------------------
-- Table structure for `menu_modifier_group`
-- ----------------------------
DROP TABLE IF EXISTS `menu_modifier_group`;
CREATE TABLE `menu_modifier_group` (
  `ID` int(11) NOT NULL AUTO_INCREMENT,
  `MODIFIED_TIME` datetime NOT NULL,
  `NAME` varchar(60) DEFAULT NULL,
  `ENABLED` bit(1) DEFAULT NULL,
  `EXCLUSIVED` bit(1) DEFAULT NULL,
  `REQUIRED` bit(1) DEFAULT NULL,
  PRIMARY KEY (`ID`),
  KEY `mg_enable` (`ENABLED`)
) ENGINE=InnoDB AUTO_INCREMENT=10 DEFAULT CHARSET=utf8;

-- ----------------------------
-- Records of menu_modifier_group
-- ----------------------------
INSERT INTO `menu_modifier_group` VALUES ('1', '2015-08-19 21:10:19', 'APPLE SLICE', '', '', '');
INSERT INTO `menu_modifier_group` VALUES ('2', '2015-08-19 21:10:19', 'BACON & SAUSAGE', '', '', '');
INSERT INTO `menu_modifier_group` VALUES ('3', '2015-08-19 21:10:19', 'BISCUITS', '', '', '');
INSERT INTO `menu_modifier_group` VALUES ('4', '2015-08-19 21:10:19', 'BUTTER', '', '', '');
INSERT INTO `menu_modifier_group` VALUES ('5', '2015-08-19 21:10:19', 'CHEESE', '', '', '');
INSERT INTO `menu_modifier_group` VALUES ('6', '2015-08-19 21:10:19', 'EGGS', '', '', '');
INSERT INTO `menu_modifier_group` VALUES ('7', '2015-08-19 21:10:19', 'MEAT', '', '', '');
INSERT INTO `menu_modifier_group` VALUES ('8', '2015-08-19 21:10:19', 'POTATO', '', '', '');
INSERT INTO `menu_modifier_group` VALUES ('9', '2015-08-19 21:10:19', 'WHEAT', '', '', '');

-- ----------------------------
-- Table structure for `packaging_unit`
-- ----------------------------
DROP TABLE IF EXISTS `packaging_unit`;
CREATE TABLE `packaging_unit` (
  `ID` int(11) NOT NULL AUTO_INCREMENT,
  `NAME` varchar(30) DEFAULT NULL,
  `SHORT_NAME` varchar(10) DEFAULT NULL,
  `FACTOR` double DEFAULT NULL,
  `BASEUNIT` bit(1) DEFAULT NULL,
  `DIMENSION` varchar(30) DEFAULT NULL,
  PRIMARY KEY (`ID`),
  UNIQUE KEY `NAME` (`NAME`)
) ENGINE=InnoDB DEFAULT CHARSET=utf8;

-- ----------------------------
-- Records of packaging_unit
-- ----------------------------

-- ----------------------------
-- Table structure for `payout_reasons`
-- ----------------------------
DROP TABLE IF EXISTS `payout_reasons`;
CREATE TABLE `payout_reasons` (
  `ID` int(11) NOT NULL AUTO_INCREMENT,
  `REASON` varchar(255) DEFAULT NULL,
  PRIMARY KEY (`ID`)
) ENGINE=InnoDB DEFAULT CHARSET=utf8;

-- ----------------------------
-- Records of payout_reasons
-- ----------------------------

-- ----------------------------
-- Table structure for `payout_recepients`
-- ----------------------------
DROP TABLE IF EXISTS `payout_recepients`;
CREATE TABLE `payout_recepients` (
  `ID` int(11) NOT NULL AUTO_INCREMENT,
  `NAME` varchar(255) DEFAULT NULL,
  PRIMARY KEY (`ID`)
) ENGINE=InnoDB AUTO_INCREMENT=3 DEFAULT CHARSET=utf8;

-- ----------------------------
-- Records of payout_recepients
-- ----------------------------
INSERT INTO `payout_recepients` VALUES ('1', 'yhj');
INSERT INTO `payout_recepients` VALUES ('2', '');

-- ----------------------------
-- Table structure for `printer_configuration`
-- ----------------------------
DROP TABLE IF EXISTS `printer_configuration`;
CREATE TABLE `printer_configuration` (
  `ID` int(11) NOT NULL,
  `RECEIPT_PRINTER` varchar(255) DEFAULT NULL,
  `KITCHEN_PRINTER` varchar(255) DEFAULT NULL,
  `PRWTS` bit(1) DEFAULT NULL,
  `PRWTP` bit(1) DEFAULT NULL,
  `PKWTS` bit(1) DEFAULT NULL,
  `PKWTP` bit(1) DEFAULT NULL,
  `UNPFT` bit(1) DEFAULT NULL,
  `UNPFK` bit(1) DEFAULT NULL,
  PRIMARY KEY (`ID`)
) ENGINE=InnoDB DEFAULT CHARSET=utf8;

-- ----------------------------
-- Records of printer_configuration
-- ----------------------------

-- ----------------------------
-- Table structure for `purchase_order`
-- ----------------------------
DROP TABLE IF EXISTS `purchase_order`;
CREATE TABLE `purchase_order` (
  `ID` int(11) NOT NULL AUTO_INCREMENT,
  `MODIFIED_TIME` datetime NOT NULL,
  `ORDER_ID` varchar(30) DEFAULT NULL,
  `NAME` varchar(30) DEFAULT NULL,
  PRIMARY KEY (`ID`)
) ENGINE=InnoDB DEFAULT CHARSET=utf8;

-- ----------------------------
-- Records of purchase_order
-- ----------------------------

-- ----------------------------
-- Table structure for `recepie`
-- ----------------------------
DROP TABLE IF EXISTS `recepie`;
CREATE TABLE `recepie` (
  `ID` int(11) NOT NULL AUTO_INCREMENT,
  `MENU_ITEM` int(11) DEFAULT NULL,
  PRIMARY KEY (`ID`),
  KEY `FK6B4E177764931EFC` (`MENU_ITEM`),
  CONSTRAINT `FK6B4E177764931EFC` FOREIGN KEY (`MENU_ITEM`) REFERENCES `menu_item` (`ID`)
) ENGINE=InnoDB DEFAULT CHARSET=utf8;

-- ----------------------------
-- Records of recepie
-- ----------------------------

-- ----------------------------
-- Table structure for `recepie_item`
-- ----------------------------
DROP TABLE IF EXISTS `recepie_item`;
CREATE TABLE `recepie_item` (
  `ID` int(11) NOT NULL AUTO_INCREMENT,
  `PERCENTAGE` double DEFAULT NULL,
  `INVENTORY_ITEM` int(11) DEFAULT NULL,
  `RECEPIE_ID` int(11) DEFAULT NULL,
  PRIMARY KEY (`ID`),
  KEY `FK855626DBB97861B1` (`RECEPIE_ID`),
  KEY `FK855626DB31049CBC` (`INVENTORY_ITEM`),
  CONSTRAINT `FK855626DB31049CBC` FOREIGN KEY (`INVENTORY_ITEM`) REFERENCES `inventory_item` (`ID`),
  CONSTRAINT `FK855626DBB97861B1` FOREIGN KEY (`RECEPIE_ID`) REFERENCES `recepie` (`ID`)
) ENGINE=InnoDB DEFAULT CHARSET=utf8;

-- ----------------------------
-- Records of recepie_item
-- ----------------------------

-- ----------------------------
-- Table structure for `restaurant`
-- ----------------------------
DROP TABLE IF EXISTS `restaurant`;
CREATE TABLE `restaurant` (
  `ID` int(11) NOT NULL,
  `UNIQUE_ID` int(11) DEFAULT NULL,
  `NAME` varchar(40) DEFAULT NULL,
  `ADDRESS_LINE1` varchar(20) DEFAULT NULL,
  `ADDRESS_LINE2` varchar(20) DEFAULT NULL,
  `ADDRESS_LINE3` varchar(20) DEFAULT NULL,
  `ZIP_CODE` varchar(10) DEFAULT NULL,
  `TELEPHONE` varchar(16) DEFAULT NULL,
  `CAPACITY` int(11) DEFAULT NULL,
  `TABLES` int(11) DEFAULT NULL,
  `AUTODRAWERPULLENABLE` bit(1) DEFAULT NULL,
  `DRAWER_PULL_HOUR` int(11) DEFAULT NULL,
  `DRAWER_PULL_MIN` int(11) DEFAULT NULL,
  `CNAME` varchar(20) DEFAULT NULL,
  `CSYMBOL` varchar(10) DEFAULT NULL,
  `SC_PERCENTAGE` double DEFAULT NULL,
  `GRATUITY_PERCENTAGE` double DEFAULT NULL,
  `TICKET_FOOTER` varchar(60) DEFAULT NULL,
  `PRICE_INCLUDES_TAX` bit(1) DEFAULT NULL,
  PRIMARY KEY (`ID`)
) ENGINE=InnoDB DEFAULT CHARSET=utf8;

-- ----------------------------
-- Records of restaurant
-- ----------------------------
INSERT INTO `restaurant` VALUES ('1', '502481287', '悠觅生活', '上海市长宁区', '定西路713号', '', '', '021-60516403', '0', '0', '', '0', '0', '元', '￥', '0', '0', '', '');

-- ----------------------------
-- Table structure for `shift`
-- ----------------------------
DROP TABLE IF EXISTS `shift`;
CREATE TABLE `shift` (
  `ID` int(11) NOT NULL AUTO_INCREMENT,
  `NAME` varchar(60) NOT NULL,
  `START_TIME` datetime DEFAULT NULL,
  `END_TIME` datetime DEFAULT NULL,
  `SHIFT_LEN` bigint(20) DEFAULT NULL,
  PRIMARY KEY (`ID`),
  UNIQUE KEY `NAME` (`NAME`)
) ENGINE=InnoDB AUTO_INCREMENT=3 DEFAULT CHARSET=utf8;

-- ----------------------------
-- Records of shift
-- ----------------------------
INSERT INTO `shift` VALUES ('1', 'General', '1970-01-01 00:00:00', '1970-01-01 23:59:00', '86340000');
INSERT INTO `shift` VALUES ('2', 'DEFAULT SHIFT', '1970-01-01 00:00:00', '1970-01-02 00:00:00', '86400000');

-- ----------------------------
-- Table structure for `shop_floor`
-- ----------------------------
DROP TABLE IF EXISTS `shop_floor`;
CREATE TABLE `shop_floor` (
  `ID` int(11) NOT NULL AUTO_INCREMENT,
  `NAME` varchar(60) DEFAULT NULL,
  `OCCUPIED` bit(1) DEFAULT NULL,
  `IMAGE` mediumblob,
  PRIMARY KEY (`ID`)
) ENGINE=InnoDB DEFAULT CHARSET=utf8;

-- ----------------------------
-- Records of shop_floor
-- ----------------------------

-- ----------------------------
-- Table structure for `shop_table`
-- ----------------------------
DROP TABLE IF EXISTS `shop_table`;
CREATE TABLE `shop_table` (
  `ID` int(11) NOT NULL AUTO_INCREMENT,
  `NAME` varchar(20) DEFAULT NULL,
  `DESCRIPTION` varchar(60) DEFAULT NULL,
  `CAPACITY` int(11) DEFAULT NULL,
  `NUMBER` varchar(255) DEFAULT NULL,
  `X` int(11) DEFAULT NULL,
  `Y` int(11) DEFAULT NULL,
  `OCCUPIED` bit(1) DEFAULT NULL,
  `BOOKED` bit(1) DEFAULT NULL,
  `FLOOR_ID` int(11) DEFAULT NULL,
  PRIMARY KEY (`ID`),
  UNIQUE KEY `NUMBER` (`NUMBER`),
  KEY `FK2458E9258979C3CD` (`FLOOR_ID`),
  CONSTRAINT `FK2458E9258979C3CD` FOREIGN KEY (`FLOOR_ID`) REFERENCES `shop_floor` (`ID`)
) ENGINE=InnoDB DEFAULT CHARSET=utf8;

-- ----------------------------
-- Records of shop_table
-- ----------------------------

-- ----------------------------
-- Table structure for `tax`
-- ----------------------------
DROP TABLE IF EXISTS `tax`;
CREATE TABLE `tax` (
  `ID` int(11) NOT NULL AUTO_INCREMENT,
  `MODIFIED_TIME` datetime NOT NULL,
  `NAME` varchar(20) NOT NULL,
  `RATE` double DEFAULT NULL,
  PRIMARY KEY (`ID`)
) ENGINE=InnoDB AUTO_INCREMENT=4 DEFAULT CHARSET=utf8;

-- ----------------------------
-- Records of tax
-- ----------------------------
INSERT INTO `tax` VALUES ('3', '2015-08-23 23:44:03', '中国', '0');

-- ----------------------------
-- Table structure for `terminal`
-- ----------------------------
DROP TABLE IF EXISTS `terminal`;
CREATE TABLE `terminal` (
  `ID` int(11) NOT NULL,
  `MODIFIED_TIME` datetime NOT NULL,
  `NAME` varchar(60) DEFAULT NULL,
  `OPENING_BALANCE` double DEFAULT NULL,
  `CURRENT_BALANCE` double DEFAULT NULL,
  PRIMARY KEY (`ID`)
) ENGINE=InnoDB DEFAULT CHARSET=utf8;

-- ----------------------------
-- Records of terminal
-- ----------------------------
INSERT INTO `terminal` VALUES ('6341', '2015-08-24 22:07:20', '6341', '500', '500');
INSERT INTO `terminal` VALUES ('6516', '2015-08-30 11:37:54', '6516', '500', '442');
INSERT INTO `terminal` VALUES ('7161', '2015-08-25 23:45:29', '7161', '500', '500');

-- ----------------------------
-- Table structure for `ticket`
-- ----------------------------
DROP TABLE IF EXISTS `ticket`;
CREATE TABLE `ticket` (
  `ID` int(11) NOT NULL AUTO_INCREMENT,
  `UNIQ_ID` varchar(16) NOT NULL,
  `MODIFIED_TIME` datetime NOT NULL,
  `CREATE_DATE` datetime DEFAULT NULL,
  `CLOSING_DATE` datetime DEFAULT NULL,
  `ACTIVE_DATE` datetime DEFAULT NULL,
  `DELIVEERY_DATE` datetime DEFAULT NULL,
  `CREATION_HOUR` int(11) DEFAULT NULL,
  `PAID` bit(1) DEFAULT b'0',
  `VOIDED` bit(1) DEFAULT NULL,
  `VOID_REASON` varchar(255) DEFAULT NULL,
  `WASTED` bit(1) DEFAULT NULL,
  `REFUNDED` bit(1) DEFAULT NULL,
  `SETTLED` bit(1) DEFAULT NULL,
  `DRAWER_RESETTED` bit(1) DEFAULT NULL,
  `SUB_TOTAL` double DEFAULT NULL,
  `TOTAL_DISCOUNT` double DEFAULT NULL,
  `TOTAL_TAX` double DEFAULT NULL,
  `TOTAL_PRICE` double DEFAULT NULL,
  `PAID_AMOUNT` double DEFAULT NULL,
  `DUE_AMOUNT` double DEFAULT NULL,
  `ADVANCE_AMOUNT` double DEFAULT NULL,
  `NUMBER_OF_GUESTS` int(11) DEFAULT NULL,
  `STATUS` varchar(30) DEFAULT NULL,
  `IS_TAX_EXEMPT` bit(1) DEFAULT NULL,
  `IS_RE_OPENED` bit(1) DEFAULT NULL,
  `SERVICE_CHARGE` double DEFAULT NULL,
  `DELIVERY_CHARGE` double DEFAULT NULL,
  `DELIVERY_ADDRESS` varchar(120) DEFAULT NULL,
  `CUSTOMER_PICKEUP` bit(1) DEFAULT NULL,
  `DELIVERY_EXTRA_INFO` varchar(255) DEFAULT NULL,
  `TICKET_TYPE` varchar(20) DEFAULT NULL,
  `SHIFT_ID` int(11) DEFAULT NULL,
  `OWNER_ID` int(11) DEFAULT NULL,
  `DRIVER_ID` int(11) DEFAULT NULL,
  `GRATUITY_ID` int(11) DEFAULT NULL,
  `VOID_BY_USER` int(11) DEFAULT NULL,
  `TERMINAL_ID` int(11) DEFAULT NULL,
  PRIMARY KEY (`ID`),
  KEY `creationHour` (`CREATION_HOUR`),
  KEY `ticketpaid` (`PAID`),
  KEY `ticketactiveDate` (`ACTIVE_DATE`),
  KEY `ticketcreateDate` (`CREATE_DATE`),
  KEY `ticketsettled` (`SETTLED`),
  KEY `deliveryDate` (`DELIVEERY_DATE`),
  KEY `ticketclosingDate` (`CLOSING_DATE`),
  KEY `drawerresetted` (`DRAWER_RESETTED`),
  KEY `ticketvoided` (`VOIDED`),
  KEY `FK937B5F0CF575C7D4` (`DRIVER_ID`),
  KEY `FK937B5F0CAA075D69` (`OWNER_ID`),
  KEY `FK937B5F0C7660A5E3` (`SHIFT_ID`),
  KEY `FK937B5F0CC188EA51` (`GRATUITY_ID`),
  KEY `FK937B5F0C1F6A9A4A` (`VOID_BY_USER`),
  KEY `FK937B5F0C2AD2D031` (`TERMINAL_ID`),
  CONSTRAINT `FK937B5F0C1F6A9A4A` FOREIGN KEY (`VOID_BY_USER`) REFERENCES `users` (`AUTO_ID`),
  CONSTRAINT `FK937B5F0C2AD2D031` FOREIGN KEY (`TERMINAL_ID`) REFERENCES `terminal` (`ID`),
  CONSTRAINT `FK937B5F0C7660A5E3` FOREIGN KEY (`SHIFT_ID`) REFERENCES `shift` (`ID`),
  CONSTRAINT `FK937B5F0CAA075D69` FOREIGN KEY (`OWNER_ID`) REFERENCES `users` (`AUTO_ID`),
  CONSTRAINT `FK937B5F0CC188EA51` FOREIGN KEY (`GRATUITY_ID`) REFERENCES `gratuity` (`ID`),
  CONSTRAINT `FK937B5F0CF575C7D4` FOREIGN KEY (`DRIVER_ID`) REFERENCES `users` (`AUTO_ID`)
) ENGINE=InnoDB AUTO_INCREMENT=49 DEFAULT CHARSET=utf8;

-- ----------------------------
-- Records of ticket
-- ----------------------------
INSERT INTO `ticket` VALUES ('1', '', '2015-08-19 23:30:44', '2015-08-19 21:53:37', '2015-08-19 23:30:44', '2015-08-19 22:00:02', '2015-08-19 22:03:37', '21', '', '', null, '', '', '', '', '3.25', '0', '0.2', '3.45', '3.45', '0', '0', '1', null, '', '', '0', '0', null, '', null, 'TAKE_OUT', '1', '1', null, null, '1', '6516');
INSERT INTO `ticket` VALUES ('2', '', '2015-08-25 23:45:03', '2015-08-23 21:44:00', '2015-08-25 23:45:03', '2015-08-23 21:44:03', '2015-08-23 21:54:00', '21', '', '', null, '', '', '', '', '9', '0', '0.54', '9.54', '0', '9.54', '0', '1', null, '', '', '0', '0', null, '', null, 'TAKE_OUT', '1', '1', null, null, '1', '7161');
INSERT INTO `ticket` VALUES ('3', '', '2015-08-25 23:45:12', '2015-08-24 00:10:34', '2015-08-25 23:45:12', '2015-08-24 00:10:45', '2015-08-24 00:20:34', '0', '', '', null, '', '', '', '', '4', '0', '0', '4', '0', '4', '0', '1', null, '', '', '0', '0', null, '', null, 'TAKE_OUT', '1', '1', null, null, '1', '7161');
INSERT INTO `ticket` VALUES ('4', '', '2015-08-25 23:45:17', '2015-08-24 00:11:03', '2015-08-25 23:45:17', '2015-08-24 00:11:18', '2015-08-24 00:21:03', '0', '', '', null, '', '', '', '', '3', '0', '0', '3', '0', '3', '0', '1', null, '', '', '0', '0', null, '', null, 'TAKE_OUT', '1', '1', null, null, '1', '7161');
INSERT INTO `ticket` VALUES ('5', '', '2015-08-25 23:45:21', '2015-08-24 00:24:47', '2015-08-25 23:45:21', '2015-08-24 22:07:03', '2015-08-24 00:34:47', '0', '', '', null, '', '', '', '', '25', '0', '0', '25', '0', '25', '0', '1', null, '', '', '0', '0', null, '', null, 'TAKE_OUT', '1', '1', null, null, '1', '7161');
INSERT INTO `ticket` VALUES ('6', '', '2015-08-25 23:45:25', '2015-08-24 00:33:56', '2015-08-25 23:45:25', '2015-08-24 01:22:45', '2015-08-24 00:43:56', '0', '', '', null, '', '', '', '', '12', '0', '0', '12', '0', '12', '0', '1', null, '', '', '0', '0', null, '', null, 'TAKE_OUT', '1', '1', null, null, '1', '7161');
INSERT INTO `ticket` VALUES ('7', '', '2015-08-25 23:45:29', '2015-08-24 00:42:48', '2015-08-25 23:45:29', '2015-08-24 00:44:35', '2015-08-24 00:52:48', '0', '', '', null, '', '', '', '', '8', '0', '0', '8', '0', '8', '0', '1', null, '', '', '0', '0', null, '', null, 'TAKE_OUT', '1', '1', null, null, '1', '7161');
INSERT INTO `ticket` VALUES ('8', 'A20150825000009', '2015-08-26 01:40:30', '2015-08-25 22:52:44', '2015-08-26 01:40:30', '2015-08-25 22:52:47', '2015-08-25 23:02:44', '22', '', '', null, '', '', '', '', '6', '0', '0', '6', '6', '0', '0', '1', null, '', '', '0', '0', null, '', null, 'TAKE_OUT', '1', '1', null, null, null, '6516');
INSERT INTO `ticket` VALUES ('9', 'A20150825000002', '2015-08-26 01:25:00', '2015-08-25 23:36:20', '2015-08-26 01:25:00', '2015-08-25 23:36:23', '2015-08-25 23:46:20', '23', '', '', null, '', '', '', '', '8', '0', '0', '8', '8', '0', '0', '1', null, '', '', '0', '0', null, '', null, 'TAKE_OUT', '1', '1', null, null, null, '6516');
INSERT INTO `ticket` VALUES ('10', 'A20150825000002', '2015-08-26 01:14:57', '2015-08-25 23:36:27', '2015-08-26 01:14:57', '2015-08-25 23:36:30', '2015-08-25 23:46:27', '23', '', '', null, '', '', '', '', '9', '0', '0', '9', '9', '0', '0', '1', null, '', '', '0', '0', null, '', null, 'TAKE_OUT', '1', '1', null, null, null, '6516');
INSERT INTO `ticket` VALUES ('11', 'A20150825000001', '2015-08-26 01:02:44', '2015-08-25 23:37:36', '2015-08-26 01:02:44', '2015-08-25 23:37:39', '2015-08-25 23:47:36', '23', '', '', null, '', '', '', '', '9', '0', '0', '9', '9', '0', '0', '1', null, '', '', '0', '0', null, '', null, 'TAKE_OUT', '1', '1', null, null, null, '6516');
INSERT INTO `ticket` VALUES ('12', 'A20150825000003', '2015-08-26 01:01:57', '2015-08-25 23:44:24', '2015-08-26 01:01:57', '2015-08-25 23:44:30', '2015-08-25 23:54:24', '23', '', '', null, '', '', '', '', '8', '0', '0', '8', '8', '0', '0', '1', null, '', '', '0', '0', null, '', null, 'TAKE_OUT', '1', '1', null, null, null, '6516');
INSERT INTO `ticket` VALUES ('13', 'A20150825000006', '2015-08-26 01:01:32', '2015-08-25 23:54:37', '2015-08-26 01:01:32', '2015-08-25 23:56:06', '2015-08-26 00:04:37', '23', '', '', null, '', '', '', '', '6', '0', '0', '6', '0', '6', '0', '1', null, '', '', '0', '0', null, '', null, 'TAKE_OUT', '1', '1', null, null, '1', '6516');
INSERT INTO `ticket` VALUES ('14', 'A20150826000007', '2015-08-26 01:37:14', '2015-08-26 01:35:21', '2015-08-26 01:37:14', '2015-08-26 01:35:28', '2015-08-26 01:45:21', '1', '', '', null, '', '', '', '', '54', '0', '0', '54', '54', '0', '0', '1', null, '', '', '0', '0', null, '', null, 'TAKE_OUT', '1', '1', null, null, null, '6516');
INSERT INTO `ticket` VALUES ('15', 'A20150826000008', '2015-08-30 10:55:47', '2015-08-26 01:38:56', '2015-08-30 10:55:47', '2015-08-26 01:38:59', '2015-08-26 01:48:56', '1', '', '', null, '', '', '', '', '54', '0', '0', '54', '0', '54', '0', '1', null, '', '', '0', '0', null, '', null, 'TAKE_OUT', '1', '1', null, null, '1', '6516');
INSERT INTO `ticket` VALUES ('16', 'A20150826000009', '2015-08-26 01:41:22', '2015-08-26 01:41:16', '2015-08-26 01:41:22', '2015-08-26 01:41:19', '2015-08-26 01:51:16', '1', '', '', null, '', '', '', '', '9', '0', '0', '9', '9', '0', '0', '1', null, '', '', '0', '0', null, '', null, 'TAKE_OUT', '1', '1', null, null, null, '6516');
INSERT INTO `ticket` VALUES ('17', 'A20150826000010', '2015-08-30 10:55:45', '2015-08-26 01:51:07', '2015-08-30 10:55:45', '2015-08-26 01:51:11', '2015-08-26 02:01:07', '1', '', '', null, '', '', '', '', '54', '0', '0', '54', '0', '54', '0', '1', null, '', '', '0', '0', null, '', null, 'TAKE_OUT', '1', '1', null, null, '1', '6516');
INSERT INTO `ticket` VALUES ('18', 'A20150826000011', '2015-08-26 21:50:14', '2015-08-26 21:49:44', '2015-08-26 21:50:14', '2015-08-26 21:50:05', '2015-08-26 21:59:44', '21', '', '', null, '', '', '', '', '54', '0', '0', '54', '54', '0', '0', '1', null, '', '', '0', '0', null, '', null, 'TAKE_OUT', '1', '1', null, null, null, '6516');
INSERT INTO `ticket` VALUES ('19', 'A20150826000012', '2015-08-26 21:55:58', '2015-08-26 21:55:39', '2015-08-26 21:55:58', '2015-08-26 21:55:51', '2015-08-26 22:05:39', '21', '', '', null, '', '', '', '', '54', '0', '0', '54', '54', '0', '0', '1', null, '', '', '0', '0', null, '', null, 'TAKE_OUT', '1', '1', null, null, null, '6516');
INSERT INTO `ticket` VALUES ('20', 'A20150826000013', '2015-08-26 23:17:11', '2015-08-26 22:11:15', '2015-08-26 23:17:11', '2015-08-26 22:11:18', '2015-08-26 22:21:15', '22', '', '', null, '', '', '', '', '54', '0', '0', '54', '54', '0', '0', '1', null, '', '', '0', '0', null, '', null, 'TAKE_OUT', '1', '1', null, null, null, '6516');
INSERT INTO `ticket` VALUES ('21', 'A20150826000014', '2015-08-26 22:13:02', '2015-08-26 22:11:48', '2015-08-26 22:13:02', '2015-08-26 22:11:51', '2015-08-26 22:21:48', '22', '', '', null, '', '', '', '', '9', '0', '0', '9', '9', '0', '0', '1', null, '', '', '0', '0', null, '', null, 'TAKE_OUT', '1', '1', null, null, null, '6516');
INSERT INTO `ticket` VALUES ('22', 'A20150826000015', '2015-08-26 22:16:39', '2015-08-26 22:16:08', '2015-08-26 22:16:39', '2015-08-26 22:16:19', '2015-08-26 22:26:08', '22', '', '', null, '', '', '', '', '13', '0', '0', '13', '13', '0', '0', '1', null, '', '', '0', '0', null, '', null, 'TAKE_OUT', '1', '1', null, null, null, '6516');
INSERT INTO `ticket` VALUES ('23', 'A20150826000016', '2015-08-26 23:13:00', '2015-08-26 22:24:09', '2015-08-26 23:13:00', '2015-08-26 22:24:18', '2015-08-26 22:34:09', '22', '', '', null, '', '', '', '', '54', '0', '0', '54', '54', '0', '0', '1', null, '', '', '0', '0', null, '', null, 'TAKE_OUT', '1', '1', null, null, null, '6516');
INSERT INTO `ticket` VALUES ('24', 'A20150826000017', '2015-08-26 22:53:11', '2015-08-26 22:52:16', '2015-08-26 22:53:11', '2015-08-26 22:52:24', '2015-08-26 23:02:16', '22', '', '', null, '', '', '', '', '11', '0', '0', '11', '11', '0', '0', '1', null, '', '', '0', '0', null, '', null, 'TAKE_OUT', '1', '1', null, null, null, '6516');
INSERT INTO `ticket` VALUES ('25', 'A20150826000018', '2015-08-26 23:18:17', '2015-08-26 23:18:09', '2015-08-26 23:18:17', '2015-08-26 23:18:12', '2015-08-26 23:28:09', '23', '', '', null, '', '', '', '', '54', '0', '0', '54', '54', '0', '0', '1', null, '', '', '0', '0', null, '', null, 'TAKE_OUT', '1', '1', null, null, null, '6516');
INSERT INTO `ticket` VALUES ('26', 'A20150826000019', '2015-08-26 23:20:53', '2015-08-26 23:20:41', '2015-08-26 23:20:53', '2015-08-26 23:20:45', '2015-08-26 23:30:41', '23', '', '', null, '', '', '', '', '54', '0', '0', '54', '54', '0', '0', '1', null, '', '', '0', '0', null, '', null, 'TAKE_OUT', '1', '1', null, null, null, '6516');
INSERT INTO `ticket` VALUES ('27', 'A20150826000020', '2015-08-26 23:23:19', '2015-08-26 23:23:10', '2015-08-26 23:23:19', '2015-08-26 23:23:13', '2015-08-26 23:33:10', '23', '', '', null, '', '', '', '', '54', '0', '0', '54', '54', '0', '0', '1', null, '', '', '0', '0', null, '', null, 'TAKE_OUT', '1', '1', null, null, null, '6516');
INSERT INTO `ticket` VALUES ('28', 'A20150826000021', '2015-08-26 23:27:31', '2015-08-26 23:25:06', '2015-08-26 23:27:31', '2015-08-26 23:25:08', '2015-08-26 23:35:06', '23', '', '', null, '', '', '', '', '54', '0', '0', '54', '54', '0', '0', '1', null, '', '', '0', '0', null, '', null, 'TAKE_OUT', '1', '1', null, null, null, '6516');
INSERT INTO `ticket` VALUES ('29', 'A20150826000022', '2015-08-26 23:34:00', '2015-08-26 23:30:53', '2015-08-26 23:34:00', '2015-08-26 23:31:01', '2015-08-26 23:40:53', '23', '', '', null, '', '', '', '', '54', '0', '0', '54', '54', '0', '0', '1', null, '', '', '0', '0', null, '', null, 'TAKE_OUT', '1', '1', null, null, null, '6516');
INSERT INTO `ticket` VALUES ('30', 'A20150826000023', '2015-08-26 23:40:29', '2015-08-26 23:39:21', '2015-08-26 23:40:29', '2015-08-26 23:39:25', '2015-08-26 23:49:21', '23', '', '', null, '', '', '', '', '54', '0', '0', '54', '54', '0', '0', '1', null, '', '', '0', '0', null, '', null, 'TAKE_OUT', '1', '1', null, null, null, '6516');
INSERT INTO `ticket` VALUES ('31', 'A20150826000024', '2015-08-26 23:43:20', '2015-08-26 23:43:11', '2015-08-26 23:43:20', '2015-08-26 23:43:14', '2015-08-26 23:53:11', '23', '', '', null, '', '', '', '', '54', '0', '0', '54', '54', '0', '0', '1', null, '', '', '0', '0', null, '', null, 'TAKE_OUT', '1', '1', null, null, null, '6516');
INSERT INTO `ticket` VALUES ('32', 'A20150826000025', '2015-08-26 23:46:41', '2015-08-26 23:46:35', '2015-08-26 23:46:41', '2015-08-26 23:46:37', '2015-08-26 23:56:35', '23', '', '', null, '', '', '', '', '54', '0', '0', '54', '54', '0', '0', '1', null, '', '', '0', '0', null, '', null, 'TAKE_OUT', '1', '1', null, null, null, '6516');
INSERT INTO `ticket` VALUES ('33', 'A20150826000026', '2015-08-30 10:55:42', '2015-08-26 23:55:47', '2015-08-30 10:55:42', '2015-08-26 23:55:49', '2015-08-27 00:05:47', '23', '', '', null, '', '', '', '', '54', '0', '0', '54', '0', '54', '0', '1', null, '', '', '0', '0', null, '', null, 'TAKE_OUT', '1', '1', null, null, '1', '6516');
INSERT INTO `ticket` VALUES ('34', 'A20150827000027', '2015-08-30 00:20:09', '2015-08-27 00:02:05', '2015-08-30 00:20:09', '2015-08-29 13:51:57', '2015-08-27 00:12:05', '0', '', '', null, '', '', '', '', '54', '0', '0', '54', '54', '0', '0', '1', null, '', '', '0', '0', null, '', null, 'TAKE_OUT', '1', '2', null, null, '1', '6516');
INSERT INTO `ticket` VALUES ('35', 'A20150827000028', '2015-08-27 00:28:32', '2015-08-27 00:28:22', '2015-08-27 00:28:32', '2015-08-27 00:28:26', '2015-08-27 00:38:22', '0', '', '', null, '', '', '', '', '86', '0', '0', '86', '86', '0', '0', '1', null, '', '', '0', '0', null, '', null, 'TAKE_OUT', '1', '2', null, null, null, '6516');
INSERT INTO `ticket` VALUES ('36', 'A20150829000029', '2015-08-30 10:55:40', '2015-08-29 11:11:41', '2015-08-30 10:55:40', '2015-08-29 15:21:02', '2015-08-29 11:21:41', '11', '', '', null, '', '', '', '', '7', '0', '0', '7', '0', '7', '0', '1', null, '', '', '0', '0', null, '', null, 'TAKE_OUT', '1', '1', null, null, '1', '6516');
INSERT INTO `ticket` VALUES ('37', 'A20150829000030', '2015-08-29 14:51:22', '2015-08-29 14:50:43', '2015-08-29 14:51:22', '2015-08-29 14:50:48', '2015-08-29 15:00:43', '14', '', '', null, '', '', '', '', '54', '0', '0', '54', '54', '0', '0', '1', null, '', '', '0', '0', null, '', null, 'TAKE_OUT', '1', '1', null, null, null, '6516');
INSERT INTO `ticket` VALUES ('38', 'A20150829000031', '2015-08-29 14:57:24', '2015-08-29 14:55:40', '2015-08-29 14:57:24', '2015-08-29 14:55:46', '2015-08-29 15:05:40', '14', '', '', null, '', '', '', '', '54', '0', '0', '54', '54', '0', '0', '1', null, '', '', '0', '0', null, '', null, 'TAKE_OUT', '1', '1', null, null, null, '6516');
INSERT INTO `ticket` VALUES ('39', 'A20150829000032', '2015-08-29 15:00:14', '2015-08-29 14:59:34', '2015-08-29 15:00:14', '2015-08-29 14:59:38', '2015-08-29 15:09:34', '14', '', '', null, '', '', '', '', '108', '0', '0', '108', '108', '0', '0', '1', null, '', '', '0', '0', null, '', null, 'TAKE_OUT', '1', '1', null, null, null, '6516');
INSERT INTO `ticket` VALUES ('40', 'A20150829000033', '2015-08-29 15:00:54', '2015-08-29 15:00:48', '2015-08-29 15:00:54', '2015-08-29 15:00:51', '2015-08-29 15:10:48', '15', '', '', null, '', '', '', '', '108', '0', '0', '108', '108', '0', '0', '1', null, '', '', '0', '0', null, '', null, 'TAKE_OUT', '1', '1', null, null, null, '6516');
INSERT INTO `ticket` VALUES ('41', 'A20150830000034', '2015-08-30 10:55:38', '2015-08-30 00:06:37', '2015-08-30 10:55:38', '2015-08-30 00:06:43', '2015-08-30 00:16:37', '0', '', '', null, '', '', '', '', '54', '0', '0', '54', '0', '54', '0', '1', null, '', '', '0', '0', null, '', null, 'TAKE_OUT', '1', '1', null, null, '1', '6516');
INSERT INTO `ticket` VALUES ('42', 'A20150830000035', '2015-08-30 00:07:37', '2015-08-30 00:07:25', '2015-08-30 00:07:37', '2015-08-30 00:07:30', '2015-08-30 00:17:25', '0', '', '', null, '', '', '', '', '4', '0', '0', '4', '4', '0', '0', '1', null, '', '', '0', '0', null, '', null, 'TAKE_OUT', '1', '1', null, null, null, '6516');
INSERT INTO `ticket` VALUES ('43', 'A20150830000036', '2015-08-30 10:55:35', '2015-08-30 00:08:31', '2015-08-30 10:55:35', '2015-08-30 00:08:36', '2015-08-30 00:18:31', '0', '', '', null, '', '', '', '', '6', '0', '0', '6', '0', '6', '0', '1', null, '', '', '0', '0', null, '', null, 'TAKE_OUT', '1', '1', null, null, '1', '6516');
INSERT INTO `ticket` VALUES ('44', 'A20150830000037', '2015-08-30 10:55:33', '2015-08-30 00:09:54', '2015-08-30 10:55:33', '2015-08-30 00:10:00', '2015-08-30 00:19:54', '0', '', '', null, '', '', '', '', '6', '0', '0', '6', '0', '6', '0', '1', null, '', '', '0', '0', null, '', null, 'TAKE_OUT', '1', '1', null, null, '1', '6516');
INSERT INTO `ticket` VALUES ('45', 'A20150830000038', '2015-08-30 10:55:30', '2015-08-30 00:19:58', '2015-08-30 10:55:30', '2015-08-30 00:20:04', '2015-08-30 00:29:58', '0', '', '', null, '', '', '', '', '54', '0', '0', '54', '0', '54', '0', '1', null, '', '', '0', '0', null, '', null, 'TAKE_OUT', '1', '1', null, null, '1', '6516');
INSERT INTO `ticket` VALUES ('46', 'A20150830000039', '2015-08-30 11:23:36', '2015-08-30 11:23:18', '2015-08-30 11:23:36', '2015-08-30 11:23:25', '2015-08-30 11:33:18', '11', '', '', null, '', '', '', '', '54', '0', '0', '54', '0', '54', '0', '1', null, '', '', '0', '0', null, '', null, 'TAKE_OUT', '1', '1', null, null, '1', '6516');
INSERT INTO `ticket` VALUES ('47', 'A20150830000040', '2015-08-30 11:37:54', '2015-08-30 11:37:40', '2015-08-30 11:37:54', '2015-08-30 11:37:43', '2015-08-30 11:47:40', '11', '', '', null, '', '', '', '', '54', '0', '0', '54', '0', '54', '0', '1', null, '', '', '0', '0', null, '', null, 'TAKE_OUT', '1', '1', null, null, '1', '6516');
INSERT INTO `ticket` VALUES ('48', 'A20150830000041', '2015-08-30 11:43:52', '2015-08-30 11:43:48', null, '2015-08-30 11:43:52', '2015-08-30 11:53:48', '11', '', '', null, '', '', '', '', '54', '0', '0', '54', '0', '54', '0', '1', null, '', '', '0', '0', null, '', null, 'TAKE_OUT', '1', '1', null, null, null, '6516');

-- ----------------------------
-- Table structure for `ticketitem_modifiergroup`
-- ----------------------------
DROP TABLE IF EXISTS `ticketitem_modifiergroup`;
CREATE TABLE `ticketitem_modifiergroup` (
  `ID` int(11) NOT NULL AUTO_INCREMENT,
  `MODIFIED_TIME` datetime NOT NULL,
  `GROUP_ID` int(11) DEFAULT NULL,
  `MIN_QUANTITY` int(11) DEFAULT NULL,
  `MAX_QUANTITY` int(11) DEFAULT NULL,
  `parent` int(11) DEFAULT NULL,
  `TICKETITEM_ID` int(11) DEFAULT NULL,
  `ITEM_ORDER` int(11) DEFAULT NULL,
  PRIMARY KEY (`ID`),
  KEY `FK21D455C8A73C1B20` (`parent`),
  KEY `FK21D455C8DC1B1BB1` (`TICKETITEM_ID`),
  CONSTRAINT `FK21D455C8A73C1B20` FOREIGN KEY (`parent`) REFERENCES `ticket_item` (`ID`),
  CONSTRAINT `FK21D455C8DC1B1BB1` FOREIGN KEY (`TICKETITEM_ID`) REFERENCES `ticket_item` (`ID`)
) ENGINE=InnoDB DEFAULT CHARSET=utf8;

-- ----------------------------
-- Records of ticketitem_modifiergroup
-- ----------------------------

-- ----------------------------
-- Table structure for `ticket_coupon_discount`
-- ----------------------------
DROP TABLE IF EXISTS `ticket_coupon_discount`;
CREATE TABLE `ticket_coupon_discount` (
  `ID` int(11) NOT NULL AUTO_INCREMENT,
  `COUPON_DISCOUNT_ID` int(11) DEFAULT NULL,
  `NAME` varchar(30) DEFAULT NULL,
  `TYPE` int(11) DEFAULT NULL,
  `VALUE` double DEFAULT NULL,
  `TICKET_ID` int(11) DEFAULT NULL,
  `D_ORDER` int(11) DEFAULT NULL,
  PRIMARY KEY (`ID`),
  KEY `FK3A1F32071DF2D7F1` (`TICKET_ID`),
  CONSTRAINT `FK3A1F32071DF2D7F1` FOREIGN KEY (`TICKET_ID`) REFERENCES `ticket` (`ID`)
) ENGINE=InnoDB DEFAULT CHARSET=utf8;

-- ----------------------------
-- Records of ticket_coupon_discount
-- ----------------------------

-- ----------------------------
-- Table structure for `ticket_item`
-- ----------------------------
DROP TABLE IF EXISTS `ticket_item`;
CREATE TABLE `ticket_item` (
  `ID` int(11) NOT NULL AUTO_INCREMENT,
  `MODIFIED_TIME` datetime NOT NULL,
  `ITEM_ID` int(11) DEFAULT NULL,
  `ITEM_COUNT` int(11) DEFAULT NULL,
  `ITEM_NAME` varchar(30) DEFAULT NULL,
  `GROUP_NAME` varchar(20) DEFAULT NULL,
  `CATEGORY_NAME` varchar(20) DEFAULT NULL,
  `ITEM_PRICE` double DEFAULT NULL,
  `DISCOUNT_RATE` double DEFAULT NULL,
  `ITEM_TAX_RATE` double DEFAULT NULL,
  `SUB_TOTAL` double DEFAULT NULL,
  `SUB_TOTAL_WITHOUT_MODIFIERS` double DEFAULT NULL,
  `DISCOUNT` double DEFAULT NULL,
  `TAX_AMOUNT` double DEFAULT NULL,
  `TAX_AMOUNT_WITHOUT_MODIFIERS` double DEFAULT NULL,
  `TOTAL_PRICE` double DEFAULT NULL,
  `TOTAL_PRICE_WITHOUT_MODIFIERS` double DEFAULT NULL,
  `BEVERAGE` bit(1) DEFAULT NULL,
  `PRINT_TO_KITCHEN` bit(1) DEFAULT NULL,
  `HAS_MODIIERS` bit(1) DEFAULT NULL,
  `PRINTED_TO_KITCHEN` bit(1) DEFAULT NULL,
  `TICKET_ID` int(11) DEFAULT NULL,
  `VPRINTER_ID` int(11) DEFAULT NULL,
  `ITEM_ORDER` int(11) DEFAULT NULL,
  PRIMARY KEY (`ID`),
  KEY `FK979F54667080599C` (`VPRINTER_ID`),
  KEY `FK979F54661DF2D7F1` (`TICKET_ID`),
  CONSTRAINT `FK979F54661DF2D7F1` FOREIGN KEY (`TICKET_ID`) REFERENCES `ticket` (`ID`),
  CONSTRAINT `FK979F54667080599C` FOREIGN KEY (`VPRINTER_ID`) REFERENCES `virtual_printer` (`ID`)
) ENGINE=InnoDB AUTO_INCREMENT=110 DEFAULT CHARSET=utf8;

-- ----------------------------
-- Records of ticket_item
-- ----------------------------
INSERT INTO `ticket_item` VALUES ('1', '2015-08-19 23:30:44', '14', '1', 'CHOC MILK', 'COLD BEVERAGE', 'BEVERAGE & DRINKS', '2.25', '0', '6', '2.25', '2.25', '0', '0.14', '0.14', '2.39', '2.39', '', '', '', '', '1', null, '0');
INSERT INTO `ticket_item` VALUES ('2', '2015-08-19 23:30:44', '27', '1', 'ICE TEA', 'COLD BEVERAGE', 'BEVERAGE & DRINKS', '0', '0', '6', '0', '0', '0', '0', '0', '0', '0', '', '', '', '', '1', null, '1');
INSERT INTO `ticket_item` VALUES ('3', '2015-08-19 23:30:44', '29', '1', 'LEMONADE', 'COLD BEVERAGE', 'BEVERAGE & DRINKS', '1', '0', '6', '1', '1', '0', '0.06', '0.06', '1.06', '1.06', '', '', '', '', '1', null, '2');
INSERT INTO `ticket_item` VALUES ('4', '2015-08-25 23:45:03', '37', '1', 'SCHELLS FIREBRICH AMBER', 'BEERS', 'BEER & WINE', '4', '0', '6', '4', '4', '0', '0.24', '0.24', '4.24', '4.24', '', '', '', '', '2', null, '0');
INSERT INTO `ticket_item` VALUES ('5', '2015-08-25 23:45:03', '42', '1', 'STELLA ARTOIS ', 'BEERS', 'BEER & WINE', '3', '0', '6', '3', '3', '0', '0.18', '0.18', '3.18', '3.18', '', '', '', '', '2', null, '1');
INSERT INTO `ticket_item` VALUES ('6', '2015-08-25 23:45:03', '43', '1', 'SUMMIT PALE ALE', 'BEERS', 'BEER & WINE', '2', '0', '6', '2', '2', '0', '0.12', '0.12', '2.12', '2.12', '', '', '', '', '2', null, '2');
INSERT INTO `ticket_item` VALUES ('7', '2015-08-25 23:45:12', '0', '1', '自定义商品1', '快速添加商品', '快速添加商品', '2', '0', '0', '2', '2', '0', '0', '0', '2', '2', '', '', '', '', '3', null, '0');
INSERT INTO `ticket_item` VALUES ('8', '2015-08-25 23:45:12', '0', '1', '自定义商品2', '快速添加商品', '快速添加商品', '2', '0', '0', '2', '2', '0', '0', '0', '2', '2', '', '', '', '', '3', null, '1');
INSERT INTO `ticket_item` VALUES ('9', '2015-08-25 23:45:17', '0', '1', '自定义商品3', '快速添加商品', '快速添加商品', '3', '0', '0', '3', '3', '0', '0', '0', '3', '3', '', '', '', '', '4', null, '0');
INSERT INTO `ticket_item` VALUES ('10', '2015-08-25 23:45:21', '37', '2', 'SCHELLS FIREBRICH AMBER', 'BEERS', 'BEER & WINE', '4', '0', '0', '8', '8', '0', '0', '0', '8', '8', '', '', '', '', '5', null, '0');
INSERT INTO `ticket_item` VALUES ('11', '2015-08-25 23:45:21', '42', '3', 'STELLA ARTOIS 1111111111111111', 'BEERS', 'BEER & WINE', '3', '0', '0', '9', '9', '0', '0', '0', '9', '9', '', '', '', '', '5', null, '1');
INSERT INTO `ticket_item` VALUES ('12', '2015-08-25 23:45:21', '43', '4', 'SUMMIT PALE ALE', 'BEERS', 'BEER & WINE', '2', '0', '0', '8', '8', '0', '0', '0', '8', '8', '', '', '', '', '5', null, '2');
INSERT INTO `ticket_item` VALUES ('13', '2015-08-25 23:45:25', '17', '2', 'DISENO MALBEC', 'REDS', 'BEER & WINE', '2', '0', '0', '4', '4', '0', '0', '0', '4', '4', '', '', '', '', '6', null, '0');
INSERT INTO `ticket_item` VALUES ('14', '2015-08-25 23:45:25', '18', '4', 'FELLUGO ITALY', 'REDS', 'BEER & WINE', '2', '0', '0', '8', '8', '0', '0', '0', '8', '8', '', '', '', '', '6', null, '1');
INSERT INTO `ticket_item` VALUES ('16', '2015-08-25 23:45:29', '18', '4', 'FELLUGO ITALY', 'REDS', 'BEER & WINE', '2', '0', '0', '8', '8', '0', '0', '0', '8', '8', '', '', '', '', '7', null, '0');
INSERT INTO `ticket_item` VALUES ('17', '2015-08-26 01:40:30', '41', '1', 'STEELHEAD', 'REDS', 'BEER & WINE', '2', '0', '0', '2', '2', '0', '0', '0', '2', '2', '', '', '', '', '8', null, '0');
INSERT INTO `ticket_item` VALUES ('18', '2015-08-26 01:40:30', '18', '1', 'FELLUGO ITALY', 'REDS', 'BEER & WINE', '2', '0', '0', '2', '2', '0', '0', '0', '2', '2', '', '', '', '', '8', null, '1');
INSERT INTO `ticket_item` VALUES ('19', '2015-08-26 01:40:30', '17', '1', 'DISENO MALBEC', 'REDS', 'BEER & WINE', '2', '0', '0', '2', '2', '0', '0', '0', '2', '2', '', '', '', '', '8', null, '2');
INSERT INTO `ticket_item` VALUES ('20', '2015-08-26 01:25:00', '18', '2', 'FELLUGO ITALY', 'REDS', 'BEER & WINE', '2', '0', '0', '4', '4', '0', '0', '0', '4', '4', '', '', '', '', '9', null, '0');
INSERT INTO `ticket_item` VALUES ('21', '2015-08-26 01:25:00', '41', '2', 'STEELHEAD', 'REDS', 'BEER & WINE', '2', '0', '0', '4', '4', '0', '0', '0', '4', '4', '', '', '', '', '9', null, '1');
INSERT INTO `ticket_item` VALUES ('22', '2015-08-26 01:14:57', '42', '1', 'STELLA ARTOIS 1111111111111111', 'BEERS', 'BEER & WINE', '3', '0', '0', '3', '3', '0', '0', '0', '3', '3', '', '', '', '', '10', null, '0');
INSERT INTO `ticket_item` VALUES ('23', '2015-08-26 01:14:57', '37', '1', 'SCHELLS FIREBRICH AMBER', 'BEERS', 'BEER & WINE', '4', '0', '0', '4', '4', '0', '0', '0', '4', '4', '', '', '', '', '10', null, '1');
INSERT INTO `ticket_item` VALUES ('24', '2015-08-26 01:14:57', '31', '1', 'MICHELOB GOLDEN', 'BEERS', 'BEER & WINE', '2', '0', '0', '2', '2', '0', '0', '0', '2', '2', '', '', '', '', '10', null, '2');
INSERT INTO `ticket_item` VALUES ('25', '2015-08-26 01:02:44', '37', '1', 'SCHELLS FIREBRICH AMBER', 'BEERS', 'BEER & WINE', '4', '0', '0', '4', '4', '0', '0', '0', '4', '4', '', '', '', '', '11', null, '0');
INSERT INTO `ticket_item` VALUES ('26', '2015-08-26 01:02:44', '42', '1', 'STELLA ARTOIS 1111111111111111', 'BEERS', 'BEER & WINE', '3', '0', '0', '3', '3', '0', '0', '0', '3', '3', '', '', '', '', '11', null, '1');
INSERT INTO `ticket_item` VALUES ('27', '2015-08-26 01:02:44', '43', '1', 'SUMMIT PALE ALE', 'BEERS', 'BEER & WINE', '2', '0', '0', '2', '2', '0', '0', '0', '2', '2', '', '', '', '', '11', null, '2');
INSERT INTO `ticket_item` VALUES ('28', '2015-08-26 01:01:57', '18', '4', 'FELLUGO ITALY', 'REDS', 'BEER & WINE', '2', '0', '0', '8', '8', '0', '0', '0', '8', '8', '', '', '', '', '12', null, '0');
INSERT INTO `ticket_item` VALUES ('29', '2015-08-26 01:01:32', '18', '2', 'FELLUGO ITALY', 'REDS', 'BEER & WINE', '2', '0', '0', '4', '4', '0', '0', '0', '4', '4', '', '', '', '', '13', null, '0');
INSERT INTO `ticket_item` VALUES ('30', '2015-08-26 01:01:32', '41', '1', 'STEELHEAD', 'REDS', 'BEER & WINE', '2', '0', '0', '2', '2', '0', '0', '0', '2', '2', '', '', '', '', '13', null, '1');
INSERT INTO `ticket_item` VALUES ('31', '2015-08-26 01:37:14', '53', '1', '麻婆豆腐', '川菜', '中式', '16', '0', '0', '16', '16', '0', '0', '0', '16', '16', '', '', '', '', '14', null, '0');
INSERT INTO `ticket_item` VALUES ('32', '2015-08-26 01:37:14', '54', '1', '钵钵鸡', '川菜', '中式', '38', '0', '0', '38', '38', '0', '0', '0', '38', '38', '', '', '', '', '14', null, '1');
INSERT INTO `ticket_item` VALUES ('33', '2015-08-30 10:55:47', '53', '1', '麻婆豆腐', '川菜', '中式', '16', '0', '0', '16', '16', '0', '0', '0', '16', '16', '', '', '', '', '15', null, '0');
INSERT INTO `ticket_item` VALUES ('34', '2015-08-30 10:55:47', '54', '1', '钵钵鸡', '川菜', '中式', '38', '0', '0', '38', '38', '0', '0', '0', '38', '38', '', '', '', '', '15', null, '1');
INSERT INTO `ticket_item` VALUES ('35', '2015-08-26 01:41:22', '37', '1', 'SCHELLS FIREBRICH AMBER', 'BEERS', 'BEER & WINE', '4', '0', '0', '4', '4', '0', '0', '0', '4', '4', '', '', '', '', '16', null, '0');
INSERT INTO `ticket_item` VALUES ('36', '2015-08-26 01:41:22', '42', '1', 'STELLA ARTOIS 1111111111111111', 'BEERS', 'BEER & WINE', '3', '0', '0', '3', '3', '0', '0', '0', '3', '3', '', '', '', '', '16', null, '1');
INSERT INTO `ticket_item` VALUES ('37', '2015-08-26 01:41:22', '43', '1', 'SUMMIT PALE ALE', 'BEERS', 'BEER & WINE', '2', '0', '0', '2', '2', '0', '0', '0', '2', '2', '', '', '', '', '16', null, '2');
INSERT INTO `ticket_item` VALUES ('38', '2015-08-30 10:55:45', '53', '1', '麻婆豆腐', '川菜', '中式', '16', '0', '0', '16', '16', '0', '0', '0', '16', '16', '', '', '', '', '17', null, '0');
INSERT INTO `ticket_item` VALUES ('39', '2015-08-30 10:55:45', '54', '1', '钵钵鸡', '川菜', '中式', '38', '0', '0', '38', '38', '0', '0', '0', '38', '38', '', '', '', '', '17', null, '1');
INSERT INTO `ticket_item` VALUES ('40', '2015-08-26 21:50:14', '53', '1', '麻婆豆腐', '川菜', '中式', '16', '0', '0', '16', '16', '0', '0', '0', '16', '16', '', '', '', '', '18', null, '0');
INSERT INTO `ticket_item` VALUES ('41', '2015-08-26 21:50:14', '54', '1', '钵钵鸡', '川菜', '中式', '38', '0', '0', '38', '38', '0', '0', '0', '38', '38', '', '', '', '', '18', null, '1');
INSERT INTO `ticket_item` VALUES ('42', '2015-08-26 21:55:58', '53', '1', '麻婆豆腐', '川菜', '中式', '16', '0', '0', '16', '16', '0', '0', '0', '16', '16', '', '', '', '', '19', null, '0');
INSERT INTO `ticket_item` VALUES ('43', '2015-08-26 21:55:58', '54', '1', '钵钵鸡', '川菜', '中式', '38', '0', '0', '38', '38', '0', '0', '0', '38', '38', '', '', '', '', '19', null, '1');
INSERT INTO `ticket_item` VALUES ('44', '2015-08-26 23:17:11', '53', '1', '麻婆豆腐', '川菜', '中式', '16', '0', '0', '16', '16', '0', '0', '0', '16', '16', '', '', '', '', '20', null, '0');
INSERT INTO `ticket_item` VALUES ('45', '2015-08-26 23:17:11', '54', '1', '钵钵鸡', '川菜', '中式', '38', '0', '0', '38', '38', '0', '0', '0', '38', '38', '', '', '', '', '20', null, '1');
INSERT INTO `ticket_item` VALUES ('46', '2015-08-26 22:13:02', '42', '1', 'STELLA ARTOIS 1111111111111111', 'BEERS', 'BEER & WINE', '3', '0', '0', '3', '3', '0', '0', '0', '3', '3', '', '', '', '', '21', null, '0');
INSERT INTO `ticket_item` VALUES ('47', '2015-08-26 22:13:02', '43', '1', 'SUMMIT PALE ALE', 'BEERS', 'BEER & WINE', '2', '0', '0', '2', '2', '0', '0', '0', '2', '2', '', '', '', '', '21', null, '1');
INSERT INTO `ticket_item` VALUES ('48', '2015-08-26 22:13:02', '45', '1', 'SURLY FURIOUS', 'BEERS', 'BEER & WINE', '4', '0', '0', '4', '4', '0', '0', '0', '4', '4', '', '', '', '', '21', null, '2');
INSERT INTO `ticket_item` VALUES ('49', '2015-08-26 22:16:39', '10', '1', 'BELLYS SEASONAL', 'BEERS', 'BEER & WINE', '4', '0', '0', '4', '4', '0', '0', '0', '4', '4', '', '', '', '', '22', null, '0');
INSERT INTO `ticket_item` VALUES ('50', '2015-08-26 22:16:39', '31', '1', 'MICHELOB GOLDEN', 'BEERS', 'BEER & WINE', '2', '0', '0', '2', '2', '0', '0', '0', '2', '2', '', '', '', '', '22', null, '1');
INSERT INTO `ticket_item` VALUES ('51', '2015-08-26 22:16:39', '37', '1', 'SCHELLS FIREBRICH AMBER', 'BEERS', 'BEER & WINE', '4', '0', '0', '4', '4', '0', '0', '0', '4', '4', '', '', '', '', '22', null, '2');
INSERT INTO `ticket_item` VALUES ('52', '2015-08-26 22:16:39', '42', '1', 'STELLA ARTOIS 1111111111111111', 'BEERS', 'BEER & WINE', '3', '0', '0', '3', '3', '0', '0', '0', '3', '3', '', '', '', '', '22', null, '3');
INSERT INTO `ticket_item` VALUES ('53', '2015-08-26 23:13:00', '53', '1', '麻婆豆腐', '川菜', '中式', '16', '0', '0', '16', '16', '0', '0', '0', '16', '16', '', '', '', '', '23', null, '0');
INSERT INTO `ticket_item` VALUES ('54', '2015-08-26 23:13:00', '54', '1', '钵钵鸡', '川菜', '中式', '38', '0', '0', '38', '38', '0', '0', '0', '38', '38', '', '', '', '', '23', null, '1');
INSERT INTO `ticket_item` VALUES ('55', '2015-08-26 22:53:11', '37', '1', 'SCHELLS FIREBRICH AMBER', 'BEERS', 'BEER & WINE', '4', '0', '0', '4', '4', '0', '0', '0', '4', '4', '', '', '', '', '24', null, '0');
INSERT INTO `ticket_item` VALUES ('56', '2015-08-26 22:53:11', '42', '1', 'STELLA ARTOIS 1111111111111111', 'BEERS', 'BEER & WINE', '3', '0', '0', '3', '3', '0', '0', '0', '3', '3', '', '', '', '', '24', null, '1');
INSERT INTO `ticket_item` VALUES ('57', '2015-08-26 22:53:11', '43', '1', 'SUMMIT PALE ALE', 'BEERS', 'BEER & WINE', '2', '0', '0', '2', '2', '0', '0', '0', '2', '2', '', '', '', '', '24', null, '2');
INSERT INTO `ticket_item` VALUES ('58', '2015-08-26 22:53:11', '22', '1', 'GRAVY N BISCUIT', 'FAVOURITE', 'BREAKFAST', '1', '0', '0', '1', '1', '0', '0', '0', '1', '1', '', '', '', '', '24', null, '3');
INSERT INTO `ticket_item` VALUES ('59', '2015-08-26 22:53:11', '26', '1', 'HASHBROWN COMBO', 'FAVOURITE', 'BREAKFAST', '1', '0', '0', '1', '1', '0', '0', '0', '1', '1', '', '', '', '', '24', null, '4');
INSERT INTO `ticket_item` VALUES ('60', '2015-08-26 23:18:17', '53', '1', '麻婆豆腐', '川菜', '中式', '16', '0', '0', '16', '16', '0', '0', '0', '16', '16', '', '', '', '', '25', null, '0');
INSERT INTO `ticket_item` VALUES ('61', '2015-08-26 23:18:17', '54', '1', '钵钵鸡', '川菜', '中式', '38', '0', '0', '38', '38', '0', '0', '0', '38', '38', '', '', '', '', '25', null, '1');
INSERT INTO `ticket_item` VALUES ('62', '2015-08-26 23:20:53', '53', '1', '麻婆豆腐', '川菜', '中式', '16', '0', '0', '16', '16', '0', '0', '0', '16', '16', '', '', '', '', '26', null, '0');
INSERT INTO `ticket_item` VALUES ('63', '2015-08-26 23:20:53', '54', '1', '钵钵鸡', '川菜', '中式', '38', '0', '0', '38', '38', '0', '0', '0', '38', '38', '', '', '', '', '26', null, '1');
INSERT INTO `ticket_item` VALUES ('64', '2015-08-26 23:23:19', '53', '1', '麻婆豆腐', '川菜', '中式', '16', '0', '0', '16', '16', '0', '0', '0', '16', '16', '', '', '', '', '27', null, '0');
INSERT INTO `ticket_item` VALUES ('65', '2015-08-26 23:23:19', '54', '1', '钵钵鸡', '川菜', '中式', '38', '0', '0', '38', '38', '0', '0', '0', '38', '38', '', '', '', '', '27', null, '1');
INSERT INTO `ticket_item` VALUES ('66', '2015-08-26 23:27:31', '53', '1', '麻婆豆腐', '川菜', '中式', '16', '0', '0', '16', '16', '0', '0', '0', '16', '16', '', '', '', '', '28', null, '0');
INSERT INTO `ticket_item` VALUES ('67', '2015-08-26 23:27:31', '54', '1', '钵钵鸡', '川菜', '中式', '38', '0', '0', '38', '38', '0', '0', '0', '38', '38', '', '', '', '', '28', null, '1');
INSERT INTO `ticket_item` VALUES ('68', '2015-08-26 23:34:00', '53', '1', '麻婆豆腐', '川菜', '中式', '16', '0', '0', '16', '16', '0', '0', '0', '16', '16', '', '', '', '', '29', null, '0');
INSERT INTO `ticket_item` VALUES ('69', '2015-08-26 23:34:00', '54', '1', '钵钵鸡', '川菜', '中式', '38', '0', '0', '38', '38', '0', '0', '0', '38', '38', '', '', '', '', '29', null, '1');
INSERT INTO `ticket_item` VALUES ('70', '2015-08-26 23:40:29', '53', '1', '麻婆豆腐', '川菜', '中式', '16', '0', '0', '16', '16', '0', '0', '0', '16', '16', '', '', '', '', '30', null, '0');
INSERT INTO `ticket_item` VALUES ('71', '2015-08-26 23:40:29', '54', '1', '钵钵鸡', '川菜', '中式', '38', '0', '0', '38', '38', '0', '0', '0', '38', '38', '', '', '', '', '30', null, '1');
INSERT INTO `ticket_item` VALUES ('72', '2015-08-26 23:43:20', '53', '1', '麻婆豆腐', '川菜', '中式', '16', '0', '0', '16', '16', '0', '0', '0', '16', '16', '', '', '', '', '31', null, '0');
INSERT INTO `ticket_item` VALUES ('73', '2015-08-26 23:43:20', '54', '1', '钵钵鸡', '川菜', '中式', '38', '0', '0', '38', '38', '0', '0', '0', '38', '38', '', '', '', '', '31', null, '1');
INSERT INTO `ticket_item` VALUES ('74', '2015-08-26 23:46:41', '53', '1', '麻婆豆腐', '川菜', '中式', '16', '0', '0', '16', '16', '0', '0', '0', '16', '16', '', '', '', '', '32', null, '0');
INSERT INTO `ticket_item` VALUES ('75', '2015-08-26 23:46:41', '54', '1', '钵钵鸡', '川菜', '中式', '38', '0', '0', '38', '38', '0', '0', '0', '38', '38', '', '', '', '', '32', null, '1');
INSERT INTO `ticket_item` VALUES ('76', '2015-08-30 10:55:42', '53', '1', '麻婆豆腐', '川菜', '中式', '16', '0', '0', '16', '16', '0', '0', '0', '16', '16', '', '', '', '', '33', null, '0');
INSERT INTO `ticket_item` VALUES ('77', '2015-08-30 10:55:42', '54', '1', '钵钵鸡', '川菜', '中式', '38', '0', '0', '38', '38', '0', '0', '0', '38', '38', '', '', '', '', '33', null, '1');
INSERT INTO `ticket_item` VALUES ('78', '2015-08-30 00:20:09', '53', '1', '麻婆豆腐', '川菜', '中式', '16', '0', '0', '16', '16', '0', '0', '0', '16', '16', '', '', '', '', '34', null, '0');
INSERT INTO `ticket_item` VALUES ('79', '2015-08-30 00:20:09', '54', '1', '钵钵鸡', '川菜', '中式', '38', '0', '0', '38', '38', '0', '0', '0', '38', '38', '', '', '', '', '34', null, '1');
INSERT INTO `ticket_item` VALUES ('80', '2015-08-27 00:28:32', '53', '3', '麻婆豆腐', '川菜', '中式', '16', '0', '0', '48', '48', '0', '0', '0', '48', '48', '', '', '', '', '35', null, '0');
INSERT INTO `ticket_item` VALUES ('81', '2015-08-27 00:28:32', '54', '1', '钵钵鸡', '川菜', '中式', '38', '0', '0', '38', '38', '0', '0', '0', '38', '38', '', '', '', '', '35', null, '1');
INSERT INTO `ticket_item` VALUES ('82', '2015-08-30 10:55:40', '42', '1', 'STELLA ARTOIS 1111111111111111', 'BEERS', 'BEER & WINE', '3', '0', '0', '3', '3', '0', '0', '0', '3', '3', '', '', '', '', '36', null, '0');
INSERT INTO `ticket_item` VALUES ('83', '2015-08-30 10:55:40', '37', '1', 'SCHELLS FIREBRICH AMBER', 'BEERS', 'BEER & WINE', '4', '0', '0', '4', '4', '0', '0', '0', '4', '4', '', '', '', '', '36', null, '1');
INSERT INTO `ticket_item` VALUES ('84', '2015-08-29 14:51:22', '53', '1', '麻婆豆腐', '川菜', '中式', '16', '0', '0', '16', '16', '0', '0', '0', '16', '16', '', '', '', '', '37', null, '0');
INSERT INTO `ticket_item` VALUES ('85', '2015-08-29 14:51:22', '54', '1', '钵钵鸡', '川菜', '中式', '38', '0', '0', '38', '38', '0', '0', '0', '38', '38', '', '', '', '', '37', null, '1');
INSERT INTO `ticket_item` VALUES ('86', '2015-08-29 14:57:24', '53', '1', '麻婆豆腐', '川菜', '中式', '16', '0', '0', '16', '16', '0', '0', '0', '16', '16', '', '', '', '', '38', null, '0');
INSERT INTO `ticket_item` VALUES ('87', '2015-08-29 14:57:24', '54', '1', '钵钵鸡', '川菜', '中式', '38', '0', '0', '38', '38', '0', '0', '0', '38', '38', '', '', '', '', '38', null, '1');
INSERT INTO `ticket_item` VALUES ('88', '2015-08-29 15:00:14', '53', '2', '麻婆豆腐', '川菜', '中式', '16', '0', '0', '32', '32', '0', '0', '0', '32', '32', '', '', '', '', '39', null, '0');
INSERT INTO `ticket_item` VALUES ('89', '2015-08-29 15:00:14', '54', '2', '钵钵鸡', '川菜', '中式', '38', '0', '0', '76', '76', '0', '0', '0', '76', '76', '', '', '', '', '39', null, '1');
INSERT INTO `ticket_item` VALUES ('90', '2015-08-29 15:00:54', '53', '2', '麻婆豆腐', '川菜', '中式', '16', '0', '0', '32', '32', '0', '0', '0', '32', '32', '', '', '', '', '40', null, '0');
INSERT INTO `ticket_item` VALUES ('91', '2015-08-29 15:00:54', '54', '2', '钵钵鸡', '川菜', '中式', '38', '0', '0', '76', '76', '0', '0', '0', '76', '76', '', '', '', '', '40', null, '1');
INSERT INTO `ticket_item` VALUES ('92', '2015-08-30 10:55:38', '54', '1', '钵钵鸡', '川菜', '中式', '38', '0', '0', '38', '38', '0', '0', '0', '38', '38', '', '', '', '', '41', null, '0');
INSERT INTO `ticket_item` VALUES ('93', '2015-08-30 10:55:38', '53', '1', '麻婆豆腐', '川菜', '中式', '16', '0', '0', '16', '16', '0', '0', '0', '16', '16', '', '', '', '', '41', null, '1');
INSERT INTO `ticket_item` VALUES ('94', '2015-08-30 00:07:37', '41', '1', 'STEELHEAD', 'REDS', 'BEER & WINE', '2', '0', '0', '2', '2', '0', '0', '0', '2', '2', '', '', '', '', '42', null, '0');
INSERT INTO `ticket_item` VALUES ('95', '2015-08-30 00:07:37', '18', '1', 'FELLUGO ITALY', 'REDS', 'BEER & WINE', '2', '0', '0', '2', '2', '0', '0', '0', '2', '2', '', '', '', '', '42', null, '1');
INSERT INTO `ticket_item` VALUES ('96', '2015-08-30 10:55:35', '41', '1', 'STEELHEAD', 'REDS', 'BEER & WINE', '2', '0', '0', '2', '2', '0', '0', '0', '2', '2', '', '', '', '', '43', null, '0');
INSERT INTO `ticket_item` VALUES ('97', '2015-08-30 10:55:35', '18', '1', 'FELLUGO ITALY', 'REDS', 'BEER & WINE', '2', '0', '0', '2', '2', '0', '0', '0', '2', '2', '', '', '', '', '43', null, '1');
INSERT INTO `ticket_item` VALUES ('98', '2015-08-30 10:55:35', '17', '1', 'DISENO MALBEC', 'REDS', 'BEER & WINE', '2', '0', '0', '2', '2', '0', '0', '0', '2', '2', '', '', '', '', '43', null, '2');
INSERT INTO `ticket_item` VALUES ('99', '2015-08-30 10:55:33', '18', '1', 'FELLUGO ITALY', 'REDS', 'BEER & WINE', '2', '0', '0', '2', '2', '0', '0', '0', '2', '2', '', '', '', '', '44', null, '0');
INSERT INTO `ticket_item` VALUES ('100', '2015-08-30 10:55:33', '41', '1', 'STEELHEAD', 'REDS', 'BEER & WINE', '2', '0', '0', '2', '2', '0', '0', '0', '2', '2', '', '', '', '', '44', null, '1');
INSERT INTO `ticket_item` VALUES ('101', '2015-08-30 10:55:33', '50', '1', 'VINA MAYOR', 'REDS', 'BEER & WINE', '2', '0', '0', '2', '2', '0', '0', '0', '2', '2', '', '', '', '', '44', null, '2');
INSERT INTO `ticket_item` VALUES ('102', '2015-08-30 10:55:30', '53', '1', '麻婆豆腐', '川菜', '中式', '16', '0', '0', '16', '16', '0', '0', '0', '16', '16', '', '', '', '', '45', null, '0');
INSERT INTO `ticket_item` VALUES ('103', '2015-08-30 10:55:30', '54', '1', '钵钵鸡', '川菜', '中式', '38', '0', '0', '38', '38', '0', '0', '0', '38', '38', '', '', '', '', '45', null, '1');
INSERT INTO `ticket_item` VALUES ('104', '2015-08-30 11:23:36', '53', '1', '麻婆豆腐', '川菜', '中式', '16', '0', '0', '16', '16', '0', '0', '0', '16', '16', '', '', '', '', '46', null, '0');
INSERT INTO `ticket_item` VALUES ('105', '2015-08-30 11:23:36', '54', '1', '钵钵鸡', '川菜', '中式', '38', '0', '0', '38', '38', '0', '0', '0', '38', '38', '', '', '', '', '46', null, '1');
INSERT INTO `ticket_item` VALUES ('106', '2015-08-30 11:37:54', '53', '1', '麻婆豆腐', '川菜', '中式', '16', '0', '0', '16', '16', '0', '0', '0', '16', '16', '', '', '', '', '47', null, '0');
INSERT INTO `ticket_item` VALUES ('107', '2015-08-30 11:37:54', '54', '1', '钵钵鸡', '川菜', '中式', '38', '0', '0', '38', '38', '0', '0', '0', '38', '38', '', '', '', '', '47', null, '1');
INSERT INTO `ticket_item` VALUES ('108', '2015-08-30 11:43:52', '53', '1', '麻婆豆腐', '川菜', '中式', '16', '0', '0', '16', '16', '0', '0', '0', '16', '16', '', '', '', '', '48', null, '0');
INSERT INTO `ticket_item` VALUES ('109', '2015-08-30 11:43:52', '54', '1', '钵钵鸡', '川菜', '中式', '38', '0', '0', '38', '38', '0', '0', '0', '38', '38', '', '', '', '', '48', null, '1');

-- ----------------------------
-- Table structure for `ticket_item_cooking_instruction`
-- ----------------------------
DROP TABLE IF EXISTS `ticket_item_cooking_instruction`;
CREATE TABLE `ticket_item_cooking_instruction` (
  `TICKET_ITEM_ID` int(11) NOT NULL,
  `description` varchar(60) DEFAULT NULL,
  `printedToKitchen` bit(1) DEFAULT NULL,
  `ITEM_ORDER` int(11) NOT NULL,
  PRIMARY KEY (`TICKET_ITEM_ID`,`ITEM_ORDER`),
  KEY `FK3825F9D0DEC6120A` (`TICKET_ITEM_ID`),
  CONSTRAINT `FK3825F9D0DEC6120A` FOREIGN KEY (`TICKET_ITEM_ID`) REFERENCES `ticket_item` (`ID`)
) ENGINE=InnoDB DEFAULT CHARSET=utf8;

-- ----------------------------
-- Records of ticket_item_cooking_instruction
-- ----------------------------

-- ----------------------------
-- Table structure for `ticket_item_modifier`
-- ----------------------------
DROP TABLE IF EXISTS `ticket_item_modifier`;
CREATE TABLE `ticket_item_modifier` (
  `ID` int(11) NOT NULL AUTO_INCREMENT,
  `ITEM_ID` int(11) DEFAULT NULL,
  `GROUP_ID` int(11) DEFAULT NULL,
  `ITEM_COUNT` int(11) DEFAULT NULL,
  `MODIFIER_NAME` varchar(30) DEFAULT NULL,
  `MODIFIER_PRICE` double DEFAULT NULL,
  `EXTRA_PRICE` double DEFAULT NULL,
  `MODIFIER_TAX_RATE` double DEFAULT NULL,
  `MODIFIER_TYPE` int(11) DEFAULT NULL,
  `SUBTOTAL_PRICE` double DEFAULT NULL,
  `TOTAL_PRICE` double DEFAULT NULL,
  `TAX_AMOUNT` double DEFAULT NULL,
  `PRINT_TO_KITCHEN` bit(1) DEFAULT NULL,
  `PRINTED_TO_KITCHEN` bit(1) DEFAULT NULL,
  `ModifierGroup_ID` int(11) DEFAULT NULL,
  `TICKETITEMMODIFIERGROUP_ID` int(11) DEFAULT NULL,
  `ITEM_ORDER` int(11) DEFAULT NULL,
  PRIMARY KEY (`ID`),
  KEY `FK8FD6290C04D31C4` (`ModifierGroup_ID`),
  KEY `FK8FD6290267493E3` (`TICKETITEMMODIFIERGROUP_ID`),
  CONSTRAINT `FK8FD6290267493E3` FOREIGN KEY (`TICKETITEMMODIFIERGROUP_ID`) REFERENCES `ticketitem_modifiergroup` (`ID`),
  CONSTRAINT `FK8FD6290C04D31C4` FOREIGN KEY (`ModifierGroup_ID`) REFERENCES `ticketitem_modifiergroup` (`ID`)
) ENGINE=InnoDB DEFAULT CHARSET=utf8;

-- ----------------------------
-- Records of ticket_item_modifier
-- ----------------------------

-- ----------------------------
-- Table structure for `ticket_properties`
-- ----------------------------
DROP TABLE IF EXISTS `ticket_properties`;
CREATE TABLE `ticket_properties` (
  `id` int(11) NOT NULL,
  `property_value` text,
  `property_name` varchar(255) NOT NULL,
  PRIMARY KEY (`id`,`property_name`),
  KEY `FK5402E446223049DE` (`id`),
  CONSTRAINT `FK5402E446223049DE` FOREIGN KEY (`id`) REFERENCES `ticket` (`ID`)
) ENGINE=InnoDB DEFAULT CHARSET=utf8;

-- ----------------------------
-- Records of ticket_properties
-- ----------------------------
INSERT INTO `ticket_properties` VALUES ('6', '3', 'CUSTOMER_ID');
INSERT INTO `ticket_properties` VALUES ('6', '', 'CUSTOMER_NAME');
INSERT INTO `ticket_properties` VALUES ('6', '18501751022', 'CUSTOMER_PHONE');
INSERT INTO `ticket_properties` VALUES ('7', '1', 'CUSTOMER_ID');
INSERT INTO `ticket_properties` VALUES ('7', '姜瑞翔', 'CUSTOMER_NAME');
INSERT INTO `ticket_properties` VALUES ('7', '18501751020', 'CUSTOMER_PHONE');

-- ----------------------------
-- Table structure for `ticket_table`
-- ----------------------------
DROP TABLE IF EXISTS `ticket_table`;
CREATE TABLE `ticket_table` (
  `ticket_id` int(11) NOT NULL,
  `table_id` int(11) NOT NULL,
  PRIMARY KEY (`ticket_id`,`table_id`),
  KEY `FK5CDD8CBBDC46948D` (`table_id`),
  KEY `FK5CDD8CBB1DF2D7F1` (`ticket_id`),
  CONSTRAINT `FK5CDD8CBB1DF2D7F1` FOREIGN KEY (`ticket_id`) REFERENCES `ticket` (`ID`),
  CONSTRAINT `FK5CDD8CBBDC46948D` FOREIGN KEY (`table_id`) REFERENCES `shop_table` (`ID`)
) ENGINE=InnoDB DEFAULT CHARSET=utf8;

-- ----------------------------
-- Records of ticket_table
-- ----------------------------

-- ----------------------------
-- Table structure for `transactions`
-- ----------------------------
DROP TABLE IF EXISTS `transactions`;
CREATE TABLE `transactions` (
  `ID` int(11) NOT NULL AUTO_INCREMENT,
  `PAYMENT_TYPE` varchar(30) NOT NULL,
  `MODIFIED_TIME` datetime NOT NULL,
  `TRANSACTION_TIME` datetime DEFAULT NULL,
  `AMOUNT` double DEFAULT NULL,
  `TIPS_AMOUNT` double DEFAULT NULL,
  `TENDER_AMOUNT` double DEFAULT NULL,
  `TRANSACTION_TYPE` varchar(20) NOT NULL,
  `PAYMENT_SUB_TYPE` varchar(40) NOT NULL,
  `CAPTURED` bit(1) DEFAULT NULL,
  `AUTHORIZABLE` bit(1) DEFAULT NULL,
  `CARD_TRACK` text,
  `CARD_NUMBER` varchar(40) DEFAULT NULL,
  `CARD_AUTH_CODE` varchar(30) DEFAULT NULL,
  `CARD_TYPE` varchar(20) DEFAULT NULL,
  `CARD_TRANSACTION_ID` varchar(255) DEFAULT NULL,
  `CARD_MERCHANT_GATEWAY` varchar(60) DEFAULT NULL,
  `CARD_EXP_MONTH` varchar(16) DEFAULT NULL,
  `CARD_EXP_YEAR` varchar(4) DEFAULT NULL,
  `CARD_READER` varchar(20) DEFAULT NULL,
  `GIFT_CERT_NUMBER` varchar(64) DEFAULT NULL,
  `GIFT_CERT_FACE_VALUE` double DEFAULT NULL,
  `GIFT_CERT_PAID_AMOUNT` double DEFAULT NULL,
  `GIFT_CERT_CASH_BACK_AMOUNT` double DEFAULT NULL,
  `DRAWER_RESETTED` bit(1) DEFAULT NULL,
  `NOTE` varchar(255) DEFAULT NULL,
  `TERMINAL_ID` int(11) DEFAULT NULL,
  `TICKET_ID` int(11) DEFAULT NULL,
  `USER_ID` int(11) DEFAULT NULL,
  `PAYOUT_REASON_ID` int(11) DEFAULT NULL,
  `PAYOUT_RECEPIENT_ID` int(11) DEFAULT NULL,
  PRIMARY KEY (`ID`),
  KEY `tran_drawer_resetted` (`DRAWER_RESETTED`),
  KEY `FKFE9871553E20AD51` (`USER_ID`),
  KEY `FKFE987155FC697D9E` (`PAYOUT_REASON_ID`),
  KEY `FKFE987155CA43B6` (`PAYOUT_RECEPIENT_ID`),
  KEY `FKFE9871551DF2D7F1` (`TICKET_ID`),
  KEY `FKFE9871552AD2D031` (`TERMINAL_ID`),
  CONSTRAINT `FKFE9871551DF2D7F1` FOREIGN KEY (`TICKET_ID`) REFERENCES `ticket` (`ID`),
  CONSTRAINT `FKFE9871552AD2D031` FOREIGN KEY (`TERMINAL_ID`) REFERENCES `terminal` (`ID`),
  CONSTRAINT `FKFE9871553E20AD51` FOREIGN KEY (`USER_ID`) REFERENCES `users` (`AUTO_ID`),
  CONSTRAINT `FKFE987155CA43B6` FOREIGN KEY (`PAYOUT_RECEPIENT_ID`) REFERENCES `payout_recepients` (`ID`),
  CONSTRAINT `FKFE987155FC697D9E` FOREIGN KEY (`PAYOUT_REASON_ID`) REFERENCES `payout_reasons` (`ID`)
) ENGINE=InnoDB AUTO_INCREMENT=40 DEFAULT CHARSET=utf8;

-- ----------------------------
-- Records of transactions
-- ----------------------------
INSERT INTO `transactions` VALUES ('1', 'CASH', '2015-08-19 23:30:44', '2015-08-19 21:58:24', '3.45', '0', '3.45', 'CREDIT', 'CASH', '', '', null, null, null, null, null, null, null, null, null, null, '0', '0', '0', '', null, '6516', '1', '1', null, null);
INSERT INTO `transactions` VALUES ('2', 'VOID_TRANS', '2015-08-19 23:30:44', '2015-08-19 23:30:44', '3.45', '0', '0', 'DEBIT', 'CASH', '', '', null, null, null, null, null, null, null, null, null, null, '0', '0', '0', '', null, '6516', '1', null, null, null);
INSERT INTO `transactions` VALUES ('3', 'CASH', '2015-08-26 01:01:57', '2015-08-26 01:01:57', '8', '0', '8', 'CREDIT', 'CASH', '', '', null, null, null, null, null, null, null, null, null, null, '0', '0', '0', '', null, '6516', '12', '1', null, null);
INSERT INTO `transactions` VALUES ('4', 'CASH', '2015-08-26 01:02:44', '2015-08-26 01:02:44', '9', '0', '9', 'CREDIT', 'CASH', '', '', null, null, null, null, null, null, null, null, null, null, '0', '0', '0', '', null, '6516', '11', '1', null, null);
INSERT INTO `transactions` VALUES ('5', 'CASH', '2015-08-26 01:14:57', '2015-08-26 01:14:57', '9', '0', '9', 'CREDIT', 'CASH', '', '', null, null, null, null, null, null, null, null, null, null, '0', '0', '0', '', null, '6516', '10', '1', null, null);
INSERT INTO `transactions` VALUES ('6', 'CASH', '2015-08-26 01:25:00', '2015-08-26 01:25:00', '8', '0', '18', 'CREDIT', 'CASH', '', '', null, null, null, null, null, null, null, null, null, null, '0', '0', '0', '', null, '6516', '9', '1', null, null);
INSERT INTO `transactions` VALUES ('7', 'CASH', '2015-08-26 01:37:14', '2015-08-26 01:37:14', '54', '0', '54', 'CREDIT', 'CASH', '', '', null, null, null, null, null, null, null, null, null, null, '0', '0', '0', '', null, '6516', '14', '1', null, null);
INSERT INTO `transactions` VALUES ('8', 'CASH', '2015-08-26 01:40:30', '2015-08-26 01:40:30', '6', '0', '17', 'CREDIT', 'CASH', '', '', null, null, null, null, null, null, null, null, null, null, '0', '0', '0', '', null, '6516', '8', '1', null, null);
INSERT INTO `transactions` VALUES ('9', 'CASH', '2015-08-26 01:41:22', '2015-08-26 01:41:22', '9', '0', '9', 'CREDIT', 'CASH', '', '', null, null, null, null, null, null, null, null, null, null, '0', '0', '0', '', null, '6516', '16', '1', null, null);
INSERT INTO `transactions` VALUES ('10', 'CASH', '2015-08-26 21:50:14', '2015-08-26 21:50:14', '54', '0', '54', 'CREDIT', 'CASH', '', '', null, null, null, null, null, null, null, null, null, null, '0', '0', '0', '', null, '6516', '18', '1', null, null);
INSERT INTO `transactions` VALUES ('11', 'CASH', '2015-08-26 21:55:58', '2015-08-26 21:55:58', '54', '0', '54', 'CREDIT', 'CASH', '', '', null, null, null, null, null, null, null, null, null, null, '0', '0', '0', '', null, '6516', '19', '1', null, null);
INSERT INTO `transactions` VALUES ('12', 'CASH', '2015-08-26 22:13:02', '2015-08-26 22:13:02', '9', '0', '18', 'CREDIT', 'CASH', '', '', null, null, null, null, null, null, null, null, null, null, '0', '0', '0', '', null, '6516', '21', '1', null, null);
INSERT INTO `transactions` VALUES ('13', 'CASH', '2015-08-26 22:16:39', '2015-08-26 22:16:39', '13', '0', '20', 'CREDIT', 'CASH', '', '', null, null, null, null, null, null, null, null, null, null, '0', '0', '0', '', null, '6516', '22', '1', null, null);
INSERT INTO `transactions` VALUES ('14', 'CASH', '2015-08-26 22:53:11', '2015-08-26 22:53:11', '11', '0', '11', 'CREDIT', 'CASH', '', '', null, null, null, null, null, null, null, null, null, null, '0', '0', '0', '', null, '6516', '24', '1', null, null);
INSERT INTO `transactions` VALUES ('15', 'CASH', '2015-08-26 23:13:00', '2015-08-26 23:13:00', '54', '0', '54', 'CREDIT', 'CASH', '', '', null, null, null, null, null, null, null, null, null, null, '0', '0', '0', '', null, '6516', '23', '1', null, null);
INSERT INTO `transactions` VALUES ('16', 'CASH', '2015-08-26 23:17:11', '2015-08-26 23:17:11', '54', '0', '54', 'CREDIT', 'CASH', '', '', null, null, null, null, null, null, null, null, null, null, '0', '0', '0', '', null, '6516', '20', '1', null, null);
INSERT INTO `transactions` VALUES ('17', 'CASH', '2015-08-26 23:18:17', '2015-08-26 23:18:17', '54', '0', '54', 'CREDIT', 'CASH', '', '', null, null, null, null, null, null, null, null, null, null, '0', '0', '0', '', null, '6516', '25', '1', null, null);
INSERT INTO `transactions` VALUES ('18', 'CASH', '2015-08-26 23:20:53', '2015-08-26 23:20:53', '54', '0', '54', 'CREDIT', 'CASH', '', '', null, null, null, null, null, null, null, null, null, null, '0', '0', '0', '', null, '6516', '26', '1', null, null);
INSERT INTO `transactions` VALUES ('19', 'CASH', '2015-08-26 23:23:19', '2015-08-26 23:23:19', '54', '0', '80', 'CREDIT', 'CASH', '', '', null, null, null, null, null, null, null, null, null, null, '0', '0', '0', '', null, '6516', '27', '1', null, null);
INSERT INTO `transactions` VALUES ('20', 'CASH', '2015-08-26 23:27:31', '2015-08-26 23:27:31', '54', '0', '54', 'CREDIT', 'CASH', '', '', null, null, null, null, null, null, null, null, null, null, '0', '0', '0', '', null, '6516', '28', '1', null, null);
INSERT INTO `transactions` VALUES ('21', 'CASH', '2015-08-26 23:34:00', '2015-08-26 23:34:00', '54', '0', '80', 'CREDIT', 'CASH', '', '', null, null, null, null, null, null, null, null, null, null, '0', '0', '0', '', null, '6516', '29', '1', null, null);
INSERT INTO `transactions` VALUES ('22', 'CASH', '2015-08-26 23:40:29', '2015-08-26 23:40:29', '54', '0', '80', 'CREDIT', 'CASH', '', '', null, null, null, null, null, null, null, null, null, null, '0', '0', '0', '', null, '6516', '30', '1', null, null);
INSERT INTO `transactions` VALUES ('23', 'CASH', '2015-08-26 23:43:20', '2015-08-26 23:43:20', '54', '0', '80', 'CREDIT', 'CASH', '', '', null, null, null, null, null, null, null, null, null, null, '0', '0', '0', '', null, '6516', '31', '1', null, null);
INSERT INTO `transactions` VALUES ('24', 'CASH', '2015-08-26 23:46:41', '2015-08-26 23:46:41', '54', '0', '54', 'CREDIT', 'CASH', '', '', null, null, null, null, null, null, null, null, null, null, '0', '0', '0', '', null, '6516', '32', '1', null, null);
INSERT INTO `transactions` VALUES ('25', 'CASH', '2015-08-27 00:28:32', '2015-08-27 00:28:32', '86', '0', '100', 'CREDIT', 'CASH', '', '', null, null, null, null, null, null, null, null, null, null, '0', '0', '0', '', null, '6516', '35', '2', null, null);
INSERT INTO `transactions` VALUES ('26', 'CASH', '2015-08-30 00:20:09', '2015-08-29 11:15:00', '54', '0', '54', 'CREDIT', 'CASH', '', '', null, null, null, null, null, null, null, null, null, null, '0', '0', '0', '', null, '6516', '34', '1', null, null);
INSERT INTO `transactions` VALUES ('27', 'REFUND', '2015-08-30 00:20:09', '2015-08-29 11:30:12', '30', '0', '0', 'DEBIT', 'CASH', '', '', null, null, null, null, null, null, null, null, null, null, '0', '0', '0', '', null, '6516', '34', '1', null, null);
INSERT INTO `transactions` VALUES ('28', 'PAY_OUT', '2015-08-29 13:52:37', '2015-08-29 13:52:37', '0', '0', '0', 'DEBIT', 'CASH', '', '', null, null, null, null, null, null, null, null, null, null, '0', '0', '0', '', '', '6516', null, '1', null, '1');
INSERT INTO `transactions` VALUES ('29', 'PAY_OUT', '2015-08-29 13:52:43', '2015-08-29 13:52:43', '1', '0', '0', 'DEBIT', 'CASH', '', '', null, null, null, null, null, null, null, null, null, null, '0', '0', '0', '', '', '6516', null, '1', null, '2');
INSERT INTO `transactions` VALUES ('30', 'CASH', '2015-08-29 14:51:22', '2015-08-29 14:50:52', '54', '0', '54', 'CREDIT', 'CASH', '', '', null, null, null, null, null, null, null, null, null, null, '0', '0', '0', '', null, '6516', '37', '1', null, null);
INSERT INTO `transactions` VALUES ('31', 'REFUND', '2015-08-29 14:51:22', '2015-08-29 14:51:22', '40', '0', '0', 'DEBIT', 'CASH', '', '', null, null, null, null, null, null, null, null, null, null, '0', '0', '0', '', null, '6516', '37', '1', null, null);
INSERT INTO `transactions` VALUES ('32', 'CASH', '2015-08-29 14:57:24', '2015-08-29 14:55:50', '54', '0', '54', 'CREDIT', 'CASH', '', '', null, null, null, null, null, null, null, null, null, null, '0', '0', '0', '', null, '6516', '38', '1', null, null);
INSERT INTO `transactions` VALUES ('33', 'REFUND', '2015-08-29 14:57:24', '2015-08-29 14:57:24', '40', '0', '0', 'DEBIT', 'CASH', '', '', null, null, null, null, null, null, null, null, null, null, '0', '0', '0', '', null, '6516', '38', '1', null, null);
INSERT INTO `transactions` VALUES ('34', 'CASH', '2015-08-29 15:00:14', '2015-08-29 14:59:42', '108', '0', '108', 'CREDIT', 'CASH', '', '', null, null, null, null, null, null, null, null, null, null, '0', '0', '0', '', null, '6516', '39', '1', null, null);
INSERT INTO `transactions` VALUES ('35', 'REFUND', '2015-08-29 15:00:14', '2015-08-29 15:00:14', '54', '0', '0', 'DEBIT', 'CASH', '', '', null, null, null, null, null, null, null, null, null, null, '0', '0', '0', '', null, '6516', '39', '1', null, null);
INSERT INTO `transactions` VALUES ('36', 'CASH', '2015-08-29 15:00:54', '2015-08-29 15:00:54', '108', '0', '108', 'CREDIT', 'CASH', '', '', null, null, null, null, null, null, null, null, null, null, '0', '0', '0', '', null, '6516', '40', '1', null, null);
INSERT INTO `transactions` VALUES ('37', 'PAY_OUT', '2015-08-29 15:05:46', '2015-08-29 15:05:46', '8', '0', '0', 'DEBIT', 'CASH', '', '', null, null, null, null, null, null, null, null, null, null, '0', '0', '0', '', '', '6516', null, '1', null, '2');
INSERT INTO `transactions` VALUES ('38', 'CASH', '2015-08-30 00:07:37', '2015-08-30 00:07:37', '4', '0', '4', 'CREDIT', 'CASH', '', '', null, null, null, null, null, null, null, null, null, null, '0', '0', '0', '', null, '6516', '42', '1', null, null);
INSERT INTO `transactions` VALUES ('39', 'VOID_TRANS', '2015-08-30 00:20:09', '2015-08-30 00:20:09', '54', '0', '0', 'DEBIT', 'CASH', '', '', null, null, null, null, null, null, null, null, null, null, '0', '0', '0', '', null, '6516', '34', null, null, null);

-- ----------------------------
-- Table structure for `transactions_properties`
-- ----------------------------
DROP TABLE IF EXISTS `transactions_properties`;
CREATE TABLE `transactions_properties` (
  `id` int(11) NOT NULL,
  `property_value` varchar(255) DEFAULT NULL,
  `property_name` varchar(255) NOT NULL,
  PRIMARY KEY (`id`,`property_name`),
  KEY `FK740EBA5D8E8203BC` (`id`),
  CONSTRAINT `FK740EBA5D8E8203BC` FOREIGN KEY (`id`) REFERENCES `transactions` (`ID`)
) ENGINE=InnoDB DEFAULT CHARSET=utf8;

-- ----------------------------
-- Records of transactions_properties
-- ----------------------------

-- ----------------------------
-- Table structure for `users`
-- ----------------------------
DROP TABLE IF EXISTS `users`;
CREATE TABLE `users` (
  `AUTO_ID` int(11) NOT NULL AUTO_INCREMENT,
  `MODIFIED_TIME` datetime NOT NULL,
  `USER_ID` varchar(16) NOT NULL,
  `USER_PASS` varchar(16) NOT NULL,
  `FIRST_NAME` varchar(30) DEFAULT NULL,
  `LAST_NAME` varchar(30) DEFAULT NULL,
  `SSN` varchar(30) DEFAULT NULL,
  `COST_PER_HOUR` double DEFAULT NULL,
  `CLOCKED_IN` bit(1) DEFAULT NULL,
  `LAST_CLOCK_IN_TIME` datetime DEFAULT NULL,
  `PHONE_NO` varchar(20) DEFAULT NULL,
  `IS_DRIVER` bit(1) DEFAULT NULL,
  `AVAILABLE_FOR_DELIVERY` bit(1) DEFAULT NULL,
  `SHIFT_ID` int(11) DEFAULT NULL,
  `currentTerminal` int(11) DEFAULT NULL,
  `N_USER_TYPE` int(11) DEFAULT NULL,
  PRIMARY KEY (`AUTO_ID`),
  UNIQUE KEY `USER_PASS` (`USER_PASS`),
  UNIQUE KEY `USER_ID` (`USER_ID`),
  KEY `FK4D495E87660A5E3` (`SHIFT_ID`),
  KEY `FK4D495E8D9409968` (`currentTerminal`),
  KEY `FK4D495E8897B1E39` (`N_USER_TYPE`),
  CONSTRAINT `FK4D495E87660A5E3` FOREIGN KEY (`SHIFT_ID`) REFERENCES `shift` (`ID`),
  CONSTRAINT `FK4D495E8897B1E39` FOREIGN KEY (`N_USER_TYPE`) REFERENCES `user_type` (`ID`),
  CONSTRAINT `FK4D495E8D9409968` FOREIGN KEY (`currentTerminal`) REFERENCES `terminal` (`ID`)
) ENGINE=InnoDB AUTO_INCREMENT=3 DEFAULT CHARSET=utf8;

-- ----------------------------
-- Records of users
-- ----------------------------
INSERT INTO `users` VALUES ('1', '2015-08-31 00:02:16', '123', '1111', '瑞翔', '姜', '123', '0', '', '2015-08-31 00:02:16', '', '', '', '1', '6516', '1');
INSERT INTO `users` VALUES ('2', '2015-08-27 00:01:54', '124', '2222', '明', '张', '', '1', '', '2015-08-27 00:01:54', '', '', '', '1', '6516', '1');

-- ----------------------------
-- Table structure for `user_permission`
-- ----------------------------
DROP TABLE IF EXISTS `user_permission`;
CREATE TABLE `user_permission` (
  `NAME` varchar(40) NOT NULL,
  PRIMARY KEY (`NAME`)
) ENGINE=InnoDB DEFAULT CHARSET=utf8;

-- ----------------------------
-- Records of user_permission
-- ----------------------------
INSERT INTO `user_permission` VALUES ('Add Discount');
INSERT INTO `user_permission` VALUES ('Authorize Tickets');
INSERT INTO `user_permission` VALUES ('Create New Ticket');
INSERT INTO `user_permission` VALUES ('Edit Ticket');
INSERT INTO `user_permission` VALUES ('Pay Out');
INSERT INTO `user_permission` VALUES ('Perform Administrative Task');
INSERT INTO `user_permission` VALUES ('Perform Manager Task');
INSERT INTO `user_permission` VALUES ('Refund');
INSERT INTO `user_permission` VALUES ('Reopen Ticket');
INSERT INTO `user_permission` VALUES ('Settle Ticket');
INSERT INTO `user_permission` VALUES ('Shut Down');
INSERT INTO `user_permission` VALUES ('Split Ticket');
INSERT INTO `user_permission` VALUES ('Take Out');
INSERT INTO `user_permission` VALUES ('View All Open Ticket');
INSERT INTO `user_permission` VALUES ('View Back Office');
INSERT INTO `user_permission` VALUES ('View Explorers');
INSERT INTO `user_permission` VALUES ('View Reports');
INSERT INTO `user_permission` VALUES ('Void Ticket');

-- ----------------------------
-- Table structure for `user_type`
-- ----------------------------
DROP TABLE IF EXISTS `user_type`;
CREATE TABLE `user_type` (
  `ID` int(11) NOT NULL AUTO_INCREMENT,
  `P_NAME` varchar(60) DEFAULT NULL,
  PRIMARY KEY (`ID`)
) ENGINE=InnoDB AUTO_INCREMENT=2 DEFAULT CHARSET=utf8;

-- ----------------------------
-- Records of user_type
-- ----------------------------
INSERT INTO `user_type` VALUES ('1', 'Administrator');

-- ----------------------------
-- Table structure for `user_user_permission`
-- ----------------------------
DROP TABLE IF EXISTS `user_user_permission`;
CREATE TABLE `user_user_permission` (
  `permissionId` int(11) NOT NULL,
  `elt` varchar(40) NOT NULL,
  PRIMARY KEY (`permissionId`,`elt`),
  KEY `FK2DBEAA4F283ECC6` (`permissionId`),
  KEY `FK2DBEAA4F8F23F5E` (`elt`),
  CONSTRAINT `FK2DBEAA4F283ECC6` FOREIGN KEY (`permissionId`) REFERENCES `user_type` (`ID`),
  CONSTRAINT `FK2DBEAA4F8F23F5E` FOREIGN KEY (`elt`) REFERENCES `user_permission` (`NAME`)
) ENGINE=InnoDB DEFAULT CHARSET=utf8;

-- ----------------------------
-- Records of user_user_permission
-- ----------------------------
INSERT INTO `user_user_permission` VALUES ('1', 'Add Discount');
INSERT INTO `user_user_permission` VALUES ('1', 'Authorize Tickets');
INSERT INTO `user_user_permission` VALUES ('1', 'Create New Ticket');
INSERT INTO `user_user_permission` VALUES ('1', 'Edit Ticket');
INSERT INTO `user_user_permission` VALUES ('1', 'Pay Out');
INSERT INTO `user_user_permission` VALUES ('1', 'Perform Administrative Task');
INSERT INTO `user_user_permission` VALUES ('1', 'Perform Manager Task');
INSERT INTO `user_user_permission` VALUES ('1', 'Refund');
INSERT INTO `user_user_permission` VALUES ('1', 'Reopen Ticket');
INSERT INTO `user_user_permission` VALUES ('1', 'Settle Ticket');
INSERT INTO `user_user_permission` VALUES ('1', 'Shut Down');
INSERT INTO `user_user_permission` VALUES ('1', 'Split Ticket');
INSERT INTO `user_user_permission` VALUES ('1', 'Take Out');
INSERT INTO `user_user_permission` VALUES ('1', 'View All Open Ticket');
INSERT INTO `user_user_permission` VALUES ('1', 'View Back Office');
INSERT INTO `user_user_permission` VALUES ('1', 'View Explorers');
INSERT INTO `user_user_permission` VALUES ('1', 'View Reports');
INSERT INTO `user_user_permission` VALUES ('1', 'Void Ticket');

-- ----------------------------
-- Table structure for `virtual_printer`
-- ----------------------------
DROP TABLE IF EXISTS `virtual_printer`;
CREATE TABLE `virtual_printer` (
  `ID` int(11) NOT NULL AUTO_INCREMENT,
  `NAME` varchar(60) NOT NULL,
  PRIMARY KEY (`ID`),
  UNIQUE KEY `NAME` (`NAME`)
) ENGINE=InnoDB AUTO_INCREMENT=3 DEFAULT CHARSET=utf8;

-- ----------------------------
-- Records of virtual_printer
-- ----------------------------
INSERT INTO `virtual_printer` VALUES ('1', 'Kitchen');
INSERT INTO `virtual_printer` VALUES ('2', 'Test');

-- ----------------------------
-- Table structure for `void_reasons`
-- ----------------------------
DROP TABLE IF EXISTS `void_reasons`;
CREATE TABLE `void_reasons` (
  `ID` int(11) NOT NULL AUTO_INCREMENT,
  `REASON_TEXT` varchar(255) DEFAULT NULL,
  PRIMARY KEY (`ID`)
) ENGINE=InnoDB DEFAULT CHARSET=utf8;

-- ----------------------------
-- Records of void_reasons
-- ----------------------------

-- ----------------------------
-- Table structure for `zip_code_vs_delivery_charge`
-- ----------------------------
DROP TABLE IF EXISTS `zip_code_vs_delivery_charge`;
CREATE TABLE `zip_code_vs_delivery_charge` (
  `AUTO_ID` int(11) NOT NULL AUTO_INCREMENT,
  `MODIFIED_TIME` datetime NOT NULL,
  `ZIP_CODE` varchar(10) NOT NULL,
  `DELIVERY_CHARGE` double NOT NULL,
  PRIMARY KEY (`AUTO_ID`)
) ENGINE=InnoDB DEFAULT CHARSET=utf8;

-- ----------------------------
-- Records of zip_code_vs_delivery_charge
-- ----------------------------
